{"type": "FeatureCollection", "properties": {"label_method": "cofounder_green_to_brown_temporal_heuristic", "label_provenance": "Weak label derived from the co-founder's Google Earth field observation (Delhi->Chandigarh drive, 2026-05-09, large sunflower areas in full bloom near Kurukshetra-Karnal) and her resulting Sentinel-2 temporal hypothesis (April green -> May flowering-period green -> June harvested/brown/ploughed). NOT independently confirmed sunflower ground truth. NOT derived from or cross-checked against AMED crop labels."}, "features": [{"type": "Feature", "id": "7JXRVQCG+JVGR", "geometry": {"type": "MultiPolygon", "coordinates": [[[[76.77752579999999, 29.871308499999994], [76.7775249, 29.8718409], [76.7771525, 29.871854900000002], [76.77688289999999, 29.871831500000003], [76.77684479999999, 29.871434999999998], [76.7768529, 29.871308499999994], [76.77752579999999, 29.871308499999994]]]]}, "properties": {"field_id": "7JXRVQCG+JVGR", "centroid_lat": 29.871555, "centroid_lon": 76.777187, "area_sqm": 3828.7059, "source_cell": "390e3e34", "ndvi_apr": 0.1534280924806519, "ndvi_may": 0.13166769629433042, "ndvi_june": 0.09324092453434354, "ndvi_apr_june_change": 0.06018716794630835, "ndre_apr": 0.08328579280466314, "ndre_may": 0.08860072463396049, "ndre_june": 0.05042209504782001, "ndwi_apr": -0.12359143834975032, "ndwi_may": -0.1371401954974447, "ndwi_june": -0.08927643374218383, "ndyi_apr": 0.17032488116196223, "ndyi_may": 0.15920611882493613, "ndyi_june": 0.11503770911977404, "valid_pixel_fraction": 0.917, "baseline_rule_pass": false, "sunflower_candidate_score": 0.3211, "candidate_tier": "D", "training_label": "NON_SUNFLOWER_TEMPORAL_NEGATIVE", "label_method": "cofounder_green_to_brown_temporal_heuristic", "label_provenance": "Weak label derived from the co-founder's Google Earth field observation (Delhi->Chandigarh drive, 2026-05-09, large sunflower areas in full bloom near Kurukshetra-Karnal) and her resulting Sentinel-2 temporal hypothesis (April green -> May flowering-period green -> June harvested/brown/ploughed). NOT independently confirmed sunflower ground truth. NOT derived from or cross-checked against AMED crop labels.", "real_pu_spent": 0.6933333539962768}}, {"type": "Feature", "id": "7JXRVRM6+9H6R", "geometry": {"type": "MultiPolygon", "coordinates": [[[[76.81171160000001, 29.882879600000003], [76.81174109999999, 29.8833664], [76.8117414, 29.8839528], [76.8110272, 29.883962600000004], [76.8110078, 29.8828892], [76.81171160000001, 29.882879600000003]]]]}, "properties": {"field_id": "7JXRVRM6+9H6R", "centroid_lat": 29.883322, "centroid_lon": 76.81149, "area_sqm": 8253.3926, "source_cell": "390e3fec", "ndvi_apr": 0.1409514191604796, "ndvi_may": 0.09957361263888223, "ndvi_june": 0.0693254813938568, "ndvi_apr_june_change": 0.0716259377666228, "ndre_apr": 0.07110505981282109, "ndre_may": 0.053367185710175416, "ndre_june": 0.021110704426800592, "ndwi_apr": -0.11150353189025604, "ndwi_may": -0.14508033978442353, "ndwi_june": -0.13678019874108335, "ndyi_apr": 0.16506534309259482, "ndyi_may": 0.13501511365175248, "ndyi_june": 0.0694751300962664, "valid_pixel_fraction": 0.917, "baseline_rule_pass": false, "sunflower_candidate_score": 0.3351, "candidate_tier": "D", "training_label": "NON_SUNFLOWER_TEMPORAL_NEGATIVE", "label_method": "cofounder_green_to_brown_temporal_heuristic", "label_provenance": "Weak label derived from the co-founder's Google Earth field observation (Delhi->Chandigarh drive, 2026-05-09, large sunflower areas in full bloom near Kurukshetra-Karnal) and her resulting Sentinel-2 temporal hypothesis (April green -> May flowering-period green -> June harvested/brown/ploughed). NOT independently confirmed sunflower ground truth. NOT derived from or cross-checked against AMED crop labels.", "real_pu_spent": 0.6933333539962768}}, {"type": "Feature", "id": "7JXRVVHW+GCCC", "geometry": {"type": "MultiPolygon", "coordinates": [[[[76.8963618, 29.879082399999998], [76.895658, 29.87909249999999], [76.8956374, 29.878551499999997], [76.89634110000001, 29.8785324], [76.8963618, 29.879082399999998]]]]}, "properties": {"field_id": "7JXRVVHW+GCCC", "centroid_lat": 29.878868, "centroid_lon": 76.896072, "area_sqm": 4119.1439, "source_cell": "390e41e4", "ndvi_apr": 0.14999985369661498, "ndvi_may": 0.10834545684712274, "ndvi_june": 0.07380440600571177, "ndvi_apr_june_change": 0.07619544769090321, "ndre_apr": 0.07437244048785595, "ndre_may": 0.05505295354107927, "ndre_june": 0.03093186745213138, "ndwi_apr": -0.12178838004668552, "ndwi_may": -0.16514585472288584, "ndwi_june": -0.13598585542705327, "ndyi_apr": 0.16446107939358742, "ndyi_may": 0.16152666814270472, "ndyi_june": 0.10633584833334364, "valid_pixel_fraction": 0.833, "baseline_rule_pass": false, "sunflower_candidate_score": 0.33, "candidate_tier": "D", "training_label": "NON_SUNFLOWER_TEMPORAL_NEGATIVE", "label_method": "cofounder_green_to_brown_temporal_heuristic", "label_provenance": "Weak label derived from the co-founder's Google Earth field observation (Delhi->Chandigarh drive, 2026-05-09, large sunflower areas in full bloom near Kurukshetra-Karnal) and her resulting Sentinel-2 temporal hypothesis (April green -> May flowering-period green -> June harvested/brown/ploughed). NOT independently confirmed sunflower ground truth. NOT derived from or cross-checked against AMED crop labels.", "real_pu_spent": 0.6933333539962768}}, {"type": "Feature", "id": "7JXRVVM2+5W8F", "geometry": {"type": "MultiPolygon", "coordinates": [[[[76.85262949999999, 29.882365399999998], [76.85265849999999, 29.882816100000007], [76.8526495, 29.8834478], [76.85200789999999, 29.8834658], [76.8519774, 29.88237459999999], [76.85262949999999, 29.882365399999998]]]]}, "properties": {"field_id": "7JXRVVM2+5W8F", "centroid_lat": 29.882806, "centroid_lon": 76.852425, "area_sqm": 7660.4183, "source_cell": "390e403c", "ndvi_apr": 0.1585852972098759, "ndvi_may": 0.1039389405931745, "ndvi_june": 0.06777950887120023, "ndvi_apr_june_change": 0.09080578833867568, "ndre_apr": 0.08064415235634124, "ndre_may": 0.049329064295549556, "ndre_june": 0.023667933880031463, "ndwi_apr": -0.14001302580748287, "ndwi_may": -0.18121939752073515, "ndwi_june": -0.1322399410676187, "ndyi_apr": 0.17599714476437792, "ndyi_may": 0.18656515026731152, "ndyi_june": 0.09643744987947664, "valid_pixel_fraction": 0.917, "baseline_rule_pass": false, "sunflower_candidate_score": 0.3519, "candidate_tier": "D", "training_label": "NON_SUNFLOWER_TEMPORAL_NEGATIVE", "label_method": "cofounder_green_to_brown_temporal_heuristic", "label_provenance": "Weak label derived from the co-founder's Google Earth field observation (Delhi->Chandigarh drive, 2026-05-09, large sunflower areas in full bloom near Kurukshetra-Karnal) and her resulting Sentinel-2 temporal hypothesis (April green -> May flowering-period green -> June harvested/brown/ploughed). NOT independently confirmed sunflower ground truth. NOT derived from or cross-checked against AMED crop labels.", "real_pu_spent": 0.6933333539962768}}, {"type": "Feature", "id": "7JXRVWMV+97Q5", "geometry": {"type": "MultiPolygon", "coordinates": [[[[76.9435872, 29.8831318], [76.94361099999999, 29.8832938], [76.94362, 29.883753799999994], [76.9428954, 29.883764499999998], [76.94288329999999, 29.8836744], [76.9428937, 29.883142], [76.9435872, 29.8831318]]]]}, "properties": {"field_id": "7JXRVWMV+97Q5", "centroid_lat": 29.883413, "centroid_lon": 76.943297, "area_sqm": 4822.2312, "source_cell": "390e4274", "ndvi_apr": 0.14789912690009388, "ndvi_may": 0.10580016617872282, "ndvi_june": 0.07471310984039184, "ndvi_apr_june_change": 0.07318601705970204, "ndre_apr": 0.07937854414387627, "ndre_may": 0.054916967774684335, "ndre_june": 0.030441270600671748, "ndwi_apr": -0.11043812397259231, "ndwi_may": -0.1391888501388686, "ndwi_june": -0.10341796227635777, "ndyi_apr": 0.1562619254145087, "ndyi_may": 0.15551205745765143, "ndyi_june": 0.10807400231002548, "valid_pixel_fraction": 1.0, "baseline_rule_pass": false, "sunflower_candidate_score": 0.3434, "candidate_tier": "D", "training_label": "NON_SUNFLOWER_TEMPORAL_NEGATIVE", "label_method": "cofounder_green_to_brown_temporal_heuristic", "label_provenance": "Weak label derived from the co-founder's Google Earth field observation (Delhi->Chandigarh drive, 2026-05-09, large sunflower areas in full bloom near Kurukshetra-Karnal) and her resulting Sentinel-2 temporal hypothesis (April green -> May flowering-period green -> June harvested/brown/ploughed). NOT independently confirmed sunflower ground truth. NOT derived from or cross-checked against AMED crop labels.", "real_pu_spent": 0.6933333539962768}}, {"type": "Feature", "id": "7JXRVXCP+2C5C", "geometry": {"type": "MultiPolygon", "coordinates": [[[[76.9864322, 29.8697454], [76.9864324, 29.8702777], [76.9857595, 29.8702788], [76.9857593, 29.869746499999994], [76.9864322, 29.8697454]]]]}, "properties": {"field_id": "7JXRVXCP+2C5C", "centroid_lat": 29.869959, "centroid_lon": 76.986163, "area_sqm": 3840.0266, "source_cell": "390e6824", "ndvi_apr": 0.14612301661529473, "ndvi_may": 0.11734267349044483, "ndvi_june": 0.06498930020380714, "ndvi_apr_june_change": 0.08113371641148759, "ndre_apr": 0.10024760360506156, "ndre_may": 0.08516980307952811, "ndre_june": -0.011080749282781546, "ndwi_apr": -0.12757022144715946, "ndwi_may": -0.13149220226849948, "ndwi_june": 0.13561136989543834, "ndyi_apr": 0.16119055279220146, "ndyi_may": 0.14594366807076664, "ndyi_june": 0.14188266173005104, "valid_pixel_fraction": 0.833, "baseline_rule_pass": false, "sunflower_candidate_score": 0.3399, "candidate_tier": "D", "training_label": "NON_SUNFLOWER_TEMPORAL_NEGATIVE", "label_method": "cofounder_green_to_brown_temporal_heuristic", "label_provenance": "Weak label derived from the co-founder's Google Earth field observation (Delhi->Chandigarh drive, 2026-05-09, large sunflower areas in full bloom near Kurukshetra-Karnal) and her resulting Sentinel-2 temporal hypothesis (April green -> May flowering-period green -> June harvested/brown/ploughed). NOT independently confirmed sunflower ground truth. NOT derived from or cross-checked against AMED crop labels.", "real_pu_spent": 0.6933333539962768}}, {"type": "Feature", "id": "7JXRWQHC+GVM6", "geometry": {"type": "MultiPolygon", "coordinates": [[[[76.772793, 29.928521099999998], [76.77282459999999, 29.929134200000004], [76.77151959999999, 29.929142699999996], [76.7714986, 29.9285385], [76.772793, 29.928521099999998]]]]}, "properties": {"field_id": "7JXRWQHC+GVM6", "centroid_lat": 29.928772, "centroid_lon": 76.772286, "area_sqm": 8480.8675, "source_cell": "390e3edc", "ndvi_apr": 0.18832570726509057, "ndvi_may": 0.11459237084120182, "ndvi_june": 0.09348066343547225, "ndvi_apr_june_change": 0.09484504382961832, "ndre_apr": 0.10691021413341052, "ndre_may": 0.05583841211026904, "ndre_june": 0.047341845093767036, "ndwi_apr": -0.12533233090962245, "ndwi_may": -0.10317730662760909, "ndwi_june": -0.14851234831775612, "ndyi_apr": 0.18894638129315533, "ndyi_may": 0.18391727747825476, "ndyi_june": 0.12838853641853232, "valid_pixel_fraction": 0.75, "baseline_rule_pass": false, "sunflower_candidate_score": 0.3284, "candidate_tier": "D", "training_label": "NON_SUNFLOWER_TEMPORAL_NEGATIVE", "label_method": "cofounder_green_to_brown_temporal_heuristic", "label_provenance": "Weak label derived from the co-founder's Google Earth field observation (Delhi->Chandigarh drive, 2026-05-09, large sunflower areas in full bloom near Kurukshetra-Karnal) and her resulting Sentinel-2 temporal hypothesis (April green -> May flowering-period green -> June harvested/brown/ploughed). NOT independently confirmed sunflower ground truth. NOT derived from or cross-checked against AMED crop labels.", "real_pu_spent": 0.6933333539962768}}, {"type": "Feature", "id": "7JXRWRP3+J6FJ", "geometry": {"type": "MultiPolygon", "coordinates": [[[[76.8035517, 29.936819399999997], [76.803034, 29.936835499999994], [76.80250550000001, 29.9368247], [76.8024964, 29.9363196], [76.8027347, 29.936325399999998], [76.8031278, 29.936292899999994], [76.8035524, 29.9362871], [76.8035517, 29.936819399999997]]]]}, "properties": {"field_id": "7JXRWRP3+J6FJ", "centroid_lat": 29.936565, "centroid_lon": 76.803069, "area_sqm": 5906.0616, "source_cell": "390e3f44", "ndvi_apr": 0.1593463061584367, "ndvi_may": 0.10276041465500992, "ndvi_june": 0.08852485058208306, "ndvi_apr_june_change": 0.07082145557635364, "ndre_apr": 0.08758486565202474, "ndre_may": 0.05755820954296116, "ndre_june": 0.04199586485822996, "ndwi_apr": -0.08747019864062572, "ndwi_may": -0.13192087809244793, "ndwi_june": -0.1391675164923072, "ndyi_apr": 0.1741595947080188, "ndyi_may": 0.15443524919450285, "ndyi_june": 0.14158015530556442, "valid_pixel_fraction": 0.75, "baseline_rule_pass": false, "sunflower_candidate_score": 0.3094, "candidate_tier": "D", "training_label": "NON_SUNFLOWER_TEMPORAL_NEGATIVE", "label_method": "cofounder_green_to_brown_temporal_heuristic", "label_provenance": "Weak label derived from the co-founder's Google Earth field observation (Delhi->Chandigarh drive, 2026-05-09, large sunflower areas in full bloom near Kurukshetra-Karnal) and her resulting Sentinel-2 temporal hypothesis (April green -> May flowering-period green -> June harvested/brown/ploughed). NOT independently confirmed sunflower ground truth. NOT derived from or cross-checked against AMED crop labels.", "real_pu_spent": 0.6933333539962768}}, {"type": "Feature", "id": "7JXRWRRX+PVWG", "geometry": {"type": "MultiPolygon", "coordinates": [[[[76.84995599999999, 29.941057199999996], [76.84998750000001, 29.942202599999998], [76.8500136, 29.942490999999997], [76.8500061, 29.9426445], [76.8494364, 29.9426525], [76.8494174, 29.9410648], [76.84995599999999, 29.941057199999996]]]]}, "properties": {"field_id": "7JXRWRRX+PVWG", "centroid_lat": 29.941881, "centroid_lon": 76.849825, "area_sqm": 9420.8848, "source_cell": "390e40c4", "ndvi_apr": 0.628985256968457, "ndvi_may": 0.5908855043075703, "ndvi_june": 0.12725175806769615, "ndvi_apr_june_change": 0.5017334989007608, "ndre_apr": 0.4031252085150759, "ndre_may": 0.3399747881348486, "ndre_june": 0.06914692117317356, "ndwi_apr": 0.2222579053838818, "ndwi_may": 0.16742505448292594, "ndwi_june": -0.07991779878854828, "ndyi_apr": 0.33176525134915186, "ndyi_may": 0.3594379248685957, "ndyi_june": 0.13115772549752833, "valid_pixel_fraction": 0.833, "baseline_rule_pass": true, "sunflower_candidate_score": 0.7364, "candidate_tier": "A", "training_label": "SUNFLOWER_WEAK_POSITIVE_HIGH", "label_method": "cofounder_green_to_brown_temporal_heuristic", "label_provenance": "Weak label derived from the co-founder's Google Earth field observation (Delhi->Chandigarh drive, 2026-05-09, large sunflower areas in full bloom near Kurukshetra-Karnal) and her resulting Sentinel-2 temporal hypothesis (April green -> May flowering-period green -> June harvested/brown/ploughed). NOT independently confirmed sunflower ground truth. NOT derived from or cross-checked against AMED crop labels.", "real_pu_spent": 0.6933333539962768}}, {"type": "Feature", "id": "7JXRWVPW+9Q5M", "geometry": {"type": "MultiPolygon", "coordinates": [[[[76.8969772, 29.935597899999994], [76.89722600000002, 29.9356033], [76.89724729999999, 29.936180399999998], [76.89672929999999, 29.936178899999998], [76.8967187, 29.9356196], [76.8969772, 29.935597899999994]]]]}, "properties": {"field_id": "7JXRWVPW+9Q5M", "centroid_lat": 29.935796, "centroid_lon": 76.896979, "area_sqm": 3158.5248, "source_cell": "390e416c", "ndvi_apr": 0.15133563739558062, "ndvi_may": 0.1079133581618468, "ndvi_june": 0.07361671634846265, "ndvi_apr_june_change": 0.07771892104711797, "ndre_apr": 0.08947194971454639, "ndre_may": 0.06186342454204957, "ndre_june": 0.029136458365246656, "ndwi_apr": -0.0640445043410485, "ndwi_may": -0.12692075168093045, "ndwi_june": -0.12217699777748849, "ndyi_apr": 0.18479540919264154, "ndyi_may": 0.14840733145674073, "ndyi_june": 0.11081619511047998, "valid_pixel_fraction": 0.917, "baseline_rule_pass": false, "sunflower_candidate_score": 0.3396, "candidate_tier": "D", "training_label": "NON_SUNFLOWER_TEMPORAL_NEGATIVE", "label_method": "cofounder_green_to_brown_temporal_heuristic", "label_provenance": "Weak label derived from the co-founder's Google Earth field observation (Delhi->Chandigarh drive, 2026-05-09, large sunflower areas in full bloom near Kurukshetra-Karnal) and her resulting Sentinel-2 temporal hypothesis (April green -> May flowering-period green -> June harvested/brown/ploughed). NOT independently confirmed sunflower ground truth. NOT derived from or cross-checked against AMED crop labels.", "real_pu_spent": 0.6933333539962768}}, {"type": "Feature", "id": "7JXRWWPV+H9P3", "geometry": {"type": "MultiPolygon", "coordinates": [[[[76.9437678, 29.936684299999992], [76.9431467, 29.936702499999996], [76.943129, 29.9363238], [76.94312699999999, 29.9362246], [76.9437482, 29.936206399999996], [76.9437678, 29.936684299999992]]]]}, "properties": {"field_id": "7JXRWWPV+H9P3", "centroid_lat": 29.936471, "centroid_lon": 76.943448, "area_sqm": 3189.9287, "source_cell": "390e43bc", "ndvi_apr": 0.7270207648475966, "ndvi_may": 0.7544639364878338, "ndvi_june": 0.5067217497362031, "ndvi_apr_june_change": 0.2202990151113935, "ndre_apr": 0.5644521430134773, "ndre_may": 0.5691354423761369, "ndre_june": 0.32842176937394674, "ndwi_apr": 0.25045212983774645, "ndwi_may": 0.27750216268002986, "ndwi_june": 0.17626092636750804, "ndyi_apr": 0.2512308170708517, "ndyi_may": 0.3470590704182784, "ndyi_june": 0.20561305930217103, "valid_pixel_fraction": 0.917, "baseline_rule_pass": false, "sunflower_candidate_score": 0.58, "candidate_tier": "C", "training_label": "UNCERTAIN", "label_method": "cofounder_green_to_brown_temporal_heuristic", "label_provenance": "Weak label derived from the co-founder's Google Earth field observation (Delhi->Chandigarh drive, 2026-05-09, large sunflower areas in full bloom near Kurukshetra-Karnal) and her resulting Sentinel-2 temporal hypothesis (April green -> May flowering-period green -> June harvested/brown/ploughed). NOT independently confirmed sunflower ground truth. NOT derived from or cross-checked against AMED crop labels.", "real_pu_spent": 0.6933333539962768}}, {"type": "Feature", "id": "7JXRWXJP+7946", "geometry": {"type": "MultiPolygon", "coordinates": [[[[76.9867587, 29.930548800000008], [76.98598170000001, 29.9305424], [76.98606509999999, 29.9305682], [76.9860721, 29.93092], [76.9860951, 29.931036900000002], [76.9860994, 29.9312534], [76.9854783, 29.931271799999998], [76.9854745, 29.931082399999998], [76.9854506, 29.9309203], [76.9854468, 29.930207699999997], [76.9867618, 29.9301878], [76.9867587, 29.930548800000008]]]]}, "properties": {"field_id": "7JXRWXJP+7946", "centroid_lat": 29.930757, "centroid_lon": 76.986037, "area_sqm": 9652.5151, "source_cell": "390e431c", "ndvi_apr": 0.3434595321700757, "ndvi_may": 0.30252482968348043, "ndvi_june": 0.1827140711452202, "ndvi_apr_june_change": 0.16074546102485548, "ndre_apr": 0.24575894399422318, "ndre_may": 0.21065054443768325, "ndre_june": 0.10461323777274306, "ndwi_apr": 0.0008642987676524328, "ndwi_may": -0.005982597368872823, "ndwi_june": 0.006489228310504171, "ndyi_apr": 0.2160624448778889, "ndyi_may": 0.1925921955503914, "ndyi_june": 0.12890325050870696, "valid_pixel_fraction": 1.0, "baseline_rule_pass": false, "sunflower_candidate_score": 0.4003, "candidate_tier": "C", "training_label": "UNCERTAIN", "label_method": "cofounder_green_to_brown_temporal_heuristic", "label_provenance": "Weak label derived from the co-founder's Google Earth field observation (Delhi->Chandigarh drive, 2026-05-09, large sunflower areas in full bloom near Kurukshetra-Karnal) and her resulting Sentinel-2 temporal hypothesis (April green -> May flowering-period green -> June harvested/brown/ploughed). NOT independently confirmed sunflower ground truth. NOT derived from or cross-checked against AMED crop labels.", "real_pu_spent": 0.6933333539962768}}, {"type": "Feature", "id": "7JXRXQPG+9P3H", "geometry": {"type": "MultiPolygon", "coordinates": [[[[76.7768847, 29.985605300000007], [76.7771752, 29.9856195], [76.7771803, 29.9859081], [76.77716410000001, 29.986160899999998], [76.7764596, 29.9861795], [76.7764392, 29.98561129999999], [76.7768847, 29.985605300000007]]]]}, "properties": {"field_id": "7JXRXQPG+9P3H", "centroid_lat": 29.985813, "centroid_lon": 76.776884, "area_sqm": 4354.7603, "source_cell": "390e3904", "ndvi_apr": 0.1365202913681666, "ndvi_may": 0.0904459585213945, "ndvi_june": 0.0772701372348127, "ndvi_apr_june_change": 0.0592501541333539, "ndre_apr": 0.0729193656690537, "ndre_may": 0.044937028423217784, "ndre_june": 0.030157438102400024, "ndwi_apr": -0.10579822981168353, "ndwi_may": -0.13840919002181007, "ndwi_june": -0.13574108173922886, "ndyi_apr": 0.16015395084543835, "ndyi_may": 0.12465371333417437, "ndyi_june": 0.10943258216693286, "valid_pixel_fraction": 0.833, "baseline_rule_pass": false, "sunflower_candidate_score": 0.3115, "candidate_tier": "D", "training_label": "NON_SUNFLOWER_TEMPORAL_NEGATIVE", "label_method": "cofounder_green_to_brown_temporal_heuristic", "label_provenance": "Weak label derived from the co-founder's Google Earth field observation (Delhi->Chandigarh drive, 2026-05-09, large sunflower areas in full bloom near Kurukshetra-Karnal) and her resulting Sentinel-2 temporal hypothesis (April green -> May flowering-period green -> June harvested/brown/ploughed). NOT independently confirmed sunflower ground truth. NOT derived from or cross-checked against AMED crop labels.", "real_pu_spent": 0.6933333539962768}}, {"type": "Feature", "id": "7JXRXRV4+2PG7", "geometry": {"type": "MultiPolygon", "coordinates": [[[[76.8066578, 29.9922827], [76.8068447, 29.9922981], [76.8071659, 29.992293700000005], [76.8071755, 29.9928259], [76.80649129999999, 29.9928173], [76.8064715, 29.9922942], [76.8066578, 29.9922827]]]]}, "properties": {"field_id": "7JXRXRV4+2PG7", "centroid_lat": 29.992442, "centroid_lon": 76.806781, "area_sqm": 3905.6166, "source_cell": "390e388c", "ndvi_apr": 0.1514829338661262, "ndvi_may": 0.09144498718281587, "ndvi_june": 0.07352572502124878, "ndvi_apr_june_change": 0.07795720884487743, "ndre_apr": 0.08275702608461004, "ndre_may": 0.04355472691601053, "ndre_june": 0.019658795520727936, "ndwi_apr": -0.06540289665904961, "ndwi_may": -0.15127136558294296, "ndwi_june": -0.14890785184171465, "ndyi_apr": 0.18246188218749707, "ndyi_may": 0.11405716494967538, "ndyi_june": 0.10284271064613548, "valid_pixel_fraction": 0.85, "baseline_rule_pass": false, "sunflower_candidate_score": 0.3299, "candidate_tier": "D", "training_label": "NON_SUNFLOWER_TEMPORAL_NEGATIVE", "label_method": "cofounder_green_to_brown_temporal_heuristic", "label_provenance": "Weak label derived from the co-founder's Google Earth field observation (Delhi->Chandigarh drive, 2026-05-09, large sunflower areas in full bloom near Kurukshetra-Karnal) and her resulting Sentinel-2 temporal hypothesis (April green -> May flowering-period green -> June harvested/brown/ploughed). NOT independently confirmed sunflower ground truth. NOT derived from or cross-checked against AMED crop labels.", "real_pu_spent": 0.6933333539962768}}, {"type": "Feature", "id": "7JXRXVMX+X39H", "geometry": {"type": "MultiPolygon", "coordinates": [[[[76.8980851, 29.9846354], [76.8981056, 29.98516740000001], [76.89739089999999, 29.985186799999997], [76.897391, 29.984645399999998], [76.8980851, 29.9846354]]]]}, "properties": {"field_id": "7JXRXVMX+X39H", "centroid_lat": 29.984854, "centroid_lon": 76.897812, "area_sqm": 4050.4806, "source_cell": "390e4694", "ndvi_apr": 0.17480484662311419, "ndvi_may": 0.1193205495675405, "ndvi_june": 0.09180391298991347, "ndvi_apr_june_change": 0.08300093363320071, "ndre_apr": 0.09083910357384453, "ndre_may": 0.06792368934977622, "ndre_june": 0.0356947128498827, "ndwi_apr": -0.09513851166481065, "ndwi_may": -0.14200263640710284, "ndwi_june": -0.09419376169523548, "ndyi_apr": 0.22191775164433888, "ndyi_may": 0.16793460434391383, "ndyi_june": 0.1176310816173634, "valid_pixel_fraction": 0.75, "baseline_rule_pass": false, "sunflower_candidate_score": 0.3207, "candidate_tier": "D", "training_label": "NON_SUNFLOWER_TEMPORAL_NEGATIVE", "label_method": "cofounder_green_to_brown_temporal_heuristic", "label_provenance": "Weak label derived from the co-founder's Google Earth field observation (Delhi->Chandigarh drive, 2026-05-09, large sunflower areas in full bloom near Kurukshetra-Karnal) and her resulting Sentinel-2 temporal hypothesis (April green -> May flowering-period green -> June harvested/brown/ploughed). NOT independently confirmed sunflower ground truth. NOT derived from or cross-checked against AMED crop labels.", "real_pu_spent": 0.6933333539962768}}, {"type": "Feature", "id": "7JXRXWVX+MFHQ", "geometry": {"type": "MultiPolygon", "coordinates": [[[[76.9490493, 29.9939322], [76.94904919999999, 29.994455499999994], [76.9485309, 29.994454199999996], [76.9484373, 29.9944375], [76.9484378, 29.993932299999997], [76.9490493, 29.9939322]]]]}, "properties": {"field_id": "7JXRXWVX+MFHQ", "centroid_lat": 29.994191, "centroid_lon": 76.948759, "area_sqm": 3414.1171, "source_cell": "390e4444", "ndvi_apr": 0.1462129078529499, "ndvi_may": 0.13605475342935988, "ndvi_june": 0.11008486262074224, "ndvi_apr_june_change": 0.03612804523220767, "ndre_apr": 0.07531786511471082, "ndre_may": 0.06829728493887362, "ndre_june": 0.0546576913928018, "ndwi_apr": -0.11260128319608392, "ndwi_may": -0.1140120020757119, "ndwi_june": -0.11975203466567176, "ndyi_apr": 0.1310125828280838, "ndyi_may": 0.17301833455761276, "ndyi_june": 0.12305265934103064, "valid_pixel_fraction": 0.833, "baseline_rule_pass": false, "sunflower_candidate_score": 0.2866, "candidate_tier": "D", "training_label": "NON_SUNFLOWER_TEMPORAL_NEGATIVE", "label_method": "cofounder_green_to_brown_temporal_heuristic", "label_provenance": "Weak label derived from the co-founder's Google Earth field observation (Delhi->Chandigarh drive, 2026-05-09, large sunflower areas in full bloom near Kurukshetra-Karnal) and her resulting Sentinel-2 temporal hypothesis (April green -> May flowering-period green -> June harvested/brown/ploughed). NOT independently confirmed sunflower ground truth. NOT derived from or cross-checked against AMED crop labels.", "real_pu_spent": 0.6933333539962768}}, {"type": "Feature", "id": "7JXRXXPJ+VF3F", "geometry": {"type": "MultiPolygon", "coordinates": [[[[76.9814957, 29.986888800000003], [76.9814948, 29.987367], [76.98128799999999, 29.987388199999998], [76.9808528, 29.987394699999996], [76.9808426, 29.986880599999996], [76.9814957, 29.986888800000003]]]]}, "properties": {"field_id": "7JXRXXPJ+VF3F", "centroid_lat": 29.987135, "centroid_lon": 76.981245, "area_sqm": 3483.0929, "source_cell": "390e4494", "ndvi_apr": 0.2768183776901828, "ndvi_may": 0.23907346288777065, "ndvi_june": 0.19485152181651857, "ndvi_apr_june_change": 0.08196685587366423, "ndre_apr": 0.15884390380233526, "ndre_may": 0.1356333050773376, "ndre_june": 0.09984871892784551, "ndwi_apr": -0.03657750110141933, "ndwi_may": -0.09517462029018338, "ndwi_june": -0.12444855003721184, "ndyi_apr": 0.24812630998591578, "ndyi_may": 0.14602947048842907, "ndyi_june": 0.13145158426077277, "valid_pixel_fraction": 0.683, "baseline_rule_pass": false, "sunflower_candidate_score": 0.288, "candidate_tier": "D", "training_label": "NON_SUNFLOWER_TEMPORAL_NEGATIVE", "label_method": "cofounder_green_to_brown_temporal_heuristic", "label_provenance": "Weak label derived from the co-founder's Google Earth field observation (Delhi->Chandigarh drive, 2026-05-09, large sunflower areas in full bloom near Kurukshetra-Karnal) and her resulting Sentinel-2 temporal hypothesis (April green -> May flowering-period green -> June harvested/brown/ploughed). NOT independently confirmed sunflower ground truth. NOT derived from or cross-checked against AMED crop labels.", "real_pu_spent": 0.6933333539962768}}, {"type": "Feature", "id": "7JXVV2GF+5VVR", "geometry": {"type": "MultiPolygon", "coordinates": [[[[77.0253403, 29.875207599999996], [77.02537219999999, 29.8757575], [77.0239647, 29.8757791], [77.02395380000002, 29.875237899999995], [77.0253403, 29.875207599999996]]]]}, "properties": {"field_id": "7JXVV2GF+5VVR", "centroid_lat": 29.875438, "centroid_lon": 77.024794, "area_sqm": 8176.2744, "source_cell": "390e67f4", "ndvi_apr": 0.1645433448166365, "ndvi_may": 0.13101704232394698, "ndvi_june": 0.08094165415783962, "ndvi_apr_june_change": 0.08360169065879687, "ndre_apr": 0.0949610159843273, "ndre_may": 0.07422399851216357, "ndre_june": 0.03064085304873833, "ndwi_apr": -0.10013204187686953, "ndwi_may": -0.15235330406132908, "ndwi_june": -0.09085117597576409, "ndyi_apr": 0.17786613066813778, "ndyi_may": 0.16592827627346632, "ndyi_june": 0.13508032599375366, "valid_pixel_fraction": 0.917, "baseline_rule_pass": false, "sunflower_candidate_score": 0.3453, "candidate_tier": "D", "training_label": "NON_SUNFLOWER_TEMPORAL_NEGATIVE", "label_method": "cofounder_green_to_brown_temporal_heuristic", "label_provenance": "Weak label derived from the co-founder's Google Earth field observation (Delhi->Chandigarh drive, 2026-05-09, large sunflower areas in full bloom near Kurukshetra-Karnal) and her resulting Sentinel-2 temporal hypothesis (April green -> May flowering-period green -> June harvested/brown/ploughed). NOT independently confirmed sunflower ground truth. NOT derived from or cross-checked against AMED crop labels.", "real_pu_spent": 0.6933333539962768}}, {"type": "Feature", "id": "7JXVW2MF+2WXW", "geometry": {"type": "MultiPolygon", "coordinates": [[[[77.0255663, 29.9329352], [77.0253797, 29.932929], [77.02503709999999, 29.932889199999995], [77.0241569, 29.932902700000007], [77.0241358, 29.932370799999998], [77.02496359999999, 29.932330999999994], [77.02555439999999, 29.932348999999995], [77.0255663, 29.9329352]]]]}, "properties": {"field_id": "7JXVW2MF+2WXW", "centroid_lat": 29.932705, "centroid_lon": 77.025045, "area_sqm": 8448.9604, "source_cell": "390e5cdc", "ndvi_apr": 0.14605600766989651, "ndvi_may": 0.1225532849072194, "ndvi_june": 0.07117374877439063, "ndvi_apr_june_change": 0.07488225889550588, "ndre_apr": 0.07499771420748866, "ndre_may": 0.06535298300488872, "ndre_june": 0.029840433127864514, "ndwi_apr": -0.128310035077893, "ndwi_may": -0.14599620196588187, "ndwi_june": -0.15625885727048727, "ndyi_apr": 0.19921165811164043, "ndyi_may": 0.15846410097212207, "ndyi_june": 0.09451187191670445, "valid_pixel_fraction": 0.75, "baseline_rule_pass": false, "sunflower_candidate_score": 0.3247, "candidate_tier": "D", "training_label": "NON_SUNFLOWER_TEMPORAL_NEGATIVE", "label_method": "cofounder_green_to_brown_temporal_heuristic", "label_provenance": "Weak label derived from the co-founder's Google Earth field observation (Delhi->Chandigarh drive, 2026-05-09, large sunflower areas in full bloom near Kurukshetra-Karnal) and her resulting Sentinel-2 temporal hypothesis (April green -> May flowering-period green -> June harvested/brown/ploughed). NOT independently confirmed sunflower ground truth. NOT derived from or cross-checked against AMED crop labels.", "real_pu_spent": 0.6933333539962768}}, {"type": "Feature", "id": "7JXVX2QG+Q7P3", "geometry": {"type": "MultiPolygon", "coordinates": [[[[77.0260205, 29.9890349], [77.02602739999999, 29.989882799999997], [77.0253847, 29.9898747], [77.0253571, 29.989027099999998], [77.0260205, 29.9890349]]]]}, "properties": {"field_id": "7JXVX2QG+Q7P3", "centroid_lat": 29.989371, "centroid_lon": 77.025762, "area_sqm": 5927.8695, "source_cell": "390e5b44", "ndvi_apr": 0.453428610055535, "ndvi_may": 0.6259521373996028, "ndvi_june": 0.636254240701228, "ndvi_apr_june_change": -0.18282563064569307, "ndre_apr": 0.27856621325567915, "ndre_may": 0.3912132249386222, "ndre_june": 0.4475976300460322, "ndwi_apr": 0.040048646430174514, "ndwi_may": 0.17681581117299006, "ndwi_june": 0.2485276758670807, "ndyi_apr": 0.24863941070658185, "ndyi_may": 0.35020274039771826, "ndyi_june": 0.2006887133566686, "valid_pixel_fraction": 0.75, "baseline_rule_pass": false, "sunflower_candidate_score": 0.3463, "candidate_tier": "D", "training_label": "NON_SUNFLOWER_TEMPORAL_NEGATIVE", "label_method": "cofounder_green_to_brown_temporal_heuristic", "label_provenance": "Weak label derived from the co-founder's Google Earth field observation (Delhi->Chandigarh drive, 2026-05-09, large sunflower areas in full bloom near Kurukshetra-Karnal) and her resulting Sentinel-2 temporal hypothesis (April green -> May flowering-period green -> June harvested/brown/ploughed). NOT independently confirmed sunflower ground truth. NOT derived from or cross-checked against AMED crop labels.", "real_pu_spent": 0.6933333539962768}}, {"type": "Feature", "id": "8J2R2QRF+H8HF", "geometry": {"type": "MultiPolygon", "coordinates": [[[[76.77377930000002, 30.0411531], [76.7737892, 30.0417124], [76.7729494, 30.0417237], [76.77291869999999, 30.041164700000003], [76.77377930000002, 30.0411531]]]]}, "properties": {"field_id": "8J2R2QRF+H8HF", "centroid_lat": 30.041381, "centroid_lon": 76.773443, "area_sqm": 5090.1098, "source_cell": "390e377c", "ndvi_apr": 0.14872388779703116, "ndvi_may": 0.11678400756015131, "ndvi_june": 0.08849425158566898, "ndvi_apr_june_change": 0.06022963621136218, "ndre_apr": 0.07593470506577028, "ndre_may": 0.061144147407806784, "ndre_june": 0.03404155551995953, "ndwi_apr": -0.11563942146797974, "ndwi_may": -0.11082864381993811, "ndwi_june": -0.07757638757013613, "ndyi_apr": 0.15729168429970744, "ndyi_may": 0.13171799131669104, "ndyi_june": 0.1285190136275358, "valid_pixel_fraction": 0.767, "baseline_rule_pass": false, "sunflower_candidate_score": 0.3054, "candidate_tier": "D", "training_label": "NON_SUNFLOWER_TEMPORAL_NEGATIVE", "label_method": "cofounder_green_to_brown_temporal_heuristic", "label_provenance": "Weak label derived from the co-founder's Google Earth field observation (Delhi->Chandigarh drive, 2026-05-09, large sunflower areas in full bloom near Kurukshetra-Karnal) and her resulting Sentinel-2 temporal hypothesis (April green -> May flowering-period green -> June harvested/brown/ploughed). NOT independently confirmed sunflower ground truth. NOT derived from or cross-checked against AMED crop labels.", "real_pu_spent": 0.6933333539962768}}, {"type": "Feature", "id": "8J2R2RV4+VQMM", "geometry": {"type": "MultiPolygon", "coordinates": [[[[76.807166, 30.044316499999997], [76.80727, 30.044333100000003], [76.8072741, 30.045126999999994], [76.80656859999999, 30.0451096], [76.8065645, 30.044315700000002], [76.807166, 30.044316499999997]]]]}, "properties": {"field_id": "8J2R2RV4+VQMM", "centroid_lat": 30.044586, "centroid_lon": 76.807002, "area_sqm": 6047.0883, "source_cell": "390e37f4", "ndvi_apr": 0.5986670665147285, "ndvi_may": 0.30461033322508374, "ndvi_june": 0.14682760203956927, "ndvi_apr_june_change": 0.4518394644751592, "ndre_apr": 0.3563503930197348, "ndre_may": 0.13811418093031363, "ndre_june": 0.036203975263070176, "ndwi_apr": 0.19895643829589799, "ndwi_may": -0.028486909557666095, "ndwi_june": -0.11354319956252183, "ndyi_apr": 0.362893994239765, "ndyi_may": 0.30041946035528944, "ndyi_june": 0.1574963811568167, "valid_pixel_fraction": 0.917, "baseline_rule_pass": true, "sunflower_candidate_score": 0.6397, "candidate_tier": "A", "training_label": "SUNFLOWER_WEAK_POSITIVE_HIGH", "label_method": "cofounder_green_to_brown_temporal_heuristic", "label_provenance": "Weak label derived from the co-founder's Google Earth field observation (Delhi->Chandigarh drive, 2026-05-09, large sunflower areas in full bloom near Kurukshetra-Karnal) and her resulting Sentinel-2 temporal hypothesis (April green -> May flowering-period green -> June harvested/brown/ploughed). NOT independently confirmed sunflower ground truth. NOT derived from or cross-checked against AMED crop labels.", "real_pu_spent": 0.6933333539962768}}, {"type": "Feature", "id": "8J2R2V36+45GJ", "geometry": {"type": "MultiPolygon", "coordinates": [[[[76.8608292, 30.0025351], [76.8608395, 30.003085300000002], [76.8600621, 30.003087299999997], [76.86004179999999, 30.002555300000004], [76.8608292, 30.0025351]]]]}, "properties": {"field_id": "8J2R2V36+45GJ", "centroid_lat": 30.00276, "centroid_lon": 76.86052, "area_sqm": 4535.1475, "source_cell": "390e470c", "ndvi_apr": 0.15121681646754345, "ndvi_may": 0.15583848987395563, "ndvi_june": 0.09836092472283375, "ndvi_apr_june_change": 0.0528558917447097, "ndre_apr": 0.07674294186290355, "ndre_may": 0.08143024277718117, "ndre_june": 0.04634665706867558, "ndwi_apr": -0.1222615441462646, "ndwi_may": -0.13495600062112015, "ndwi_june": -0.17189616337418556, "ndyi_apr": 0.19012766098603606, "ndyi_may": 0.21704059764742847, "ndyi_june": 0.1031347265880969, "valid_pixel_fraction": 0.75, "baseline_rule_pass": false, "sunflower_candidate_score": 0.3009, "candidate_tier": "D", "training_label": "NON_SUNFLOWER_TEMPORAL_NEGATIVE", "label_method": "cofounder_green_to_brown_temporal_heuristic", "label_provenance": "Weak label derived from the co-founder's Google Earth field observation (Delhi->Chandigarh drive, 2026-05-09, large sunflower areas in full bloom near Kurukshetra-Karnal) and her resulting Sentinel-2 temporal hypothesis (April green -> May flowering-period green -> June harvested/brown/ploughed). NOT independently confirmed sunflower ground truth. NOT derived from or cross-checked against AMED crop labels.", "real_pu_spent": 0.6933333539962768}}, {"type": "Feature", "id": "8J2R2WW4+GFJ6", "geometry": {"type": "MultiPolygon", "coordinates": [[[[76.9063591, 30.046055499999994], [76.9064215, 30.0460636], [76.9067118, 30.046059399999994], [76.9067116, 30.046591699999997], [76.90555049999999, 30.0466085], [76.90552989999999, 30.046076499999995], [76.9063591, 30.046055499999994]]]]}, "properties": {"field_id": "8J2R2WW4+GFJ6", "centroid_lat": 30.046216, "centroid_lon": 76.906235, "area_sqm": 6717.3048, "source_cell": "390e461c", "ndvi_apr": 0.1314425314353271, "ndvi_may": 0.12288906249133022, "ndvi_june": 0.09952554634461801, "ndvi_apr_june_change": 0.0319169850907091, "ndre_apr": 0.07041506181386384, "ndre_may": 0.06142047629515274, "ndre_june": 0.0506909698120911, "ndwi_apr": -0.1139571868786306, "ndwi_may": -0.1685439614635525, "ndwi_june": -0.060194139001947464, "ndyi_apr": 0.17125935818661342, "ndyi_may": 0.14497524814849552, "ndyi_june": 0.10183230570207039, "valid_pixel_fraction": 0.833, "baseline_rule_pass": false, "sunflower_candidate_score": 0.2857, "candidate_tier": "D", "training_label": "NON_SUNFLOWER_TEMPORAL_NEGATIVE", "label_method": "cofounder_green_to_brown_temporal_heuristic", "label_provenance": "Weak label derived from the co-founder's Google Earth field observation (Delhi->Chandigarh drive, 2026-05-09, large sunflower areas in full bloom near Kurukshetra-Karnal) and her resulting Sentinel-2 temporal hypothesis (April green -> May flowering-period green -> June harvested/brown/ploughed). NOT independently confirmed sunflower ground truth. NOT derived from or cross-checked against AMED crop labels.", "real_pu_spent": 0.6933333539962768}}, {"type": "Feature", "id": "8J2R2XXJ+V8VQ", "geometry": {"type": "MultiPolygon", "coordinates": [[[[76.98114369999999, 30.049469799999997], [76.981144, 30.0500021], [76.98048059999999, 30.0500211], [76.9804697, 30.04947099999999], [76.98114369999999, 30.049469799999997]]]]}, "properties": {"field_id": "8J2R2XXJ+V8VQ", "centroid_lat": 30.049687, "centroid_lon": 76.980876, "area_sqm": 3873.9526, "source_cell": "390e4564", "ndvi_apr": 0.5361065872841412, "ndvi_may": 0.6092568498932652, "ndvi_june": 0.6762562016094172, "ndvi_apr_june_change": -0.14014961432527606, "ndre_apr": 0.31970149568385553, "ndre_may": 0.38126990929659865, "ndre_june": 0.47199678089883595, "ndwi_apr": 0.09240970325966676, "ndwi_may": 0.1494753998549034, "ndwi_june": 0.29570921703621184, "ndyi_apr": 0.31320198604630095, "ndyi_may": 0.3528634089976549, "ndyi_june": 0.25813393508670507, "valid_pixel_fraction": 0.75, "baseline_rule_pass": false, "sunflower_candidate_score": 0.37, "candidate_tier": "C", "training_label": "UNCERTAIN", "label_method": "cofounder_green_to_brown_temporal_heuristic", "label_provenance": "Weak label derived from the co-founder's Google Earth field observation (Delhi->Chandigarh drive, 2026-05-09, large sunflower areas in full bloom near Kurukshetra-Karnal) and her resulting Sentinel-2 temporal hypothesis (April green -> May flowering-period green -> June harvested/brown/ploughed). NOT independently confirmed sunflower ground truth. NOT derived from or cross-checked against AMED crop labels.", "real_pu_spent": 0.6933333539962768}}, {"type": "Feature", "id": "8J2R3V54+H3R3", "geometry": {"type": "MultiPolygon", "coordinates": [[[[76.8554898, 30.0592428], [76.85479509999999, 30.0592526], [76.8547748, 30.058720599999997], [76.8554797, 30.058701600000003], [76.8554898, 30.0592428]]]]}, "properties": {"field_id": "8J2R3V54+H3R3", "centroid_lat": 30.059032, "centroid_lon": 76.855206, "area_sqm": 4021.04, "source_cell": "390e4874", "ndvi_apr": 0.25863587619766354, "ndvi_may": 0.193879787499706, "ndvi_june": 0.2743048863182017, "ndvi_apr_june_change": -0.015669010120538174, "ndre_apr": 0.15955000902925218, "ndre_may": 0.1289191132056571, "ndre_june": 0.16418351699367054, "ndwi_apr": -0.07001037511324126, "ndwi_may": -0.0712528466690509, "ndwi_june": 0.06616185550907053, "ndyi_apr": 0.33681610214804847, "ndyi_may": 0.11928499490022662, "ndyi_june": 0.13480794717345324, "valid_pixel_fraction": 0.85, "baseline_rule_pass": false, "sunflower_candidate_score": 0.2077, "candidate_tier": "D", "training_label": "NON_SUNFLOWER_TEMPORAL_NEGATIVE", "label_method": "cofounder_green_to_brown_temporal_heuristic", "label_provenance": "Weak label derived from the co-founder's Google Earth field observation (Delhi->Chandigarh drive, 2026-05-09, large sunflower areas in full bloom near Kurukshetra-Karnal) and her resulting Sentinel-2 temporal hypothesis (April green -> May flowering-period green -> June harvested/brown/ploughed). NOT independently confirmed sunflower ground truth. NOT derived from or cross-checked against AMED crop labels.", "real_pu_spent": 0.6933333539962768}}, {"type": "Feature", "id": "8J2R3X42+6CJP", "geometry": {"type": "MultiPolygon", "coordinates": [[[[76.9513502, 30.0553195], [76.951371, 30.05585150000001], [76.9510705, 30.055864999999997], [76.9506866, 30.055852700000003], [76.9506761, 30.055320499999997], [76.9513502, 30.0553195]]]]}, "properties": {"field_id": "8J2R3X42+6CJP", "centroid_lat": 30.055588, "centroid_lon": 76.951084, "area_sqm": 3915.596, "source_cell": "390e458c", "ndvi_apr": 0.16943560753549852, "ndvi_may": 0.12190171371081045, "ndvi_june": 0.0951653892203929, "ndvi_apr_june_change": 0.07427021831510562, "ndre_apr": 0.09347043856091442, "ndre_may": 0.06657195026941953, "ndre_june": 0.041466499414546255, "ndwi_apr": -0.07621241085940883, "ndwi_may": -0.15476181437926634, "ndwi_june": -0.142636411719852, "ndyi_apr": 0.2072361963135855, "ndyi_may": 0.10662185396289542, "ndyi_june": 0.10850959685113697, "valid_pixel_fraction": 0.683, "baseline_rule_pass": false, "sunflower_candidate_score": 0.3061, "candidate_tier": "D", "training_label": "NON_SUNFLOWER_TEMPORAL_NEGATIVE", "label_method": "cofounder_green_to_brown_temporal_heuristic", "label_provenance": "Weak label derived from the co-founder's Google Earth field observation (Delhi->Chandigarh drive, 2026-05-09, large sunflower areas in full bloom near Kurukshetra-Karnal) and her resulting Sentinel-2 temporal hypothesis (April green -> May flowering-period green -> June harvested/brown/ploughed). NOT independently confirmed sunflower ground truth. NOT derived from or cross-checked against AMED crop labels.", "real_pu_spent": 0.6933333539962768}}, {"type": "Feature", "id": "8J2R4Q2G+P5FV", "geometry": {"type": "MultiPolygon", "coordinates": [[[[76.77610229999999, 30.101553400000004], [76.77612330000001, 30.101562100000002], [76.7761062, 30.10176989999999], [76.7761119, 30.1020856], [76.774732, 30.102095199999994], [76.7747225, 30.101563000000002], [76.77610229999999, 30.101553400000004]]]]}, "properties": {"field_id": "8J2R4Q2G+P5FV", "centroid_lat": 30.10174, "centroid_lon": 76.775714, "area_sqm": 7880.3563, "source_cell": "390e36f4", "ndvi_apr": 0.7637184491524328, "ndvi_may": 0.6626312627624242, "ndvi_june": 0.11782501823006153, "ndvi_apr_june_change": 0.6458934309223713, "ndre_apr": 0.5056555932148908, "ndre_may": 0.43454427749682695, "ndre_june": 0.03395764887859397, "ndwi_apr": 0.2741740505155335, "ndwi_may": 0.2545935861432018, "ndwi_june": -0.031782222333183605, "ndyi_apr": 0.3797783001493185, "ndyi_may": 0.22767984852767909, "ndyi_june": 0.1356255179987504, "valid_pixel_fraction": 0.85, "baseline_rule_pass": true, "sunflower_candidate_score": 0.8707, "candidate_tier": "A", "training_label": "SUNFLOWER_WEAK_POSITIVE_HIGH", "label_method": "cofounder_green_to_brown_temporal_heuristic", "label_provenance": "Weak label derived from the co-founder's Google Earth field observation (Delhi->Chandigarh drive, 2026-05-09, large sunflower areas in full bloom near Kurukshetra-Karnal) and her resulting Sentinel-2 temporal hypothesis (April green -> May flowering-period green -> June harvested/brown/ploughed). NOT independently confirmed sunflower ground truth. NOT derived from or cross-checked against AMED crop labels.", "real_pu_spent": 0.6933333539962768}}, {"type": "Feature", "id": "8J2R4R56+MJMJ", "geometry": {"type": "MultiPolygon", "coordinates": [[[[76.8117177, 30.1091508], [76.81172, 30.109277099999993], [76.8113466, 30.1092823], [76.8113442, 30.109156000000006], [76.8117177, 30.1091508]]]]}, "properties": {"field_id": "8J2R4R56+MJMJ", "centroid_lat": 30.109203, "centroid_lon": 76.811569, "area_sqm": 504.5834, "source_cell": "390e363c", "ndvi_apr": 0.18588792408506075, "ndvi_may": 0.09805224416777492, "ndvi_june": 0.08740353211760521, "ndvi_apr_june_change": 0.09848439196745554, "ndre_apr": 0.10518046903113525, "ndre_may": 0.05042908829636872, "ndre_june": 0.041927591674417876, "ndwi_apr": -0.07615607356031735, "ndwi_may": -0.0746350334957242, "ndwi_june": -0.06527358293533325, "ndyi_apr": 0.17794413367907205, "ndyi_may": 0.12425994360819459, "ndyi_june": 0.14180903881788254, "valid_pixel_fraction": 0.767, "baseline_rule_pass": false, "sunflower_candidate_score": 0.3326, "candidate_tier": "D", "training_label": "NON_SUNFLOWER_TEMPORAL_NEGATIVE", "label_method": "cofounder_green_to_brown_temporal_heuristic", "label_provenance": "Weak label derived from the co-founder's Google Earth field observation (Delhi->Chandigarh drive, 2026-05-09, large sunflower areas in full bloom near Kurukshetra-Karnal) and her resulting Sentinel-2 temporal hypothesis (April green -> May flowering-period green -> June harvested/brown/ploughed). NOT independently confirmed sunflower ground truth. NOT derived from or cross-checked against AMED crop labels.", "real_pu_spent": 0.6933333539962768}}, {"type": "Feature", "id": "8J2R4V43+XQ9P", "geometry": {"type": "MultiPolygon", "coordinates": [[[[76.8548378, 30.107673699999992], [76.8541532, 30.1076834], [76.85415379999999, 30.107160099999998], [76.8548071, 30.107141900000002], [76.8548378, 30.107673699999992]]]]}, "properties": {"field_id": "8J2R4V43+XQ9P", "centroid_lat": 30.107467, "centroid_lon": 76.854558, "area_sqm": 3777.7332, "source_cell": "390e49bc", "ndvi_apr": 0.16701262337820869, "ndvi_may": 0.11452948080287093, "ndvi_june": 0.12546487545062388, "ndvi_apr_june_change": 0.04154774792758481, "ndre_apr": 0.09523987137372532, "ndre_may": 0.06608376400323496, "ndre_june": 0.041126612623754354, "ndwi_apr": -0.08666687189704843, "ndwi_may": -0.07165327693690501, "ndwi_june": 0.04839448288493304, "ndyi_apr": 0.17673792914738728, "ndyi_may": 0.13250097251009374, "ndyi_june": 0.14138828727993225, "valid_pixel_fraction": 0.85, "baseline_rule_pass": false, "sunflower_candidate_score": 0.2811, "candidate_tier": "D", "training_label": "NON_SUNFLOWER_TEMPORAL_NEGATIVE", "label_method": "cofounder_green_to_brown_temporal_heuristic", "label_provenance": "Weak label derived from the co-founder's Google Earth field observation (Delhi->Chandigarh drive, 2026-05-09, large sunflower areas in full bloom near Kurukshetra-Karnal) and her resulting Sentinel-2 temporal hypothesis (April green -> May flowering-period green -> June harvested/brown/ploughed). NOT independently confirmed sunflower ground truth. NOT derived from or cross-checked against AMED crop labels.", "real_pu_spent": 0.6933333539962768}}, {"type": "Feature", "id": "7JXRVQGH+5RR9", "geometry": {"type": "MultiPolygon", "coordinates": [[[[76.7794837, 29.8754596], [76.7795977, 29.875467099999998], [76.77958799999999, 29.8755033], [76.7794638, 29.875504999999993], [76.77946349999999, 29.8754869], [76.7794837, 29.8754596]]]]}, "properties": {"field_id": "7JXRVQGH+5RR9", "centroid_lat": 29.87548, "centroid_lon": 76.779513, "area_sqm": 54.5669, "source_cell": "390e3e34", "ndvi_apr": 0.29353925585746765, "ndvi_may": 0.16333257108926774, "ndvi_june": 0.1174725815653801, "ndvi_apr_june_change": 0.17606667429208755, "ndre_apr": 0.12230689575274785, "ndre_may": 0.0658568549901247, "ndre_june": 0.07204860262572765, "ndwi_apr": -0.07712675382693608, "ndwi_may": -0.10783481448888779, "ndwi_june": -0.08161282725632191, "ndyi_apr": 0.18301238616307577, "ndyi_may": 0.17000677883625032, "ndyi_june": 0.10669007524847984, "valid_pixel_fraction": 0.917, "baseline_rule_pass": false, "sunflower_candidate_score": 0.4076, "candidate_tier": "D", "training_label": "NON_SUNFLOWER_TEMPORAL_NEGATIVE", "label_method": "cofounder_green_to_brown_temporal_heuristic", "label_provenance": "Weak label derived from the co-founder's Google Earth field observation (Delhi->Chandigarh drive, 2026-05-09, large sunflower areas in full bloom near Kurukshetra-Karnal) and her resulting Sentinel-2 temporal hypothesis (April green -> May flowering-period green -> June harvested/brown/ploughed). NOT independently confirmed sunflower ground truth. NOT derived from or cross-checked against AMED crop labels.", "real_pu_spent": 0.6933333539962768}}, {"type": "Feature", "id": "7JXRVQGH+87M6", "geometry": {"type": "MultiPolygon", "coordinates": [[[[76.7784829, 29.875653499999995], [76.778474, 29.875734800000004], [76.7784319, 29.875699299999997], [76.7783802, 29.875699999999995], [76.7783092, 29.875782200000003], [76.77828199999999, 29.875999099999998], [76.7782944, 29.8761162], [76.77797369999999, 29.8761296], [76.7779644, 29.875606400000002], [76.7782125, 29.875584999999997], [76.7784507, 29.875590799999998], [76.7784829, 29.875653499999995]]]]}, "properties": {"field_id": "7JXRVQGH+87M6", "centroid_lat": 29.875771, "centroid_lon": 76.778312, "area_sqm": 2107.587, "source_cell": "390e3e34", "ndvi_apr": 0.18113581291758096, "ndvi_may": 0.14054020818036336, "ndvi_june": 0.14246959135366175, "ndvi_apr_june_change": 0.03866622156391922, "ndre_apr": 0.11425994279292913, "ndre_may": 0.10618717234733946, "ndre_june": 0.09031194714883056, "ndwi_apr": -0.07109708074429551, "ndwi_may": -0.08592791271825821, "ndwi_june": -0.05559195595784471, "ndyi_apr": 0.14904297716342488, "ndyi_may": 0.1478410145840966, "ndyi_june": 0.11135970374855858, "valid_pixel_fraction": 0.917, "baseline_rule_pass": false, "sunflower_candidate_score": 0.2825, "candidate_tier": "D", "training_label": "NON_SUNFLOWER_TEMPORAL_NEGATIVE", "label_method": "cofounder_green_to_brown_temporal_heuristic", "label_provenance": "Weak label derived from the co-founder's Google Earth field observation (Delhi->Chandigarh drive, 2026-05-09, large sunflower areas in full bloom near Kurukshetra-Karnal) and her resulting Sentinel-2 temporal hypothesis (April green -> May flowering-period green -> June harvested/brown/ploughed). NOT independently confirmed sunflower ground truth. NOT derived from or cross-checked against AMED crop labels.", "real_pu_spent": 0.6933333539962768}}, {"type": "Feature", "id": "7JXRVQFH+354J", "geometry": {"type": "MultiPolygon", "coordinates": [[[[76.7780624, 29.872374999999995], [76.7781869, 29.8723913], [76.77833179999999, 29.872389399999996], [76.7783355, 29.872596899999998], [76.7783097, 29.8728949], [76.777575, 29.872913900000004], [76.7775814, 29.8726882], [76.7775594, 29.8726163], [76.77753469999999, 29.872391099999998], [76.7780624, 29.872374999999995]]]]}, "properties": {"field_id": "7JXRVQFH+354J", "centroid_lat": 29.872563, "centroid_lon": 76.777954, "area_sqm": 4258.2303, "source_cell": "390e3e34", "ndvi_apr": 0.17073958082538518, "ndvi_may": 0.20246224403381347, "ndvi_june": 0.13951100308137637, "ndvi_apr_june_change": 0.031228577744008806, "ndre_apr": 0.10167411218086879, "ndre_may": 0.10295500992118227, "ndre_june": 0.08199054631404579, "ndwi_apr": -0.09007711958191873, "ndwi_may": -0.060242533247340656, "ndwi_june": -0.06651648984552594, "ndyi_apr": 0.17289312701258394, "ndyi_may": 0.18924864106811584, "ndyi_june": 0.134770449794208, "valid_pixel_fraction": 0.917, "baseline_rule_pass": false, "sunflower_candidate_score": 0.2902, "candidate_tier": "D", "training_label": "NON_SUNFLOWER_TEMPORAL_NEGATIVE", "label_method": "cofounder_green_to_brown_temporal_heuristic", "label_provenance": "Weak label derived from the co-founder's Google Earth field observation (Delhi->Chandigarh drive, 2026-05-09, large sunflower areas in full bloom near Kurukshetra-Karnal) and her resulting Sentinel-2 temporal hypothesis (April green -> May flowering-period green -> June harvested/brown/ploughed). NOT independently confirmed sunflower ground truth. NOT derived from or cross-checked against AMED crop labels.", "real_pu_spent": 0.6933333539962768}}, {"type": "Feature", "id": "7JXRVQGG+M8QH", "geometry": {"type": "MultiPolygon", "coordinates": [[[[76.7760283, 29.8761828], [76.7762046, 29.876198499999997], [76.7762236, 29.87668549999999], [76.776224, 29.876712500000004], [76.7762212, 29.877136600000004], [76.7762116, 29.877181900000004], [76.7761811, 29.8772093], [76.77594370000001, 29.8772486], [76.7755505, 29.877262899999998], [76.77552399999999, 29.876938499999998], [76.77551650000001, 29.876514500000003], [76.7755315, 29.876189500000002], [76.7760283, 29.8761828]]]]}, "properties": {"field_id": "7JXRVQGG+M8QH", "centroid_lat": 29.876742, "centroid_lon": 76.775953, "area_sqm": 7829.1236, "source_cell": "390e3e34", "ndvi_apr": 0.15076255697816132, "ndvi_may": 0.09971888803300404, "ndvi_june": 0.10165308040034561, "ndvi_apr_june_change": 0.04910947657781571, "ndre_apr": 0.08159473436951108, "ndre_may": 0.05661351791031414, "ndre_june": 0.04366943074204583, "ndwi_apr": -0.10946961025160455, "ndwi_may": -0.1386289976625925, "ndwi_june": -0.10406101642902718, "ndyi_apr": 0.16986941528462232, "ndyi_may": 0.16108135476353624, "ndyi_june": 0.11774295076195686, "valid_pixel_fraction": 0.917, "baseline_rule_pass": false, "sunflower_candidate_score": 0.3021, "candidate_tier": "D", "training_label": "NON_SUNFLOWER_TEMPORAL_NEGATIVE", "label_method": "cofounder_green_to_brown_temporal_heuristic", "label_provenance": "Weak label derived from the co-founder's Google Earth field observation (Delhi->Chandigarh drive, 2026-05-09, large sunflower areas in full bloom near Kurukshetra-Karnal) and her resulting Sentinel-2 temporal hypothesis (April green -> May flowering-period green -> June harvested/brown/ploughed). NOT independently confirmed sunflower ground truth. NOT derived from or cross-checked against AMED crop labels.", "real_pu_spent": 0.6933333539962768}}, {"type": "Feature", "id": "7JXRVQ99+XP5V", "geometry": {"type": "MultiPolygon", "coordinates": [[[[76.7694356, 29.868683399999995], [76.7694657, 29.8692153], [76.7688755, 29.8692052], [76.7687826, 29.869224499999998], [76.7691554, 29.869228499999995], [76.7691758, 29.870383099999998], [76.76920679999999, 29.8703827], [76.7691962, 29.8697783], [76.769838, 29.86977880000001], [76.7698901, 29.8697961], [76.7698906, 29.869823200000003], [76.7699116, 29.869840900000003], [76.7699944, 29.8698398], [76.77018129999999, 29.869873399999996], [76.770213, 29.8699091], [76.7705337, 29.86989569999999], [76.77055899999999, 29.8707435], [76.7702278, 29.870748], [76.7699176, 29.8707702], [76.76892389999999, 29.870774500000003], [76.7689159, 29.8703235], [76.76900909999999, 29.870322200000004], [76.7690191, 29.870303999999994], [76.7685013, 29.870292900000003], [76.7685102, 29.86962510000001], [76.76846909999999, 29.869057299999998], [76.7684628, 29.8686964], [76.7694356, 29.868683399999995]]]]}, "properties": {"field_id": "7JXRVQ99+XP5V", "centroid_lat": 29.869829, "centroid_lon": 76.769418, "area_sqm": 28023.632, "source_cell": "390e3e34", "ndvi_apr": 0.17161315782891565, "ndvi_may": 0.12449630733904427, "ndvi_june": 0.0881752944613913, "ndvi_apr_june_change": 0.08343786336752435, "ndre_apr": 0.09596135654388797, "ndre_may": 0.07089352224822212, "ndre_june": 0.041684966092886654, "ndwi_apr": -0.09689806433398714, "ndwi_may": -0.12251562293643925, "ndwi_june": -0.12761247813726637, "ndyi_apr": 0.1811487302267445, "ndyi_may": 0.15557990733209065, "ndyi_june": 0.09495017449871554, "valid_pixel_fraction": 0.917, "baseline_rule_pass": false, "sunflower_candidate_score": 0.3405, "candidate_tier": "D", "training_label": "NON_SUNFLOWER_TEMPORAL_NEGATIVE", "label_method": "cofounder_green_to_brown_temporal_heuristic", "label_provenance": "Weak label derived from the co-founder's Google Earth field observation (Delhi->Chandigarh drive, 2026-05-09, large sunflower areas in full bloom near Kurukshetra-Karnal) and her resulting Sentinel-2 temporal hypothesis (April green -> May flowering-period green -> June harvested/brown/ploughed). NOT independently confirmed sunflower ground truth. NOT derived from or cross-checked against AMED crop labels.", "real_pu_spent": 0.6933333539962768}}, {"type": "Feature", "id": "7JXRVRF4+G6HP", "geometry": {"type": "MultiPolygon", "coordinates": [[[[76.8056658, 29.8737234], [76.8056692, 29.8739128], [76.8055554, 29.873914400000004], [76.8055519, 29.873724999999997], [76.8056658, 29.8737234]]]]}, "properties": {"field_id": "7JXRVRF4+G6HP", "centroid_lat": 29.8738, "centroid_lon": 76.805622, "area_sqm": 231.2787, "source_cell": "390e3fec", "ndvi_apr": 0.13230914746721587, "ndvi_may": 0.13113348484039306, "ndvi_june": 0.12784474715590477, "ndvi_apr_june_change": 0.004464400311311095, "ndre_apr": 0.061649048080046974, "ndre_may": 0.06310624405741691, "ndre_june": 0.02744377621759971, "ndwi_apr": -0.1090581938624382, "ndwi_may": -0.14699154049158097, "ndwi_june": -0.01349297414223353, "ndyi_apr": 0.17957178006569544, "ndyi_may": 0.2087918572127819, "ndyi_june": 0.12767055754860243, "valid_pixel_fraction": 0.833, "baseline_rule_pass": false, "sunflower_candidate_score": 0.2522, "candidate_tier": "D", "training_label": "NON_SUNFLOWER_TEMPORAL_NEGATIVE", "label_method": "cofounder_green_to_brown_temporal_heuristic", "label_provenance": "Weak label derived from the co-founder's Google Earth field observation (Delhi->Chandigarh drive, 2026-05-09, large sunflower areas in full bloom near Kurukshetra-Karnal) and her resulting Sentinel-2 temporal hypothesis (April green -> May flowering-period green -> June harvested/brown/ploughed). NOT independently confirmed sunflower ground truth. NOT derived from or cross-checked against AMED crop labels.", "real_pu_spent": 0.6933333539962768}}, {"type": "Feature", "id": "7JXRVRJ5+649P", "geometry": {"type": "MultiPolygon", "coordinates": [[[[76.80819749999999, 29.880347300000004], [76.8082147, 29.880726099999997], [76.807521, 29.880726499999998], [76.8075145, 29.880365700000002], [76.80819749999999, 29.880347300000004]]]]}, "properties": {"field_id": "7JXRVRJ5+649P", "centroid_lat": 29.880503, "centroid_lon": 76.807929, "area_sqm": 2729.7815, "source_cell": "390e3fec", "ndvi_apr": 0.16617936516801515, "ndvi_may": 0.15425300065960204, "ndvi_june": 0.10493602613652392, "ndvi_apr_june_change": 0.061243339031491234, "ndre_apr": 0.0914315427847517, "ndre_may": 0.09079337449345207, "ndre_june": 0.050053261076755, "ndwi_apr": -0.10265932125704631, "ndwi_may": -0.12584968723988693, "ndwi_june": -0.11609166315091508, "ndyi_apr": 0.1752367601508186, "ndyi_may": 0.16011833612407958, "ndyi_june": 0.09833482213850533, "valid_pixel_fraction": 0.917, "baseline_rule_pass": false, "sunflower_candidate_score": 0.3208, "candidate_tier": "D", "training_label": "NON_SUNFLOWER_TEMPORAL_NEGATIVE", "label_method": "cofounder_green_to_brown_temporal_heuristic", "label_provenance": "Weak label derived from the co-founder's Google Earth field observation (Delhi->Chandigarh drive, 2026-05-09, large sunflower areas in full bloom near Kurukshetra-Karnal) and her resulting Sentinel-2 temporal hypothesis (April green -> May flowering-period green -> June harvested/brown/ploughed). NOT independently confirmed sunflower ground truth. NOT derived from or cross-checked against AMED crop labels.", "real_pu_spent": 0.6933333539962768}}, {"type": "Feature", "id": "7JXRVRH4+GH86", "geometry": {"type": "MultiPolygon", "coordinates": [[[[76.806258, 29.8784341], [76.806776, 29.878454099999995], [76.806788, 29.879121599999998], [76.8061152, 29.879130800000002], [76.8061029, 29.878445199999998], [76.806258, 29.8784341]]]]}, "properties": {"field_id": "7JXRVRH4+GH86", "centroid_lat": 29.87867, "centroid_lon": 76.806383, "area_sqm": 4928.432, "source_cell": "390e3fec", "ndvi_apr": 0.18045212789660406, "ndvi_may": 0.14089813165898832, "ndvi_june": 0.09783657216965887, "ndvi_apr_june_change": 0.08261555572694519, "ndre_apr": 0.10432108329786433, "ndre_may": 0.08053357593183005, "ndre_june": 0.044570831265965755, "ndwi_apr": -0.11390032100358179, "ndwi_may": -0.14606493692845107, "ndwi_june": -0.13148023695352354, "ndyi_apr": 0.1823084820061922, "ndyi_may": 0.17321574679975, "ndyi_june": 0.10897826097373452, "valid_pixel_fraction": 0.917, "baseline_rule_pass": false, "sunflower_candidate_score": 0.3385, "candidate_tier": "D", "training_label": "NON_SUNFLOWER_TEMPORAL_NEGATIVE", "label_method": "cofounder_green_to_brown_temporal_heuristic", "label_provenance": "Weak label derived from the co-founder's Google Earth field observation (Delhi->Chandigarh drive, 2026-05-09, large sunflower areas in full bloom near Kurukshetra-Karnal) and her resulting Sentinel-2 temporal hypothesis (April green -> May flowering-period green -> June harvested/brown/ploughed). NOT independently confirmed sunflower ground truth. NOT derived from or cross-checked against AMED crop labels.", "real_pu_spent": 0.6933333539962768}}, {"type": "Feature", "id": "7JXRVRG6+C4PR", "geometry": {"type": "MultiPolygon", "coordinates": [[[[76.81101389999999, 29.876356899999998], [76.80955449999999, 29.8763769], [76.80956690000001, 29.875916599999996], [76.809908, 29.875884799999998], [76.8101245, 29.875836699999994], [76.810228, 29.8758353], [76.81051699999999, 29.875786199999997], [76.81097179999999, 29.875743899999996], [76.81101389999999, 29.876356899999998]]]]}, "properties": {"field_id": "7JXRVRG6+C4PR", "centroid_lat": 29.87601, "centroid_lon": 76.810322, "area_sqm": 8297.9651, "source_cell": "390e3fec", "ndvi_apr": 0.20535690928606887, "ndvi_may": 0.24871371441885182, "ndvi_june": 0.14349125441757668, "ndvi_apr_june_change": 0.06186565486849219, "ndre_apr": 0.11676283568764728, "ndre_may": 0.13031736305995803, "ndre_june": 0.07506639459102914, "ndwi_apr": -0.0727111878771119, "ndwi_may": -0.1022937445369873, "ndwi_june": -0.10791393573922307, "ndyi_apr": 0.18738640402106274, "ndyi_may": 0.3212082020902403, "ndyi_june": 0.1265220762351933, "valid_pixel_fraction": 0.833, "baseline_rule_pass": false, "sunflower_candidate_score": 0.3133, "candidate_tier": "D", "training_label": "NON_SUNFLOWER_TEMPORAL_NEGATIVE", "label_method": "cofounder_green_to_brown_temporal_heuristic", "label_provenance": "Weak label derived from the co-founder's Google Earth field observation (Delhi->Chandigarh drive, 2026-05-09, large sunflower areas in full bloom near Kurukshetra-Karnal) and her resulting Sentinel-2 temporal hypothesis (April green -> May flowering-period green -> June harvested/brown/ploughed). NOT independently confirmed sunflower ground truth. NOT derived from or cross-checked against AMED crop labels.", "real_pu_spent": 0.6933333539962768}}, {"type": "Feature", "id": "7JXRVRH6+JP9W", "geometry": {"type": "MultiPolygon", "coordinates": [[[[76.8143124, 29.878991199999998], [76.8124493, 29.879016799999995], [76.8124186, 29.879035299999998], [76.812433, 29.879260700000003], [76.81241849999999, 29.879603699999997], [76.81241899999999, 29.879630799999994], [76.812407, 29.880109099999995], [76.8116926, 29.880109899999997], [76.8115273, 29.8801302], [76.81029529999999, 29.880129099999998], [76.8102858, 29.879605899999994], [76.81027499999999, 29.879579], [76.8102555, 29.879074000000003], [76.8109593, 29.879064399999997], [76.81096529999999, 29.8788207], [76.8109588, 29.8790373], [76.8102759, 29.879055700000002], [76.8102554, 29.8784966], [76.8116733, 29.878468099999996], [76.8117051, 29.878512800000003], [76.8116952, 29.877962500000002], [76.81241969999999, 29.877952600000004], [76.8124509, 29.877961199999998], [76.8128132, 29.877956199999996], [76.8130199, 29.877935299999994], [76.81302, 29.878512800000003], [76.81305069999999, 29.878494299999996], [76.8143029, 29.878468100000003], [76.8143124, 29.878991199999998]]]]}, "properties": {"field_id": "7JXRVRH6+JP9W", "centroid_lat": 29.878964, "centroid_lon": 76.811968, "area_sqm": 55584.6498, "source_cell": "390e3fec", "ndvi_apr": 0.15600135955831093, "ndvi_may": 0.15503638352171095, "ndvi_june": 0.07753373838579974, "ndvi_apr_june_change": 0.07846762117251119, "ndre_apr": 0.08340237501944449, "ndre_may": 0.06470960054623871, "ndre_june": 0.029999510057172392, "ndwi_apr": -0.10156989878621597, "ndwi_may": -0.15278411190888588, "ndwi_june": -0.15987965614414903, "ndyi_apr": 0.1869099902609984, "ndyi_may": 0.22350366917289805, "ndyi_june": 0.09222023345732022, "valid_pixel_fraction": 0.917, "baseline_rule_pass": false, "sunflower_candidate_score": 0.3476, "candidate_tier": "D", "training_label": "NON_SUNFLOWER_TEMPORAL_NEGATIVE", "label_method": "cofounder_green_to_brown_temporal_heuristic", "label_provenance": "Weak label derived from the co-founder's Google Earth field observation (Delhi->Chandigarh drive, 2026-05-09, large sunflower areas in full bloom near Kurukshetra-Karnal) and her resulting Sentinel-2 temporal hypothesis (April green -> May flowering-period green -> June harvested/brown/ploughed). NOT independently confirmed sunflower ground truth. NOT derived from or cross-checked against AMED crop labels.", "real_pu_spent": 0.6933333539962768}}, {"type": "Feature", "id": "7JXRVVQ3+F33C", "geometry": {"type": "MultiPolygon", "coordinates": [[[[76.8526105, 29.888618199999993], [76.8527244, 29.888616599999995], [76.85271469999999, 29.8886528], [76.8526112, 29.8886543], [76.8526005, 29.888636399999996], [76.8526105, 29.888618199999993]]]]}, "properties": {"field_id": "7JXRVVQ3+F33C", "centroid_lat": 29.888633, "centroid_lon": 76.852645, "area_sqm": 44.0512, "source_cell": "390e403c", "ndvi_apr": 0.21886207660039267, "ndvi_may": 0.19062348008155822, "ndvi_june": 0.12823891143004099, "ndvi_apr_june_change": 0.09062316517035168, "ndre_apr": 0.09881572549541791, "ndre_may": 0.07911862954497337, "ndre_june": 0.006977074469129245, "ndwi_apr": -0.055036511272192, "ndwi_may": -0.06645438969135284, "ndwi_june": -0.0875474102795124, "ndyi_apr": 0.13593394805987677, "ndyi_may": 0.10831742733716965, "ndyi_june": 0.11506664628783862, "valid_pixel_fraction": 0.833, "baseline_rule_pass": false, "sunflower_candidate_score": 0.3319, "candidate_tier": "D", "training_label": "NON_SUNFLOWER_TEMPORAL_NEGATIVE", "label_method": "cofounder_green_to_brown_temporal_heuristic", "label_provenance": "Weak label derived from the co-founder's Google Earth field observation (Delhi->Chandigarh drive, 2026-05-09, large sunflower areas in full bloom near Kurukshetra-Karnal) and her resulting Sentinel-2 temporal hypothesis (April green -> May flowering-period green -> June harvested/brown/ploughed). NOT independently confirmed sunflower ground truth. NOT derived from or cross-checked against AMED crop labels.", "real_pu_spent": 0.6933333539962768}}, {"type": "Feature", "id": "7JXRVVH5+CCCM", "geometry": {"type": "MultiPolygon", "coordinates": [[[[76.8581895, 29.8784708], [76.85830310000001, 29.87846010000001], [76.85883129999999, 29.87847069999999], [76.858835, 29.878669199999997], [76.85818259999999, 29.8786603], [76.8581794, 29.8784889], [76.8581895, 29.8784708]]]]}, "properties": {"field_id": "7JXRVVH5+CCCM", "centroid_lat": 29.878527, "centroid_lon": 76.858387, "area_sqm": 1392.1146, "source_cell": "390e403c", "ndvi_apr": 0.15581580996513367, "ndvi_may": 0.10205802818139394, "ndvi_june": 0.0668054757018884, "ndvi_apr_june_change": 0.08901033426324527, "ndre_apr": 0.08177896992613871, "ndre_may": 0.0394477395612436, "ndre_june": 0.021926265106432963, "ndwi_apr": -0.12810450461175704, "ndwi_may": -0.18580899623533093, "ndwi_june": -0.1427859507966787, "ndyi_apr": 0.175083766794867, "ndyi_may": 0.1441473198433717, "ndyi_june": 0.09576007506499688, "valid_pixel_fraction": 0.833, "baseline_rule_pass": false, "sunflower_candidate_score": 0.3422, "candidate_tier": "D", "training_label": "NON_SUNFLOWER_TEMPORAL_NEGATIVE", "label_method": "cofounder_green_to_brown_temporal_heuristic", "label_provenance": "Weak label derived from the co-founder's Google Earth field observation (Delhi->Chandigarh drive, 2026-05-09, large sunflower areas in full bloom near Kurukshetra-Karnal) and her resulting Sentinel-2 temporal hypothesis (April green -> May flowering-period green -> June harvested/brown/ploughed). NOT independently confirmed sunflower ground truth. NOT derived from or cross-checked against AMED crop labels.", "real_pu_spent": 0.6933333539962768}}, {"type": "Feature", "id": "7JXRVVP5+8M9H", "geometry": {"type": "MultiPolygon", "coordinates": [[[[76.8596499, 29.8857583], [76.8590583, 29.886235799999998], [76.8590167, 29.8862274], [76.85898499999999, 29.886191699999998], [76.8589628, 29.8861108], [76.8589515, 29.885506499999998], [76.85909629999999, 29.885495400000007], [76.8593242, 29.885501200000004], [76.859428, 29.885517799999995], [76.859635, 29.885514899999993], [76.8596499, 29.8857583]]]]}, "properties": {"field_id": "7JXRVVP5+8M9H", "centroid_lat": 29.885802, "centroid_lon": 76.859251, "area_sqm": 3845.953, "source_cell": "390e403c", "ndvi_apr": 0.17142512039213942, "ndvi_may": 0.13335324512875596, "ndvi_june": 0.11518594406346382, "ndvi_apr_june_change": 0.0562391763286756, "ndre_apr": 0.08846292215436562, "ndre_may": 0.07414259502421254, "ndre_june": 0.05667440802738459, "ndwi_apr": -0.11653306092257083, "ndwi_may": -0.1444360052761824, "ndwi_june": -0.10935484800715986, "ndyi_apr": 0.1739639847714832, "ndyi_may": 0.17570688753672264, "ndyi_june": 0.10992468491273935, "valid_pixel_fraction": 0.917, "baseline_rule_pass": false, "sunflower_candidate_score": 0.3079, "candidate_tier": "D", "training_label": "NON_SUNFLOWER_TEMPORAL_NEGATIVE", "label_method": "cofounder_green_to_brown_temporal_heuristic", "label_provenance": "Weak label derived from the co-founder's Google Earth field observation (Delhi->Chandigarh drive, 2026-05-09, large sunflower areas in full bloom near Kurukshetra-Karnal) and her resulting Sentinel-2 temporal hypothesis (April green -> May flowering-period green -> June harvested/brown/ploughed). NOT independently confirmed sunflower ground truth. NOT derived from or cross-checked against AMED crop labels.", "real_pu_spent": 0.6933333539962768}}, {"type": "Feature", "id": "7JXRVVH4+8G6W", "geometry": {"type": "MultiPolygon", "coordinates": [[[[76.85615059999999, 29.8779491], [76.8567097, 29.8779502], [76.8567322, 29.878049200000003], [76.85674390000001, 29.878680600000003], [76.8560818, 29.878707900000002], [76.85609749999999, 29.878436999999995], [76.85606729999999, 29.878482599999995], [76.8557258, 29.8784874], [76.85571639999999, 29.877982300000003], [76.85615059999999, 29.8779491]]]]}, "properties": {"field_id": "7JXRVVH4+8G6W", "centroid_lat": 29.878268, "centroid_lon": 76.856218, "area_sqm": 7195.8599, "source_cell": "390e403c", "ndvi_apr": 0.16800340303499878, "ndvi_may": 0.11991103676122587, "ndvi_june": 0.06385579982118027, "ndvi_apr_june_change": 0.10414760321381851, "ndre_apr": 0.10364306079871903, "ndre_may": 0.07985000649869843, "ndre_june": 0.017335477925895775, "ndwi_apr": -0.08979089886132578, "ndwi_may": -0.13887972907553353, "ndwi_june": -0.056287862342648064, "ndyi_apr": 0.15459771456851348, "ndyi_may": 0.15599323931980774, "ndyi_june": 0.10133583813502982, "valid_pixel_fraction": 0.917, "baseline_rule_pass": false, "sunflower_candidate_score": 0.3675, "candidate_tier": "D", "training_label": "NON_SUNFLOWER_TEMPORAL_NEGATIVE", "label_method": "cofounder_green_to_brown_temporal_heuristic", "label_provenance": "Weak label derived from the co-founder's Google Earth field observation (Delhi->Chandigarh drive, 2026-05-09, large sunflower areas in full bloom near Kurukshetra-Karnal) and her resulting Sentinel-2 temporal hypothesis (April green -> May flowering-period green -> June harvested/brown/ploughed). NOT independently confirmed sunflower ground truth. NOT derived from or cross-checked against AMED crop labels.", "real_pu_spent": 0.6933333539962768}}, {"type": "Feature", "id": "7JXRVVH3+XXVM", "geometry": {"type": "MultiPolygon", "coordinates": [[[[76.85533300000002, 29.878519999999998], [76.8553814, 29.879457600000002], [76.8554134, 29.8811895], [76.85434719999999, 29.881195400000006], [76.85435749999999, 29.880635899999998], [76.8543455, 29.879986499999998], [76.8543213, 29.879797299999996], [76.85455689999999, 29.8796587], [76.8547505, 29.879493599999996], [76.8547296, 29.879484800000004], [76.854658, 29.879531000000004], [76.8546168, 29.8795406], [76.8546338, 29.879341799999995], [76.8546291, 29.879089300000004], [76.8547323, 29.879069799999996], [76.8546699, 29.879052599999998], [76.85468089999999, 29.8785291], [76.85533300000002, 29.878519999999998]]]]}, "properties": {"field_id": "7JXRVVH3+XXVM", "centroid_lat": 29.879561, "centroid_lon": 76.854749, "area_sqm": 25734.4215, "source_cell": "390e403c", "ndvi_apr": 0.1533873279669044, "ndvi_may": 0.1250649221012617, "ndvi_june": 0.07504202945706719, "ndvi_apr_june_change": 0.07834529850983722, "ndre_apr": 0.09382349438605082, "ndre_may": 0.07263484175047605, "ndre_june": 0.028220194095106784, "ndwi_apr": -0.10613102670690094, "ndwi_may": -0.15744451516190286, "ndwi_june": -0.12775133138700506, "ndyi_apr": 0.13783739649569374, "ndyi_may": 0.15606621393978393, "ndyi_june": 0.09373567068570028, "valid_pixel_fraction": 0.917, "baseline_rule_pass": false, "sunflower_candidate_score": 0.3428, "candidate_tier": "D", "training_label": "NON_SUNFLOWER_TEMPORAL_NEGATIVE", "label_method": "cofounder_green_to_brown_temporal_heuristic", "label_provenance": "Weak label derived from the co-founder's Google Earth field observation (Delhi->Chandigarh drive, 2026-05-09, large sunflower areas in full bloom near Kurukshetra-Karnal) and her resulting Sentinel-2 temporal hypothesis (April green -> May flowering-period green -> June harvested/brown/ploughed). NOT independently confirmed sunflower ground truth. NOT derived from or cross-checked against AMED crop labels.", "real_pu_spent": 0.6933333539962768}}, {"type": "Feature", "id": "7JXRVWJ3+5X4M", "geometry": {"type": "MultiPolygon", "coordinates": [[[[76.904793, 29.880377499999998], [76.905114, 29.8803818], [76.90509349999999, 29.880391200000002], [76.9051042, 29.880409099999998], [76.9047935, 29.880404499999994], [76.904793, 29.880377499999998]]]]}, "properties": {"field_id": "7JXRVWJ3+5X4M", "centroid_lat": 29.88039, "centroid_lon": 76.904949, "area_sqm": 89.6003, "source_cell": "390e41e4", "ndvi_apr": 0.15494542982843187, "ndvi_may": 0.11752250542243321, "ndvi_june": 0.10063274453083673, "ndvi_apr_june_change": 0.05431268529759514, "ndre_apr": 0.07952406340175205, "ndre_may": 0.018648354771236577, "ndre_june": 0.06594237809379896, "ndwi_apr": -0.1041833046409819, "ndwi_may": -0.14861632039149603, "ndwi_june": -0.12401964887976646, "ndyi_apr": 0.17389158407847086, "ndyi_may": 0.23597484280665718, "ndyi_june": 0.12111392741401991, "valid_pixel_fraction": 0.75, "baseline_rule_pass": false, "sunflower_candidate_score": 0.2935, "candidate_tier": "D", "training_label": "NON_SUNFLOWER_TEMPORAL_NEGATIVE", "label_method": "cofounder_green_to_brown_temporal_heuristic", "label_provenance": "Weak label derived from the co-founder's Google Earth field observation (Delhi->Chandigarh drive, 2026-05-09, large sunflower areas in full bloom near Kurukshetra-Karnal) and her resulting Sentinel-2 temporal hypothesis (April green -> May flowering-period green -> June harvested/brown/ploughed). NOT independently confirmed sunflower ground truth. NOT derived from or cross-checked against AMED crop labels.", "real_pu_spent": 0.6933333539962768}}, {"type": "Feature", "id": "7JXRVVCW+H83P", "geometry": {"type": "MultiPolygon", "coordinates": [[[[76.8958799, 29.8711227], [76.8960769, 29.871137899999997], [76.8960661, 29.871661400000008], [76.8955276, 29.871651], [76.8955208, 29.8712903], [76.8955289, 29.871172799999997], [76.8955491, 29.8711455], [76.8958799, 29.8711227]]]]}, "properties": {"field_id": "7JXRVVCW+H83P", "centroid_lat": 29.871288, "centroid_lon": 76.895754, "area_sqm": 3063.9591, "source_cell": "390e41e4", "ndvi_apr": 0.1660949344258933, "ndvi_may": 0.14125415300329525, "ndvi_june": 0.13037630857692825, "ndvi_apr_june_change": 0.03571862584896504, "ndre_apr": 0.08639293400892278, "ndre_may": 0.07325587175786494, "ndre_june": 0.06604213041007623, "ndwi_apr": -0.09994755925255873, "ndwi_may": -0.15084398662050566, "ndwi_june": -0.10848930556741027, "ndyi_apr": 0.13610397022040116, "ndyi_may": 0.2547535778582096, "ndyi_june": 0.11633601746935812, "valid_pixel_fraction": 0.917, "baseline_rule_pass": false, "sunflower_candidate_score": 0.286, "candidate_tier": "D", "training_label": "NON_SUNFLOWER_TEMPORAL_NEGATIVE", "label_method": "cofounder_green_to_brown_temporal_heuristic", "label_provenance": "Weak label derived from the co-founder's Google Earth field observation (Delhi->Chandigarh drive, 2026-05-09, large sunflower areas in full bloom near Kurukshetra-Karnal) and her resulting Sentinel-2 temporal hypothesis (April green -> May flowering-period green -> June harvested/brown/ploughed). NOT independently confirmed sunflower ground truth. NOT derived from or cross-checked against AMED crop labels.", "real_pu_spent": 0.6933333539962768}}, {"type": "Feature", "id": "7JXRVVJX+9QHC", "geometry": {"type": "MultiPolygon", "coordinates": [[[[76.8998081, 29.8811982], [76.8995904, 29.8811833], [76.89935229999999, 29.881186699999997], [76.89915599999999, 29.8812076], [76.8991455, 29.881198700000002], [76.8991461, 29.880684399999996], [76.8997981, 29.880675000000004], [76.8998081, 29.8811982]]]]}, "properties": {"field_id": "7JXRVVJX+9QHC", "centroid_lat": 29.881067, "centroid_lon": 76.899476, "area_sqm": 3601.0475, "source_cell": "390e41e4", "ndvi_apr": 0.15465949834496887, "ndvi_may": 0.10771532468497755, "ndvi_june": 0.0786452357208839, "ndvi_apr_june_change": 0.07601426262408496, "ndre_apr": 0.08560723773445245, "ndre_may": 0.06005886949391829, "ndre_june": 0.03480257556118347, "ndwi_apr": -0.09867841998736065, "ndwi_may": -0.15307064693835046, "ndwi_june": -0.10215961127714425, "ndyi_apr": 0.1682586710624121, "ndyi_may": 0.15116080745226806, "ndyi_june": 0.10313031367129749, "valid_pixel_fraction": 0.833, "baseline_rule_pass": false, "sunflower_candidate_score": 0.3275, "candidate_tier": "D", "training_label": "NON_SUNFLOWER_TEMPORAL_NEGATIVE", "label_method": "cofounder_green_to_brown_temporal_heuristic", "label_provenance": "Weak label derived from the co-founder's Google Earth field observation (Delhi->Chandigarh drive, 2026-05-09, large sunflower areas in full bloom near Kurukshetra-Karnal) and her resulting Sentinel-2 temporal hypothesis (April green -> May flowering-period green -> June harvested/brown/ploughed). NOT independently confirmed sunflower ground truth. NOT derived from or cross-checked against AMED crop labels.", "real_pu_spent": 0.6933333539962768}}, {"type": "Feature", "id": "7JXRVWG3+7773", "geometry": {"type": "MultiPolygon", "coordinates": [[[[76.9034618, 29.875154700000003], [76.9034392, 29.876147500000002], [76.9028805, 29.876164600000003], [76.90289419999999, 29.875794499999998], [76.9028822, 29.875163099999998], [76.9034618, 29.875154700000003]]]]}, "properties": {"field_id": "7JXRVWG3+7773", "centroid_lat": 29.875597, "centroid_lon": 76.90317, "area_sqm": 6012.7449, "source_cell": "390e41e4", "ndvi_apr": 0.15517628234293723, "ndvi_may": 0.14572265843550364, "ndvi_june": 0.07375901933109254, "ndvi_apr_june_change": 0.0814172630118447, "ndre_apr": 0.08270972158120134, "ndre_may": 0.08024267856821869, "ndre_june": 0.029090718008769365, "ndwi_apr": -0.09762399933404392, "ndwi_may": -0.1518401504466028, "ndwi_june": -0.1526489667935721, "ndyi_apr": 0.18940914542687062, "ndyi_may": 0.20451218368429122, "ndyi_june": 0.09459254121907107, "valid_pixel_fraction": 0.833, "baseline_rule_pass": false, "sunflower_candidate_score": 0.3415, "candidate_tier": "D", "training_label": "NON_SUNFLOWER_TEMPORAL_NEGATIVE", "label_method": "cofounder_green_to_brown_temporal_heuristic", "label_provenance": "Weak label derived from the co-founder's Google Earth field observation (Delhi->Chandigarh drive, 2026-05-09, large sunflower areas in full bloom near Kurukshetra-Karnal) and her resulting Sentinel-2 temporal hypothesis (April green -> May flowering-period green -> June harvested/brown/ploughed). NOT independently confirmed sunflower ground truth. NOT derived from or cross-checked against AMED crop labels.", "real_pu_spent": 0.6933333539962768}}, {"type": "Feature", "id": "7JXRVWJ2+QP3C", "geometry": {"type": "MultiPolygon", "coordinates": [[[[76.9022875, 29.880918899999998], [76.90227639999999, 29.8814243], [76.90230580000001, 29.881884], [76.90225439999999, 29.88190280000001], [76.9024002, 29.881945799999993], [76.90242549999999, 29.882189000000004], [76.90243099999999, 29.882477599999998], [76.9020068, 29.8824928], [76.9019849, 29.882429899999998], [76.9019615, 29.882836299999997], [76.9012474, 29.8828466], [76.9012266, 29.881204799999995], [76.90165089999999, 29.881198700000002], [76.9016808, 29.8811351], [76.901614, 29.880892499999998], [76.9019763, 29.8808873], [76.9022768, 29.880900999999998], [76.9022875, 29.880918899999998]]]]}, "properties": {"field_id": "7JXRVWJ2+QP3C", "centroid_lat": 29.881694, "centroid_lon": 76.902016, "area_sqm": 20145.096, "source_cell": "390e41e4", "ndvi_apr": 0.1676084453069707, "ndvi_may": 0.13242636312425665, "ndvi_june": 0.0981538979924534, "ndvi_apr_june_change": 0.06945454731451729, "ndre_apr": 0.09334502032900278, "ndre_may": 0.076032270401674, "ndre_june": 0.04652668466478321, "ndwi_apr": -0.10176497227498564, "ndwi_may": -0.12958543337387063, "ndwi_june": -0.13326259863983214, "ndyi_apr": 0.18619553995343432, "ndyi_may": 0.15885464689504775, "ndyi_june": 0.10044743121769224, "valid_pixel_fraction": 0.833, "baseline_rule_pass": false, "sunflower_candidate_score": 0.3179, "candidate_tier": "D", "training_label": "NON_SUNFLOWER_TEMPORAL_NEGATIVE", "label_method": "cofounder_green_to_brown_temporal_heuristic", "label_provenance": "Weak label derived from the co-founder's Google Earth field observation (Delhi->Chandigarh drive, 2026-05-09, large sunflower areas in full bloom near Kurukshetra-Karnal) and her resulting Sentinel-2 temporal hypothesis (April green -> May flowering-period green -> June harvested/brown/ploughed). NOT independently confirmed sunflower ground truth. NOT derived from or cross-checked against AMED crop labels.", "real_pu_spent": 0.6933333539962768}}, {"type": "Feature", "id": "7JXRVWGX+QMMG", "geometry": {"type": "MultiPolygon", "coordinates": [[[[76.94930640000001, 29.8769665], [76.9492755, 29.876975899999998], [76.9490479, 29.8769793], [76.94904729999999, 29.876952199999998], [76.9493061, 29.876948400000003], [76.94930640000001, 29.8769665]]]]}, "properties": {"field_id": "7JXRVWGX+QMMG", "centroid_lat": 29.876965, "centroid_lon": 76.949215, "area_sqm": 73.5795, "source_cell": "390e4274", "ndvi_apr": 0.2762815629442533, "ndvi_may": 0.30257904330889385, "ndvi_june": 0.37872572988271713, "ndvi_apr_june_change": -0.10244416693846381, "ndre_apr": 0.12316818597416085, "ndre_may": 0.17521998385588328, "ndre_june": 0.20548782497644424, "ndwi_apr": -0.0591322568555673, "ndwi_may": -0.061579625308513644, "ndwi_june": -0.009095033630728722, "ndyi_apr": 0.18836061656475067, "ndyi_may": 0.21522493263085685, "ndyi_june": 0.18486737459897995, "valid_pixel_fraction": 1.0, "baseline_rule_pass": false, "sunflower_candidate_score": 0.2498, "candidate_tier": "D", "training_label": "NON_SUNFLOWER_TEMPORAL_NEGATIVE", "label_method": "cofounder_green_to_brown_temporal_heuristic", "label_provenance": "Weak label derived from the co-founder's Google Earth field observation (Delhi->Chandigarh drive, 2026-05-09, large sunflower areas in full bloom near Kurukshetra-Karnal) and her resulting Sentinel-2 temporal hypothesis (April green -> May flowering-period green -> June harvested/brown/ploughed). NOT independently confirmed sunflower ground truth. NOT derived from or cross-checked against AMED crop labels.", "real_pu_spent": 0.6933333539962768}}, {"type": "Feature", "id": "7JXRVWGX+G5XH", "geometry": {"type": "MultiPolygon", "coordinates": [[[[76.94832389999999, 29.876484799999997], [76.9476614, 29.876485499999994], [76.9476463, 29.876242099999992], [76.94832939999999, 29.876232100000003], [76.94832389999999, 29.876484799999997]]]]}, "properties": {"field_id": "7JXRVWGX+G5XH", "centroid_lat": 29.876386, "centroid_lon": 76.948057, "area_sqm": 1789.436, "source_cell": "390e4274", "ndvi_apr": 0.15740212904555456, "ndvi_may": 0.13625935436714262, "ndvi_june": 0.1085683929600886, "ndvi_apr_june_change": 0.048833736085465956, "ndre_apr": 0.08253079089557841, "ndre_may": 0.08178444781473705, "ndre_june": 0.047786251397892124, "ndwi_apr": -0.10530306540784383, "ndwi_may": -0.12677500191188992, "ndwi_june": -0.10739286505572852, "ndyi_apr": 0.16797188917795816, "ndyi_may": 0.162364961206913, "ndyi_june": 0.1261583600370657, "valid_pixel_fraction": 1.0, "baseline_rule_pass": false, "sunflower_candidate_score": 0.3141, "candidate_tier": "D", "training_label": "NON_SUNFLOWER_TEMPORAL_NEGATIVE", "label_method": "cofounder_green_to_brown_temporal_heuristic", "label_provenance": "Weak label derived from the co-founder's Google Earth field observation (Delhi->Chandigarh drive, 2026-05-09, large sunflower areas in full bloom near Kurukshetra-Karnal) and her resulting Sentinel-2 temporal hypothesis (April green -> May flowering-period green -> June harvested/brown/ploughed). NOT independently confirmed sunflower ground truth. NOT derived from or cross-checked against AMED crop labels.", "real_pu_spent": 0.6933333539962768}}, {"type": "Feature", "id": "7JXRVXM2+5JGG", "geometry": {"type": "MultiPolygon", "coordinates": [[[[76.95154, 29.8826805], [76.9519131, 29.8827021], [76.9519323, 29.8831529], [76.9515809, 29.8831852], [76.95124969999999, 29.883190099999997], [76.9512405, 29.882721], [76.95154, 29.8826805]]]]}, "properties": {"field_id": "7JXRVXM2+5JGG", "centroid_lat": 29.882902, "centroid_lon": 76.951571, "area_sqm": 3508.7805, "source_cell": "390e4274", "ndvi_apr": 0.1497037349430536, "ndvi_may": 0.12131652869284151, "ndvi_june": 0.1378446841050708, "ndvi_apr_june_change": 0.011859050837982804, "ndre_apr": 0.08465536970759974, "ndre_may": 0.07419528851972981, "ndre_june": 0.05700875331032357, "ndwi_apr": -0.0984774788421597, "ndwi_may": -0.09693050817364739, "ndwi_june": -0.05795341489156559, "ndyi_apr": 0.16681718846120422, "ndyi_may": 0.1716355886132944, "ndyi_june": 0.1567708760618217, "valid_pixel_fraction": 0.917, "baseline_rule_pass": false, "sunflower_candidate_score": 0.2597, "candidate_tier": "D", "training_label": "NON_SUNFLOWER_TEMPORAL_NEGATIVE", "label_method": "cofounder_green_to_brown_temporal_heuristic", "label_provenance": "Weak label derived from the co-founder's Google Earth field observation (Delhi->Chandigarh drive, 2026-05-09, large sunflower areas in full bloom near Kurukshetra-Karnal) and her resulting Sentinel-2 temporal hypothesis (April green -> May flowering-period green -> June harvested/brown/ploughed). NOT independently confirmed sunflower ground truth. NOT derived from or cross-checked against AMED crop labels.", "real_pu_spent": 0.6933333539962768}}, {"type": "Feature", "id": "7JXRVWHV+G9CV", "geometry": {"type": "MultiPolygon", "coordinates": [[[[76.94337569999999, 29.8786328], [76.94370909999999, 29.8787452], [76.94416679999999, 29.878855800000004], [76.9441982, 29.878873300000002], [76.944211, 29.8789995], [76.94285500000001, 29.879010400000002], [76.9428449, 29.878487299999996], [76.94337569999999, 29.8786328]]]]}, "properties": {"field_id": "7JXRVWHV+G9CV", "centroid_lat": 29.87878, "centroid_lon": 76.943592, "area_sqm": 4693.0945, "source_cell": "390e4274", "ndvi_apr": 0.16577070715304995, "ndvi_may": 0.14800236682806694, "ndvi_june": 0.11145107710867055, "ndvi_apr_june_change": 0.0543196300443794, "ndre_apr": 0.10823520728653033, "ndre_may": 0.09041988256254367, "ndre_june": 0.05891451280331238, "ndwi_apr": -0.081792296454036, "ndwi_may": -0.11864709799701809, "ndwi_june": -0.09635252099334528, "ndyi_apr": 0.1587717014564467, "ndyi_may": 0.1896412329216089, "ndyi_june": 0.11095790443609334, "valid_pixel_fraction": 1.0, "baseline_rule_pass": false, "sunflower_candidate_score": 0.3194, "candidate_tier": "D", "training_label": "NON_SUNFLOWER_TEMPORAL_NEGATIVE", "label_method": "cofounder_green_to_brown_temporal_heuristic", "label_provenance": "Weak label derived from the co-founder's Google Earth field observation (Delhi->Chandigarh drive, 2026-05-09, large sunflower areas in full bloom near Kurukshetra-Karnal) and her resulting Sentinel-2 temporal hypothesis (April green -> May flowering-period green -> June harvested/brown/ploughed). NOT independently confirmed sunflower ground truth. NOT derived from or cross-checked against AMED crop labels.", "real_pu_spent": 0.6933333539962768}}, {"type": "Feature", "id": "7JXRVWPX+WVM9", "geometry": {"type": "MultiPolygon", "coordinates": [[[[76.9496684, 29.88546], [76.9498447, 29.885475399999997], [76.94985559999999, 29.886566900000002], [76.9498816, 29.8868372], [76.9498763, 29.887098899999998], [76.94991279999999, 29.887910400000003], [76.9498953, 29.888073], [76.9499058, 29.8880819], [76.9499462, 29.8880271], [76.9501011, 29.888006799999996], [76.9505854, 29.887891399999997], [76.9506098, 29.888080499999997], [76.95061419999999, 29.888306], [76.9506013, 29.88870309999999], [76.94977279999999, 29.888697299999997], [76.9492453, 29.88872319999999], [76.9491821, 29.8854762], [76.9496684, 29.88546]]]]}, "properties": {"field_id": "7JXRVWPX+WVM9", "centroid_lat": 29.887382, "centroid_lon": 76.949954, "area_sqm": 28604.9287, "source_cell": "390e4274", "ndvi_apr": 0.218121078031428, "ndvi_may": 0.314623147945232, "ndvi_june": 0.2332983886591443, "ndvi_apr_june_change": -0.015177310627716295, "ndre_apr": 0.1344069496926668, "ndre_may": 0.20618610433908607, "ndre_june": 0.15415703580792492, "ndwi_apr": -0.06542746218549447, "ndwi_may": -0.006810906315226017, "ndwi_june": -0.019636261272034928, "ndyi_apr": 0.1677080636048636, "ndyi_may": 0.28238523146485117, "ndyi_june": 0.15440677943305653, "valid_pixel_fraction": 0.917, "baseline_rule_pass": false, "sunflower_candidate_score": 0.2382, "candidate_tier": "D", "training_label": "NON_SUNFLOWER_TEMPORAL_NEGATIVE", "label_method": "cofounder_green_to_brown_temporal_heuristic", "label_provenance": "Weak label derived from the co-founder's Google Earth field observation (Delhi->Chandigarh drive, 2026-05-09, large sunflower areas in full bloom near Kurukshetra-Karnal) and her resulting Sentinel-2 temporal hypothesis (April green -> May flowering-period green -> June harvested/brown/ploughed). NOT independently confirmed sunflower ground truth. NOT derived from or cross-checked against AMED crop labels.", "real_pu_spent": 0.6933333539962768}}, {"type": "Feature", "id": "7JXRVXGJ+GRX2", "geometry": {"type": "MultiPolygon", "coordinates": [[[[76.98214229999999, 29.876332899999998], [76.9821533, 29.876368799999998], [76.98206019999999, 29.8763702], [76.9820491, 29.8763343], [76.98214229999999, 29.876332899999998]]]]}, "properties": {"field_id": "7JXRVXGJ+GRX2", "centroid_lat": 29.876348, "centroid_lon": 76.982109, "area_sqm": 36.0379, "source_cell": "390e6824", "ndvi_apr": 0.1642790213227272, "ndvi_may": 0.1060329794883728, "ndvi_june": 0.08166044391691685, "ndvi_apr_june_change": 0.08261857740581036, "ndre_apr": 0.09729919023811817, "ndre_may": 0.07029722034931182, "ndre_june": 0.05236283130943775, "ndwi_apr": -0.09357566572725773, "ndwi_may": -0.17678084671497346, "ndwi_june": -0.04641683027148247, "ndyi_apr": 0.19270186498761177, "ndyi_may": 0.20706490576267242, "ndyi_june": 0.11786921694874763, "valid_pixel_fraction": 1.0, "baseline_rule_pass": false, "sunflower_candidate_score": 0.3476, "candidate_tier": "D", "training_label": "NON_SUNFLOWER_TEMPORAL_NEGATIVE", "label_method": "cofounder_green_to_brown_temporal_heuristic", "label_provenance": "Weak label derived from the co-founder's Google Earth field observation (Delhi->Chandigarh drive, 2026-05-09, large sunflower areas in full bloom near Kurukshetra-Karnal) and her resulting Sentinel-2 temporal hypothesis (April green -> May flowering-period green -> June harvested/brown/ploughed). NOT independently confirmed sunflower ground truth. NOT derived from or cross-checked against AMED crop labels.", "real_pu_spent": 0.6933333539962768}}, {"type": "Feature", "id": "7JXRVXHH+FX89", "geometry": {"type": "MultiPolygon", "coordinates": [[[[76.98029489999999, 29.878715399999997], [76.980026, 29.878728400000004], [76.97965429999999, 29.878779099999996], [76.97965049999999, 29.878589700000003], [76.980302, 29.8785528], [76.98029489999999, 29.878715399999997]]]]}, "properties": {"field_id": "7JXRVXHH+FX89", "centroid_lat": 29.87868, "centroid_lon": 76.980037, "area_sqm": 1170.7323, "source_cell": "390e6824", "ndvi_apr": 0.48935216975708795, "ndvi_may": 0.45496967070632516, "ndvi_june": 0.22825545859005716, "ndvi_apr_june_change": 0.2610967111670308, "ndre_apr": 0.27988217015647227, "ndre_may": 0.2537638381951385, "ndre_june": 0.13193909052966368, "ndwi_apr": 0.017137299356464707, "ndwi_may": -0.006655115354806181, "ndwi_june": -0.059293545599858694, "ndyi_apr": 0.2587368105434709, "ndyi_may": 0.3107885837554931, "ndyi_june": 0.14078872226592568, "valid_pixel_fraction": 1.0, "baseline_rule_pass": false, "sunflower_candidate_score": 0.4881, "candidate_tier": "B", "training_label": "SUNFLOWER_WEAK_POSITIVE_MEDIUM", "label_method": "cofounder_green_to_brown_temporal_heuristic", "label_provenance": "Weak label derived from the co-founder's Google Earth field observation (Delhi->Chandigarh drive, 2026-05-09, large sunflower areas in full bloom near Kurukshetra-Karnal) and her resulting Sentinel-2 temporal hypothesis (April green -> May flowering-period green -> June harvested/brown/ploughed). NOT independently confirmed sunflower ground truth. NOT derived from or cross-checked against AMED crop labels.", "real_pu_spent": 0.6933333539962768}}, {"type": "Feature", "id": "7JXRVXHP+WQF5", "geometry": {"type": "MultiPolygon", "coordinates": [[[[76.9866369, 29.879549299999997], [76.9872685, 29.879557799999997], [76.98728249999999, 29.879738], [76.98726409999999, 29.8798556], [76.98726789999999, 29.880045], [76.9865953, 29.880064100000002], [76.9865899, 29.8797936], [76.986606, 29.879558799999995], [76.9866369, 29.879549299999997]]]]}, "properties": {"field_id": "7JXRVXHP+WQF5", "centroid_lat": 29.879746, "centroid_lon": 76.986905, "area_sqm": 3630.7979, "source_cell": "390e6824", "ndvi_apr": 0.153418270028418, "ndvi_may": 0.1028751178156762, "ndvi_june": 0.09640174851353679, "ndvi_apr_june_change": 0.05701652151488122, "ndre_apr": 0.0866507872318228, "ndre_may": 0.05391830175760247, "ndre_june": 0.04472049190995417, "ndwi_apr": -0.10831261142378763, "ndwi_may": -0.1679195175568263, "ndwi_june": -0.13100782675402503, "ndyi_apr": 0.17731995508074763, "ndyi_may": 0.1697157986816906, "ndyi_june": 0.10100812453865296, "valid_pixel_fraction": 1.0, "baseline_rule_pass": false, "sunflower_candidate_score": 0.3198, "candidate_tier": "D", "training_label": "NON_SUNFLOWER_TEMPORAL_NEGATIVE", "label_method": "cofounder_green_to_brown_temporal_heuristic", "label_provenance": "Weak label derived from the co-founder's Google Earth field observation (Delhi->Chandigarh drive, 2026-05-09, large sunflower areas in full bloom near Kurukshetra-Karnal) and her resulting Sentinel-2 temporal hypothesis (April green -> May flowering-period green -> June harvested/brown/ploughed). NOT independently confirmed sunflower ground truth. NOT derived from or cross-checked against AMED crop labels.", "real_pu_spent": 0.6933333539962768}}, {"type": "Feature", "id": "7JXRVXHJ+3G8R", "geometry": {"type": "MultiPolygon", "coordinates": [[[[76.981408, 29.877417500000004], [76.98142849999999, 29.8774082], [76.98169779999999, 29.8774132], [76.9817037, 29.8777108], [76.9816874, 29.877936599999998], [76.9814076, 29.877922700000006], [76.9809318, 29.8779389], [76.9809421, 29.8774155], [76.981408, 29.877417500000004]]]]}, "properties": {"field_id": "7JXRVXHJ+3G8R", "centroid_lat": 29.87762, "centroid_lon": 76.981402, "area_sqm": 4213.931, "source_cell": "390e6824", "ndvi_apr": 0.15154440829619056, "ndvi_may": 0.15124870730297904, "ndvi_june": 0.32676093617365476, "ndvi_apr_june_change": -0.1752165278774642, "ndre_apr": 0.09132894137430758, "ndre_may": 0.03038007927409906, "ndre_june": 0.16679540021522413, "ndwi_apr": -0.0977269456766191, "ndwi_may": -0.19234333524391767, "ndwi_june": -0.0010753136344387113, "ndyi_apr": 0.17674592350210463, "ndyi_may": 0.29361575785410277, "ndyi_june": 0.15565286842840056, "valid_pixel_fraction": 1.0, "baseline_rule_pass": false, "sunflower_candidate_score": 0.1793, "candidate_tier": "D", "training_label": "NON_SUNFLOWER_TEMPORAL_NEGATIVE", "label_method": "cofounder_green_to_brown_temporal_heuristic", "label_provenance": "Weak label derived from the co-founder's Google Earth field observation (Delhi->Chandigarh drive, 2026-05-09, large sunflower areas in full bloom near Kurukshetra-Karnal) and her resulting Sentinel-2 temporal hypothesis (April green -> May flowering-period green -> June harvested/brown/ploughed). NOT independently confirmed sunflower ground truth. NOT derived from or cross-checked against AMED crop labels.", "real_pu_spent": 0.6933333539962768}}, {"type": "Feature", "id": "7JXRVXCM+GHJV", "geometry": {"type": "MultiPolygon", "coordinates": [[[[76.9829563, 29.870907400000004], [76.9829786, 29.8709883], [76.9829932, 29.870681299999994], [76.98298679999999, 29.870356599999994], [76.98500480000001, 29.8703263], [76.9849969, 29.870452699999998], [76.98503989999999, 29.871056499999998], [76.98505349999999, 29.871741999999998], [76.9850819, 29.872129499999996], [76.9850819, 29.872652799999997], [76.9849363, 29.872618900000003], [76.98451949999999, 29.872480799999998], [76.98421689999999, 29.872359000000003], [76.98384180000001, 29.872238399999997], [76.983435, 29.872082099999997], [76.9830915, 29.871987999999998], [76.9822683, 29.871711700000006], [76.9822961, 29.8715489], [76.9822836, 29.8709175], [76.9829563, 29.870907400000004]]]]}, "properties": {"field_id": "7JXRVXCM+GHJV", "centroid_lat": 29.871507, "centroid_lon": 76.983801, "area_sqm": 50129.7659, "source_cell": "390e6824", "ndvi_apr": 0.1788612686166608, "ndvi_may": 0.12827476268841154, "ndvi_june": 0.11867623386380721, "ndvi_apr_june_change": 0.06018503475285358, "ndre_apr": 0.10228045234387668, "ndre_may": 0.07155089414217165, "ndre_june": 0.062385490681496014, "ndwi_apr": -0.11096902550747874, "ndwi_may": -0.1458301489048257, "ndwi_june": -0.11545785943981389, "ndyi_apr": 0.20787630565464493, "ndyi_may": 0.1943130695185176, "ndyi_june": 0.10988925899713985, "valid_pixel_fraction": 1.0, "baseline_rule_pass": false, "sunflower_candidate_score": 0.3167, "candidate_tier": "D", "training_label": "NON_SUNFLOWER_TEMPORAL_NEGATIVE", "label_method": "cofounder_green_to_brown_temporal_heuristic", "label_provenance": "Weak label derived from the co-founder's Google Earth field observation (Delhi->Chandigarh drive, 2026-05-09, large sunflower areas in full bloom near Kurukshetra-Karnal) and her resulting Sentinel-2 temporal hypothesis (April green -> May flowering-period green -> June harvested/brown/ploughed). NOT independently confirmed sunflower ground truth. NOT derived from or cross-checked against AMED crop labels.", "real_pu_spent": 0.6933333539962768}}, {"type": "Feature", "id": "7JXVV2MH+4J6F", "geometry": {"type": "MultiPolygon", "coordinates": [[[[77.0290442, 29.882765199999998], [77.0290449, 29.8828013], [77.0289828, 29.8828022], [77.0289822, 29.882775199999994], [77.0290442, 29.882765199999998]]]]}, "properties": {"field_id": "7JXVV2MH+4J6F", "centroid_lat": 29.882782, "centroid_lon": 77.02902, "area_sqm": 21.0212, "source_cell": "390e67f4", "ndvi_apr": 0.2758505046367645, "ndvi_may": 0.2665872037410736, "ndvi_june": 0.20185010631879172, "ndvi_apr_june_change": 0.07400039831797281, "ndre_apr": 0.07509108353406191, "ndre_may": 0.10194471776485443, "ndre_june": 0.04683749657124281, "ndwi_apr": -0.10132316313683987, "ndwi_may": -0.13249921798706055, "ndwi_june": -0.13832841565211615, "ndyi_apr": 0.1720366533845663, "ndyi_may": 0.26655030250549316, "ndyi_june": 0.144436905781428, "valid_pixel_fraction": 0.917, "baseline_rule_pass": false, "sunflower_candidate_score": 0.3072, "candidate_tier": "D", "training_label": "NON_SUNFLOWER_TEMPORAL_NEGATIVE", "label_method": "cofounder_green_to_brown_temporal_heuristic", "label_provenance": "Weak label derived from the co-founder's Google Earth field observation (Delhi->Chandigarh drive, 2026-05-09, large sunflower areas in full bloom near Kurukshetra-Karnal) and her resulting Sentinel-2 temporal hypothesis (April green -> May flowering-period green -> June harvested/brown/ploughed). NOT independently confirmed sunflower ground truth. NOT derived from or cross-checked against AMED crop labels.", "real_pu_spent": 0.6933333539962768}}, {"type": "Feature", "id": "7JXVV2JH+Q3JM", "geometry": {"type": "MultiPolygon", "coordinates": [[[[77.027834, 29.881800400000003], [77.0278846, 29.882250699999993], [77.0274288, 29.8822397], [77.0274134, 29.8819873], [77.027367, 29.881744399999995], [77.0277997, 29.8816386], [77.027834, 29.881800400000003]]]]}, "properties": {"field_id": "7JXVV2JH+Q3JM", "centroid_lat": 29.881923, "centroid_lon": 77.027652, "area_sqm": 2670.6922, "source_cell": "390e67f4", "ndvi_apr": 0.1354699948536498, "ndvi_may": 0.10372279439653669, "ndvi_june": 0.0776109676630724, "ndvi_apr_june_change": 0.057859027190577395, "ndre_apr": 0.07205137812665531, "ndre_may": 0.055698028377124245, "ndre_june": 0.031220686289348768, "ndwi_apr": -0.11416201841618334, "ndwi_may": -0.15362014540604182, "ndwi_june": -0.1558955645986966, "ndyi_apr": 0.1554517245718411, "ndyi_may": 0.1508822248663221, "ndyi_june": 0.11957574976342067, "valid_pixel_fraction": 0.917, "baseline_rule_pass": false, "sunflower_candidate_score": 0.3211, "candidate_tier": "D", "training_label": "NON_SUNFLOWER_TEMPORAL_NEGATIVE", "label_method": "cofounder_green_to_brown_temporal_heuristic", "label_provenance": "Weak label derived from the co-founder's Google Earth field observation (Delhi->Chandigarh drive, 2026-05-09, large sunflower areas in full bloom near Kurukshetra-Karnal) and her resulting Sentinel-2 temporal hypothesis (April green -> May flowering-period green -> June harvested/brown/ploughed). NOT independently confirmed sunflower ground truth. NOT derived from or cross-checked against AMED crop labels.", "real_pu_spent": 0.6933333539962768}}, {"type": "Feature", "id": "7JXVV2GM+533W", "geometry": {"type": "MultiPolygon", "coordinates": [[[[77.0325649, 29.8751506], [77.0330201, 29.8751346], [77.0330202, 29.875648899999998], [77.032337, 29.875650399999998], [77.03233689999999, 29.8751361], [77.0325649, 29.8751506]]]]}, "properties": {"field_id": "7JXVV2GM+533W", "centroid_lat": 29.875312, "centroid_lon": 77.032641, "area_sqm": 3711.7285, "source_cell": "390e67f4", "ndvi_apr": 0.18834632812511354, "ndvi_may": 0.1935452211470831, "ndvi_june": 0.17863081643978754, "ndvi_apr_june_change": 0.009715511685326, "ndre_apr": 0.11767690956947348, "ndre_may": 0.1355417944668304, "ndre_june": 0.12888810747591337, "ndwi_apr": -0.06738304571499902, "ndwi_may": -0.07880451787135652, "ndwi_june": -0.044664939137412214, "ndyi_apr": 0.183327522187952, "ndyi_may": 0.18254469484090802, "ndyi_june": 0.12705836947711685, "valid_pixel_fraction": 0.833, "baseline_rule_pass": false, "sunflower_candidate_score": 0.2446, "candidate_tier": "D", "training_label": "NON_SUNFLOWER_TEMPORAL_NEGATIVE", "label_method": "cofounder_green_to_brown_temporal_heuristic", "label_provenance": "Weak label derived from the co-founder's Google Earth field observation (Delhi->Chandigarh drive, 2026-05-09, large sunflower areas in full bloom near Kurukshetra-Karnal) and her resulting Sentinel-2 temporal hypothesis (April green -> May flowering-period green -> June harvested/brown/ploughed). NOT independently confirmed sunflower ground truth. NOT derived from or cross-checked against AMED crop labels.", "real_pu_spent": 0.6933333539962768}}, {"type": "Feature", "id": "7JXVV2FJ+PG6F", "geometry": {"type": "MultiPolygon", "coordinates": [[[[77.0315787, 29.873993], [77.03161469999999, 29.874236], [77.0316215, 29.8745697], [77.0312491, 29.874584499999997], [77.0309383, 29.8745712], [77.0309132, 29.8743551], [77.0309061, 29.874003300000002], [77.0315787, 29.873993]]]]}, "properties": {"field_id": "7JXVV2FJ+PG6F", "centroid_lat": 29.874288, "centroid_lon": 77.0313, "area_sqm": 4307.8339, "source_cell": "390e67f4", "ndvi_apr": 0.2349022783997918, "ndvi_may": 0.22452914839496413, "ndvi_june": 0.2157725404415812, "ndvi_apr_june_change": 0.019129737958210602, "ndre_apr": 0.13430008799040402, "ndre_may": 0.1424428357913786, "ndre_june": 0.14059961218462916, "ndwi_apr": -0.08583721668034995, "ndwi_may": -0.09187951354423955, "ndwi_june": 0.007678672227831113, "ndyi_apr": 0.2109097553556468, "ndyi_may": 0.21322363876566594, "ndyi_june": 0.14333944874150414, "valid_pixel_fraction": 0.833, "baseline_rule_pass": false, "sunflower_candidate_score": 0.2405, "candidate_tier": "D", "training_label": "NON_SUNFLOWER_TEMPORAL_NEGATIVE", "label_method": "cofounder_green_to_brown_temporal_heuristic", "label_provenance": "Weak label derived from the co-founder's Google Earth field observation (Delhi->Chandigarh drive, 2026-05-09, large sunflower areas in full bloom near Kurukshetra-Karnal) and her resulting Sentinel-2 temporal hypothesis (April green -> May flowering-period green -> June harvested/brown/ploughed). NOT independently confirmed sunflower ground truth. NOT derived from or cross-checked against AMED crop labels.", "real_pu_spent": 0.6933333539962768}}, {"type": "Feature", "id": "7JXVV2GH+H2PG", "geometry": {"type": "MultiPolygon", "coordinates": [[[[77.0295732, 29.876171099999997], [77.0295537, 29.876234500000002], [77.02952259999999, 29.876740199999997], [77.0295031, 29.8768037], [77.0280951, 29.87679829999999], [77.0250836, 29.876844499999997], [77.02510350000001, 29.876293900000004], [77.02512399999999, 29.876284499999997], [77.0252687, 29.8762733], [77.02539329999999, 29.876289399999997], [77.0259212, 29.876290399999995], [77.02612859999999, 29.876305199999997], [77.0270905, 29.8762634], [77.0274941, 29.876257199999998], [77.0278567, 29.876269599999997], [77.0288707, 29.876244999999997], [77.0288597, 29.875703899999998], [77.0291493, 29.875690400000003], [77.0295533, 29.875702199999996], [77.0295732, 29.876171099999997]]]]}, "properties": {"field_id": "7JXVV2GH+H2PG", "centroid_lat": 29.876282, "centroid_lon": 77.027636, "area_sqm": 30068.6191, "source_cell": "390e67f4", "ndvi_apr": 0.32053953259070334, "ndvi_may": 0.31127774102434136, "ndvi_june": 0.27700382732832407, "ndvi_apr_june_change": 0.043535705262379265, "ndre_apr": 0.19601517106685457, "ndre_may": 0.18001173154203867, "ndre_june": 0.17128987848635155, "ndwi_apr": -0.0167819726186539, "ndwi_may": -0.041083538181042586, "ndwi_june": -0.019978208711960935, "ndyi_apr": 0.20514048778672572, "ndyi_may": 0.24130307515925634, "ndyi_june": 0.15804050547098855, "valid_pixel_fraction": 0.917, "baseline_rule_pass": false, "sunflower_candidate_score": 0.2779, "candidate_tier": "D", "training_label": "NON_SUNFLOWER_TEMPORAL_NEGATIVE", "label_method": "cofounder_green_to_brown_temporal_heuristic", "label_provenance": "Weak label derived from the co-founder's Google Earth field observation (Delhi->Chandigarh drive, 2026-05-09, large sunflower areas in full bloom near Kurukshetra-Karnal) and her resulting Sentinel-2 temporal hypothesis (April green -> May flowering-period green -> June harvested/brown/ploughed). NOT independently confirmed sunflower ground truth. NOT derived from or cross-checked against AMED crop labels.", "real_pu_spent": 0.6933333539962768}}, {"type": "Feature", "id": "7JXRWQMH+G6GM", "geometry": {"type": "MultiPolygon", "coordinates": [[[[76.778098, 29.9338451], [76.778036, 29.9338549], [76.7780859, 29.933746], [76.778098, 29.9338451]]]]}, "properties": {"field_id": "7JXRWQMH+G6GM", "centroid_lat": 29.933823, "centroid_lon": 76.778079, "area_sqm": 33.5408, "source_cell": "390e3edc", "ndvi_apr": 0.24384224911530814, "ndvi_may": 0.23109715282917023, "ndvi_june": 0.17748678475618362, "ndvi_apr_june_change": 0.06635546435912451, "ndre_apr": 0.12194451441367467, "ndre_may": 0.09929047487676143, "ndre_june": 0.09046341851353645, "ndwi_apr": -0.03984161807845036, "ndwi_may": -0.10037039965391159, "ndwi_june": -0.09481395035982132, "ndyi_apr": 0.2290861209233602, "ndyi_may": 0.1923645943403244, "ndyi_june": 0.1350451037287712, "valid_pixel_fraction": 0.75, "baseline_rule_pass": false, "sunflower_candidate_score": 0.289, "candidate_tier": "D", "training_label": "NON_SUNFLOWER_TEMPORAL_NEGATIVE", "label_method": "cofounder_green_to_brown_temporal_heuristic", "label_provenance": "Weak label derived from the co-founder's Google Earth field observation (Delhi->Chandigarh drive, 2026-05-09, large sunflower areas in full bloom near Kurukshetra-Karnal) and her resulting Sentinel-2 temporal hypothesis (April green -> May flowering-period green -> June harvested/brown/ploughed). NOT independently confirmed sunflower ground truth. NOT derived from or cross-checked against AMED crop labels.", "real_pu_spent": 0.6933333539962768}}, {"type": "Feature", "id": "7JXRWRM5+9RGR", "geometry": {"type": "MultiPolygon", "coordinates": [[[[76.8095918, 29.9334254], [76.8095824, 29.933479700000003], [76.8095408, 29.9334712], [76.8095398, 29.9334171], [76.8095918, 29.9334254]]]]}, "properties": {"field_id": "7JXRWRM5+9RGR", "centroid_lat": 29.933444, "centroid_lon": 76.809569, "area_sqm": 27.5328, "source_cell": "390e3f44", "ndvi_apr": 0.20831870039304098, "ndvi_may": 0.24038060009479523, "ndvi_june": 0.5120093673467636, "ndvi_apr_june_change": -0.3036906669537226, "ndre_apr": 0.16981119414170584, "ndre_may": 0.1730474591255188, "ndre_june": 0.32107149064540863, "ndwi_apr": -0.06942284425410132, "ndwi_may": 0.00221100989729166, "ndwi_june": 0.09559852816164494, "ndyi_apr": 0.18229460219542185, "ndyi_may": 0.22769733816385268, "ndyi_june": 0.1917307749390602, "valid_pixel_fraction": 0.75, "baseline_rule_pass": false, "sunflower_candidate_score": 0.1904, "candidate_tier": "D", "training_label": "NON_SUNFLOWER_TEMPORAL_NEGATIVE", "label_method": "cofounder_green_to_brown_temporal_heuristic", "label_provenance": "Weak label derived from the co-founder's Google Earth field observation (Delhi->Chandigarh drive, 2026-05-09, large sunflower areas in full bloom near Kurukshetra-Karnal) and her resulting Sentinel-2 temporal hypothesis (April green -> May flowering-period green -> June harvested/brown/ploughed). NOT independently confirmed sunflower ground truth. NOT derived from or cross-checked against AMED crop labels.", "real_pu_spent": 0.6933333539962768}}, {"type": "Feature", "id": "7JXRWRM3+868X", "geometry": {"type": "MultiPolygon", "coordinates": [[[[76.8034833, 29.9330309], [76.8034929, 29.933563099999997], [76.80271619999999, 29.933573799999998], [76.8026917, 29.933366599999996], [76.8026959, 29.9330237], [76.8034833, 29.9330309]]]]}, "properties": {"field_id": "7JXRWRM3+868X", "centroid_lat": 29.933265, "centroid_lon": 76.803094, "area_sqm": 4584.4841, "source_cell": "390e3f44", "ndvi_apr": 0.14761431240994066, "ndvi_may": 0.1231504637437562, "ndvi_june": 0.07211413485411967, "ndvi_apr_june_change": 0.07550017755582099, "ndre_apr": 0.07352031044299819, "ndre_may": 0.06638131365180015, "ndre_june": 0.014262060424597526, "ndwi_apr": -0.10467580323004061, "ndwi_may": -0.14327109139412644, "ndwi_june": -0.11946950726107593, "ndyi_apr": 0.1794224009952611, "ndyi_may": 0.1843573622095088, "ndyi_june": 0.11106281701682345, "valid_pixel_fraction": 0.833, "baseline_rule_pass": false, "sunflower_candidate_score": 0.3332, "candidate_tier": "D", "training_label": "NON_SUNFLOWER_TEMPORAL_NEGATIVE", "label_method": "cofounder_green_to_brown_temporal_heuristic", "label_provenance": "Weak label derived from the co-founder's Google Earth field observation (Delhi->Chandigarh drive, 2026-05-09, large sunflower areas in full bloom near Kurukshetra-Karnal) and her resulting Sentinel-2 temporal hypothesis (April green -> May flowering-period green -> June harvested/brown/ploughed). NOT independently confirmed sunflower ground truth. NOT derived from or cross-checked against AMED crop labels.", "real_pu_spent": 0.6933333539962768}}, {"type": "Feature", "id": "7JXRWVW5+F9V2", "geometry": {"type": "MultiPolygon", "coordinates": [[[[76.85860559999999, 29.946042099999996], [76.8586213, 29.9463306], [76.85860459999999, 29.946547400000004], [76.8585734, 29.946538799999995], [76.8583001, 29.9463261], [76.85806819999999, 29.94611290000001], [76.8580568, 29.946058899999997], [76.85860559999999, 29.946042099999996]]]]}, "properties": {"field_id": "7JXRWVW5+F9V2", "centroid_lat": 29.94625, "centroid_lon": 76.858429, "area_sqm": 1754.0124, "source_cell": "390e40c4", "ndvi_apr": 0.14976751091687576, "ndvi_may": 0.13675262124642082, "ndvi_june": 0.14316063823681033, "ndvi_apr_june_change": 0.006606872680065434, "ndre_apr": 0.09974233455200127, "ndre_may": 0.09229948208059954, "ndre_june": 0.06797629528215542, "ndwi_apr": -0.07166307910844899, "ndwi_may": -0.09438194556404715, "ndwi_june": -0.1034968658642852, "ndyi_apr": 0.17138133036053702, "ndyi_may": 0.16952216404935588, "ndyi_june": 0.11469218240802742, "valid_pixel_fraction": 0.833, "baseline_rule_pass": false, "sunflower_candidate_score": 0.2477, "candidate_tier": "D", "training_label": "NON_SUNFLOWER_TEMPORAL_NEGATIVE", "label_method": "cofounder_green_to_brown_temporal_heuristic", "label_provenance": "Weak label derived from the co-founder's Google Earth field observation (Delhi->Chandigarh drive, 2026-05-09, large sunflower areas in full bloom near Kurukshetra-Karnal) and her resulting Sentinel-2 temporal hypothesis (April green -> May flowering-period green -> June harvested/brown/ploughed). NOT independently confirmed sunflower ground truth. NOT derived from or cross-checked against AMED crop labels.", "real_pu_spent": 0.6933333539962768}}, {"type": "Feature", "id": "7JXRWVQ2+7JV5", "geometry": {"type": "MultiPolygon", "coordinates": [[[[76.8521554, 29.9378775], [76.85221299999999, 29.9387519], [76.85161839999999, 29.9390851], [76.85158729999999, 29.939085499999994], [76.8512946, 29.938945300000004], [76.8506858, 29.93851170000001], [76.8506855, 29.938493700000002], [76.85079689999999, 29.938356799999998], [76.8510675, 29.937865799999997], [76.8512868, 29.937402499999997], [76.8520637, 29.937400699999998], [76.8521554, 29.9378775]]]]}, "properties": {"field_id": "7JXRWVQ2+7JV5", "centroid_lat": 29.938305, "centroid_lon": 76.851468, "area_sqm": 19322.3101, "source_cell": "390e40c4", "ndvi_apr": 0.36520582346600444, "ndvi_may": 0.2848150053460684, "ndvi_june": 0.09128490556308644, "ndvi_apr_june_change": 0.273920917902918, "ndre_apr": 0.20851765582448842, "ndre_may": 0.14964153605937358, "ndre_june": 0.04228601704242118, "ndwi_apr": 0.00986752658372142, "ndwi_may": -0.07414195091951116, "ndwi_june": -0.11730351672130862, "ndyi_apr": 0.2099359867916931, "ndyi_may": 0.24504419985626424, "ndyi_june": 0.12003044506058184, "valid_pixel_fraction": 0.833, "baseline_rule_pass": false, "sunflower_candidate_score": 0.5129, "candidate_tier": "B", "training_label": "SUNFLOWER_WEAK_POSITIVE_MEDIUM", "label_method": "cofounder_green_to_brown_temporal_heuristic", "label_provenance": "Weak label derived from the co-founder's Google Earth field observation (Delhi->Chandigarh drive, 2026-05-09, large sunflower areas in full bloom near Kurukshetra-Karnal) and her resulting Sentinel-2 temporal hypothesis (April green -> May flowering-period green -> June harvested/brown/ploughed). NOT independently confirmed sunflower ground truth. NOT derived from or cross-checked against AMED crop labels.", "real_pu_spent": 0.6933333539962768}}, {"type": "Feature", "id": "7JXRWWP3+HH8V", "geometry": {"type": "MultiPolygon", "coordinates": [[[[76.90417699999999, 29.936161699999996], [76.9041766, 29.936684999999997], [76.9037309, 29.9366734], [76.9036904, 29.9361777], [76.90417699999999, 29.936161699999996]]]]}, "properties": {"field_id": "7JXRWWP3+HH8V", "centroid_lat": 29.936372, "centroid_lon": 76.90399, "area_sqm": 2544.8242, "source_cell": "390e416c", "ndvi_apr": 0.17240167885320262, "ndvi_may": 0.12331815456350644, "ndvi_june": 0.16144249954571327, "ndvi_apr_june_change": 0.010959179307489353, "ndre_apr": 0.08972962743137032, "ndre_may": 0.07323598566154638, "ndre_june": 0.07417618174416324, "ndwi_apr": -0.07234828578366431, "ndwi_may": -0.12363185244301955, "ndwi_june": 0.0009039088229959094, "ndyi_apr": 0.13216383286829417, "ndyi_may": 0.14149314382423955, "ndyi_june": 0.09847265750480196, "valid_pixel_fraction": 1.0, "baseline_rule_pass": false, "sunflower_candidate_score": 0.2566, "candidate_tier": "D", "training_label": "NON_SUNFLOWER_TEMPORAL_NEGATIVE", "label_method": "cofounder_green_to_brown_temporal_heuristic", "label_provenance": "Weak label derived from the co-founder's Google Earth field observation (Delhi->Chandigarh drive, 2026-05-09, large sunflower areas in full bloom near Kurukshetra-Karnal) and her resulting Sentinel-2 temporal hypothesis (April green -> May flowering-period green -> June harvested/brown/ploughed). NOT independently confirmed sunflower ground truth. NOT derived from or cross-checked against AMED crop labels.", "real_pu_spent": 0.6933333539962768}}, {"type": "Feature", "id": "7JXRWVMX+8R5Q", "geometry": {"type": "MultiPolygon", "coordinates": [[[[76.8996822, 29.932942500000003], [76.89973549999999, 29.933022899999997], [76.8997559, 29.933004600000004], [76.89994250000001, 29.933010900000003], [76.8999631, 29.933551899999998], [76.8993107, 29.933561299999997], [76.8993096, 29.932956900000004], [76.8996822, 29.932942500000003]]]]}, "properties": {"field_id": "7JXRWVMX+8R5Q", "centroid_lat": 29.933124, "centroid_lon": 76.899673, "area_sqm": 4024.4838, "source_cell": "390e416c", "ndvi_apr": 0.17926963483766903, "ndvi_may": 0.20427101960494404, "ndvi_june": 0.12974041452010474, "ndvi_apr_june_change": 0.04952922031756429, "ndre_apr": 0.09878573371540932, "ndre_may": 0.12328445207150207, "ndre_june": 0.07384246572231251, "ndwi_apr": -0.07306432395818686, "ndwi_may": -0.08522661591746979, "ndwi_june": -0.10212382399255321, "ndyi_apr": 0.16401911698400026, "ndyi_may": 0.1729354291444733, "ndyi_june": 0.12224550350081356, "valid_pixel_fraction": 0.75, "baseline_rule_pass": false, "sunflower_candidate_score": 0.293, "candidate_tier": "D", "training_label": "NON_SUNFLOWER_TEMPORAL_NEGATIVE", "label_method": "cofounder_green_to_brown_temporal_heuristic", "label_provenance": "Weak label derived from the co-founder's Google Earth field observation (Delhi->Chandigarh drive, 2026-05-09, large sunflower areas in full bloom near Kurukshetra-Karnal) and her resulting Sentinel-2 temporal hypothesis (April green -> May flowering-period green -> June harvested/brown/ploughed). NOT independently confirmed sunflower ground truth. NOT derived from or cross-checked against AMED crop labels.", "real_pu_spent": 0.6933333539962768}}, {"type": "Feature", "id": "7JXRWVMX+QPQC", "geometry": {"type": "MultiPolygon", "coordinates": [[[[76.89996479999999, 29.9341835], [76.900003, 29.934561799999997], [76.9000216, 29.934994600000003], [76.89975319999999, 29.9350436], [76.89936, 29.935067299999993], [76.8993564, 29.9348779], [76.8993225, 29.934725000000004], [76.8993222, 29.935257300000007], [76.89891829999999, 29.9352632], [76.8986589, 29.9352398], [76.898658, 29.934644399999996], [76.898626, 29.9340494], [76.8992986, 29.9340126], [76.8993009, 29.9335885], [76.89996359999999, 29.933579], [76.89996479999999, 29.9341835]]]]}, "properties": {"field_id": "7JXRWVMX+QPQC", "centroid_lat": 29.934579, "centroid_lon": 76.899406, "area_sqm": 19200.9989, "source_cell": "390e416c", "ndvi_apr": 0.12579234217081575, "ndvi_may": 0.11204825573175854, "ndvi_june": 0.09561764306018078, "ndvi_apr_june_change": 0.030174699110634973, "ndre_apr": 0.06488230263759875, "ndre_may": 0.06332662601424584, "ndre_june": 0.04524167652357172, "ndwi_apr": -0.09095805818837067, "ndwi_may": -0.12829558040282135, "ndwi_june": -0.13119574115855748, "ndyi_apr": 0.12039842386102101, "ndyi_may": 0.1493304109327423, "ndyi_june": 0.12304609992261076, "valid_pixel_fraction": 0.833, "baseline_rule_pass": false, "sunflower_candidate_score": 0.284, "candidate_tier": "D", "training_label": "NON_SUNFLOWER_TEMPORAL_NEGATIVE", "label_method": "cofounder_green_to_brown_temporal_heuristic", "label_provenance": "Weak label derived from the co-founder's Google Earth field observation (Delhi->Chandigarh drive, 2026-05-09, large sunflower areas in full bloom near Kurukshetra-Karnal) and her resulting Sentinel-2 temporal hypothesis (April green -> May flowering-period green -> June harvested/brown/ploughed). NOT independently confirmed sunflower ground truth. NOT derived from or cross-checked against AMED crop labels.", "real_pu_spent": 0.6933333539962768}}, {"type": "Feature", "id": "7JXRWWMW+RJQ4", "geometry": {"type": "MultiPolygon", "coordinates": [[[[76.9465855, 29.934558599999995], [76.9466581, 29.934566599999997], [76.9466174, 29.934603300000003], [76.9465862, 29.934594699999998], [76.9465855, 29.934558599999995]]]]}, "properties": {"field_id": "7JXRWWMW+RJQ4", "centroid_lat": 29.934576, "centroid_lon": 76.946607, "area_sqm": 22.0236, "source_cell": "390e43bc", "ndvi_apr": 0.25597336888313293, "ndvi_may": 0.2705228328704834, "ndvi_june": 0.21613876024881998, "ndvi_apr_june_change": 0.03983460863431296, "ndre_apr": 0.1237491425126791, "ndre_may": 0.09693145006895065, "ndre_june": 0.1133053849140803, "ndwi_apr": -0.0625594649463892, "ndwi_may": -0.05166239961981774, "ndwi_june": -0.03206602359811465, "ndyi_apr": 0.19666680321097374, "ndyi_may": 0.20506882518529893, "ndyi_june": 0.1509085769454638, "valid_pixel_fraction": 0.917, "baseline_rule_pass": false, "sunflower_candidate_score": 0.2741, "candidate_tier": "D", "training_label": "NON_SUNFLOWER_TEMPORAL_NEGATIVE", "label_method": "cofounder_green_to_brown_temporal_heuristic", "label_provenance": "Weak label derived from the co-founder's Google Earth field observation (Delhi->Chandigarh drive, 2026-05-09, large sunflower areas in full bloom near Kurukshetra-Karnal) and her resulting Sentinel-2 temporal hypothesis (April green -> May flowering-period green -> June harvested/brown/ploughed). NOT independently confirmed sunflower ground truth. NOT derived from or cross-checked against AMED crop labels.", "real_pu_spent": 0.6933333539962768}}, {"type": "Feature", "id": "7JXRWWVX+92GV", "geometry": {"type": "MultiPolygon", "coordinates": [[[[76.9477278, 29.9432119], [76.94774869999999, 29.943753], [76.9475312, 29.943756200000003], [76.9474761, 29.9435856], [76.9473465, 29.943316799999998], [76.9473134, 29.943209], [76.9477067, 29.9431942], [76.9477278, 29.9432119]]]]}, "properties": {"field_id": "7JXRWWVX+92GV", "centroid_lat": 29.943405, "centroid_lon": 76.947572, "area_sqm": 1870.5013, "source_cell": "390e43bc", "ndvi_apr": 0.20206293179875334, "ndvi_may": 0.17444286204519727, "ndvi_june": 0.14755577815785295, "ndvi_apr_june_change": 0.05450715364090039, "ndre_apr": 0.11030724147955576, "ndre_may": 0.1017435203705515, "ndre_june": 0.08625757636591082, "ndwi_apr": -0.09616092911788396, "ndwi_may": -0.0758658929506228, "ndwi_june": -0.054351933457794425, "ndyi_apr": 0.2141383286742937, "ndyi_may": 0.1977773225023633, "ndyi_june": 0.11995007638775167, "valid_pixel_fraction": 0.833, "baseline_rule_pass": false, "sunflower_candidate_score": 0.291, "candidate_tier": "D", "training_label": "NON_SUNFLOWER_TEMPORAL_NEGATIVE", "label_method": "cofounder_green_to_brown_temporal_heuristic", "label_provenance": "Weak label derived from the co-founder's Google Earth field observation (Delhi->Chandigarh drive, 2026-05-09, large sunflower areas in full bloom near Kurukshetra-Karnal) and her resulting Sentinel-2 temporal hypothesis (April green -> May flowering-period green -> June harvested/brown/ploughed). NOT independently confirmed sunflower ground truth. NOT derived from or cross-checked against AMED crop labels.", "real_pu_spent": 0.6933333539962768}}, {"type": "Feature", "id": "7JXRWWQX+VJ44", "geometry": {"type": "MultiPolygon", "coordinates": [[[[76.9494034, 29.9393618], [76.9494343, 29.9398846], [76.94876119999999, 29.93989460000001], [76.9487405, 29.939362599999992], [76.9494034, 29.9393618]]]]}, "properties": {"field_id": "7JXRWWQX+VJ44", "centroid_lat": 29.939573, "centroid_lon": 76.949149, "area_sqm": 3776.538, "source_cell": "390e43bc", "ndvi_apr": 0.15158192250168043, "ndvi_may": 0.17495218746009328, "ndvi_june": 0.2437969803229555, "ndvi_apr_june_change": -0.09221505782127506, "ndre_apr": 0.09230974510622522, "ndre_may": 0.11554095725573246, "ndre_june": 0.13313485900264183, "ndwi_apr": -0.0699331755244029, "ndwi_may": -0.07968297008247602, "ndwi_june": 0.035436418693657816, "ndyi_apr": 0.14949182039570239, "ndyi_may": 0.16415765909921556, "ndyi_june": 0.1341269513898533, "valid_pixel_fraction": 1.0, "baseline_rule_pass": false, "sunflower_candidate_score": 0.1889, "candidate_tier": "D", "training_label": "NON_SUNFLOWER_TEMPORAL_NEGATIVE", "label_method": "cofounder_green_to_brown_temporal_heuristic", "label_provenance": "Weak label derived from the co-founder's Google Earth field observation (Delhi->Chandigarh drive, 2026-05-09, large sunflower areas in full bloom near Kurukshetra-Karnal) and her resulting Sentinel-2 temporal hypothesis (April green -> May flowering-period green -> June harvested/brown/ploughed). NOT independently confirmed sunflower ground truth. NOT derived from or cross-checked against AMED crop labels.", "real_pu_spent": 0.6933333539962768}}, {"type": "Feature", "id": "7JXRWWPW+9FQM", "geometry": {"type": "MultiPolygon", "coordinates": [[[[76.94657509999999, 29.935623399999994], [76.9465986, 29.9357674], [76.9465986, 29.936299700000003], [76.9458736, 29.936301399999998], [76.94586410000001, 29.935814299999993], [76.9458813, 29.9356336], [76.94657509999999, 29.935623399999994]]]]}, "properties": {"field_id": "7JXRWWPW+9FQM", "centroid_lat": 29.935866, "centroid_lon": 76.946281, "area_sqm": 5230.1091, "source_cell": "390e43bc", "ndvi_apr": 0.17205337549046598, "ndvi_may": 0.11355715971820209, "ndvi_june": 0.09990149265041154, "ndvi_apr_june_change": 0.07215188284005444, "ndre_apr": 0.09478685454161342, "ndre_may": 0.052525564361059554, "ndre_june": 0.04311662396023266, "ndwi_apr": -0.10208669309599362, "ndwi_may": -0.09617691779015015, "ndwi_june": -0.050266186890452084, "ndyi_apr": 0.17306438508462538, "ndyi_may": 0.19573316422044015, "ndyi_june": 0.12582862534287834, "valid_pixel_fraction": 0.917, "baseline_rule_pass": false, "sunflower_candidate_score": 0.3238, "candidate_tier": "D", "training_label": "NON_SUNFLOWER_TEMPORAL_NEGATIVE", "label_method": "cofounder_green_to_brown_temporal_heuristic", "label_provenance": "Weak label derived from the co-founder's Google Earth field observation (Delhi->Chandigarh drive, 2026-05-09, large sunflower areas in full bloom near Kurukshetra-Karnal) and her resulting Sentinel-2 temporal hypothesis (April green -> May flowering-period green -> June harvested/brown/ploughed). NOT independently confirmed sunflower ground truth. NOT derived from or cross-checked against AMED crop labels.", "real_pu_spent": 0.6933333539962768}}, {"type": "Feature", "id": "7JXRWWRR+MP75", "geometry": {"type": "MultiPolygon", "coordinates": [[[[76.9424757, 29.9410881], [76.9424866, 29.9416473], [76.9425094, 29.941755200000003], [76.9425076, 29.9421973], [76.94203139999999, 29.94221340000001], [76.9417307, 29.942199799999997], [76.9413684, 29.9422141], [76.9411195, 29.942199799999997], [76.94112340000001, 29.941865900000003], [76.9411229, 29.9418388], [76.9411191, 29.941108099999997], [76.9424757, 29.9410881]]]]}, "properties": {"field_id": "7JXRWWRR+MP75", "centroid_lat": 29.941785, "centroid_lon": 76.941839, "area_sqm": 16300.5289, "source_cell": "390e43bc", "ndvi_apr": 0.3197735129269185, "ndvi_may": 0.49098193386617395, "ndvi_june": 0.445049377803046, "ndvi_apr_june_change": -0.12527586487612746, "ndre_apr": 0.20465012773489344, "ndre_may": 0.362778770727798, "ndre_june": 0.3278106136713177, "ndwi_apr": -0.00036174110742773213, "ndwi_may": 0.11937312605098271, "ndwi_june": 0.11486944390269813, "ndyi_apr": 0.224585824190455, "ndyi_may": 0.2924345398147038, "ndyi_june": 0.18917538715192136, "valid_pixel_fraction": 0.75, "baseline_rule_pass": false, "sunflower_candidate_score": 0.276, "candidate_tier": "D", "training_label": "NON_SUNFLOWER_TEMPORAL_NEGATIVE", "label_method": "cofounder_green_to_brown_temporal_heuristic", "label_provenance": "Weak label derived from the co-founder's Google Earth field observation (Delhi->Chandigarh drive, 2026-05-09, large sunflower areas in full bloom near Kurukshetra-Karnal) and her resulting Sentinel-2 temporal hypothesis (April green -> May flowering-period green -> June harvested/brown/ploughed). NOT independently confirmed sunflower ground truth. NOT derived from or cross-checked against AMED crop labels.", "real_pu_spent": 0.6933333539962768}}, {"type": "Feature", "id": "7JXRWXJM+JFMP", "geometry": {"type": "MultiPolygon", "coordinates": [[[[76.9836919, 29.931551300000002], [76.9836935, 29.9316325], [76.9836521, 29.9316331], [76.9836505, 29.931551900000002], [76.9836919, 29.931551300000002]]]]}, "properties": {"field_id": "7JXRWXJM+JFMP", "centroid_lat": 29.931584, "centroid_lon": 76.983676, "area_sqm": 36.0375, "source_cell": "390e431c", "ndvi_apr": 0.3756163865327835, "ndvi_may": 0.3719992101192474, "ndvi_june": 0.2906116917729378, "ndvi_apr_june_change": 0.08500469475984573, "ndre_apr": 0.21784979850053787, "ndre_may": 0.17321313619613649, "ndre_june": 0.14696693047881126, "ndwi_apr": -0.028492239071056247, "ndwi_may": -0.05286584794521332, "ndwi_june": -0.022753484081476927, "ndyi_apr": 0.19318032637238503, "ndyi_may": 0.3240030348300934, "ndyi_june": 0.13232100568711758, "valid_pixel_fraction": 1.0, "baseline_rule_pass": false, "sunflower_candidate_score": 0.3354, "candidate_tier": "D", "training_label": "NON_SUNFLOWER_TEMPORAL_NEGATIVE", "label_method": "cofounder_green_to_brown_temporal_heuristic", "label_provenance": "Weak label derived from the co-founder's Google Earth field observation (Delhi->Chandigarh drive, 2026-05-09, large sunflower areas in full bloom near Kurukshetra-Karnal) and her resulting Sentinel-2 temporal hypothesis (April green -> May flowering-period green -> June harvested/brown/ploughed). NOT independently confirmed sunflower ground truth. NOT derived from or cross-checked against AMED crop labels.", "real_pu_spent": 0.6933333539962768}}, {"type": "Feature", "id": "7JXRWXJM+5CJ4", "geometry": {"type": "MultiPolygon", "coordinates": [[[[76.98363499999999, 29.930252999999997], [76.98366109999999, 29.9305232], [76.9836554, 29.9307579], [76.9835204, 29.9307419], [76.98349259999999, 29.930381399999998], [76.9834738, 29.930481000000007], [76.98337029999999, 29.9304825], [76.98337149999999, 29.930545600000002], [76.9833405, 29.930546099999997], [76.9833153, 29.9303209], [76.9833242, 29.930248599999995], [76.98363499999999, 29.930252999999997]]]]}, "properties": {"field_id": "7JXRWXJM+5CJ4", "centroid_lat": 29.930461, "centroid_lon": 76.983483, "area_sqm": 1233.2824, "source_cell": "390e431c", "ndvi_apr": 0.43254212973018485, "ndvi_may": 0.42394493743777273, "ndvi_june": 0.2881908065173775, "ndvi_apr_june_change": 0.14435132321280736, "ndre_apr": 0.253964413733532, "ndre_may": 0.23086070772260428, "ndre_june": 0.1694337303051725, "ndwi_apr": 0.02502476480003679, "ndwi_may": 0.022135594312567265, "ndwi_june": 0.01873901071121509, "ndyi_apr": 0.21135946564997235, "ndyi_may": 0.27121553337201476, "ndyi_june": 0.12777134247880895, "valid_pixel_fraction": 0.917, "baseline_rule_pass": false, "sunflower_candidate_score": 0.3835, "candidate_tier": "C", "training_label": "UNCERTAIN", "label_method": "cofounder_green_to_brown_temporal_heuristic", "label_provenance": "Weak label derived from the co-founder's Google Earth field observation (Delhi->Chandigarh drive, 2026-05-09, large sunflower areas in full bloom near Kurukshetra-Karnal) and her resulting Sentinel-2 temporal hypothesis (April green -> May flowering-period green -> June harvested/brown/ploughed). NOT independently confirmed sunflower ground truth. NOT derived from or cross-checked against AMED crop labels.", "real_pu_spent": 0.6933333539962768}}, {"type": "Feature", "id": "7JXRWXMM+35G2", "geometry": {"type": "MultiPolygon", "coordinates": [[[[76.9833656, 29.932855399999998], [76.9830765, 29.9329048], [76.9826527, 29.932947300000002], [76.9826212, 29.932406399999998], [76.98293149999999, 29.932383700000003], [76.98299329999999, 29.932364800000002], [76.9830678, 29.932462899999997], [76.98326809999999, 29.932640299999996], [76.98340660000001, 29.9328367], [76.9833656, 29.932855399999998]]]]}, "properties": {"field_id": "7JXRWXMM+35G2", "centroid_lat": 29.932666, "centroid_lon": 76.983075, "area_sqm": 3359.9941, "source_cell": "390e431c", "ndvi_apr": 0.19254155758590924, "ndvi_may": 0.15957416157637322, "ndvi_june": 0.12705756542051122, "ndvi_apr_june_change": 0.06548399216539802, "ndre_apr": 0.11346179255772207, "ndre_may": 0.0901182987416784, "ndre_june": 0.06132942609422441, "ndwi_apr": -0.07715898332424417, "ndwi_may": -0.09798859311683503, "ndwi_june": -0.055777950445190086, "ndyi_apr": 0.17263856898283675, "ndyi_may": 0.17216755769082476, "ndyi_june": 0.1199182725866281, "valid_pixel_fraction": 1.0, "baseline_rule_pass": false, "sunflower_candidate_score": 0.3231, "candidate_tier": "D", "training_label": "NON_SUNFLOWER_TEMPORAL_NEGATIVE", "label_method": "cofounder_green_to_brown_temporal_heuristic", "label_provenance": "Weak label derived from the co-founder's Google Earth field observation (Delhi->Chandigarh drive, 2026-05-09, large sunflower areas in full bloom near Kurukshetra-Karnal) and her resulting Sentinel-2 temporal hypothesis (April green -> May flowering-period green -> June harvested/brown/ploughed). NOT independently confirmed sunflower ground truth. NOT derived from or cross-checked against AMED crop labels.", "real_pu_spent": 0.6933333539962768}}, {"type": "Feature", "id": "7JXRWXMM+WFP7", "geometry": {"type": "MultiPolygon", "coordinates": [[[[76.9840414, 29.934550299999998], [76.98405249999999, 29.935109500000003], [76.98337939999999, 29.935119699999998], [76.98339709999999, 29.934965999999996], [76.9832814, 29.9348776], [76.9832809, 29.934850500000003], [76.98336119999999, 29.934723], [76.9833992, 29.934551000000003], [76.9840414, 29.934550299999998]]]]}, "properties": {"field_id": "7JXRWXMM+WFP7", "centroid_lat": 29.934811, "centroid_lon": 76.983582, "area_sqm": 4164.3262, "source_cell": "390e431c", "ndvi_apr": 0.6473998127593882, "ndvi_may": 0.6789351121300744, "ndvi_june": 0.5081058857696397, "ndvi_apr_june_change": 0.13929392698974852, "ndre_apr": 0.470347118430904, "ndre_may": 0.5010212817362376, "ndre_june": 0.33846635172293255, "ndwi_apr": 0.16079890247437148, "ndwi_may": 0.20837641555948982, "ndwi_june": 0.1500175198639876, "ndyi_apr": 0.3118184436378734, "ndyi_may": 0.2933437206294565, "ndyi_june": 0.17231074614184247, "valid_pixel_fraction": 1.0, "baseline_rule_pass": false, "sunflower_candidate_score": 0.5098, "candidate_tier": "C", "training_label": "UNCERTAIN", "label_method": "cofounder_green_to_brown_temporal_heuristic", "label_provenance": "Weak label derived from the co-founder's Google Earth field observation (Delhi->Chandigarh drive, 2026-05-09, large sunflower areas in full bloom near Kurukshetra-Karnal) and her resulting Sentinel-2 temporal hypothesis (April green -> May flowering-period green -> June harvested/brown/ploughed). NOT independently confirmed sunflower ground truth. NOT derived from or cross-checked against AMED crop labels.", "real_pu_spent": 0.6933333539962768}}, {"type": "Feature", "id": "7JXRWXGH+P2X9", "geometry": {"type": "MultiPolygon", "coordinates": [[[[76.97766639999999, 29.925939999999997], [76.97767689999999, 29.9264721], [76.9776566, 29.926490400000002], [76.97766709999999, 29.9264993], [76.9778947, 29.9264869], [76.97838180000001, 29.926497599999998], [76.97839189999999, 29.927535000000002], [76.9770253, 29.927564499999995], [76.97698319999999, 29.925959199999998], [76.97766639999999, 29.925939999999997]]]]}, "properties": {"field_id": "7JXRWXGH+P2X9", "centroid_lat": 29.926539, "centroid_lon": 76.977701, "area_sqm": 19551.4462, "source_cell": "390e431c", "ndvi_apr": 0.17785768832474336, "ndvi_may": 0.1164852720534518, "ndvi_june": 0.11997293409492288, "ndvi_apr_june_change": 0.05788475422982048, "ndre_apr": 0.10382702740353765, "ndre_may": 0.06376532200369098, "ndre_june": 0.06265084159205714, "ndwi_apr": -0.1114841421115026, "ndwi_may": -0.12488152932286971, "ndwi_june": -0.09020138575814646, "ndyi_apr": 0.15033958753710475, "ndyi_may": 0.17044592325176514, "ndyi_june": 0.12551721337561803, "valid_pixel_fraction": 1.0, "baseline_rule_pass": false, "sunflower_candidate_score": 0.312, "candidate_tier": "D", "training_label": "NON_SUNFLOWER_TEMPORAL_NEGATIVE", "label_method": "cofounder_green_to_brown_temporal_heuristic", "label_provenance": "Weak label derived from the co-founder's Google Earth field observation (Delhi->Chandigarh drive, 2026-05-09, large sunflower areas in full bloom near Kurukshetra-Karnal) and her resulting Sentinel-2 temporal hypothesis (April green -> May flowering-period green -> June harvested/brown/ploughed). NOT independently confirmed sunflower ground truth. NOT derived from or cross-checked against AMED crop labels.", "real_pu_spent": 0.6933333539962768}}, {"type": "Feature", "id": "7JXVW2PC+WRFG", "geometry": {"type": "MultiPolygon", "coordinates": [[[[77.0220807, 29.937283100000002], [77.0220923, 29.937346100000006], [77.0220405, 29.937346899999998], [77.0220195, 29.93732919999999], [77.0220082, 29.9372842], [77.0220807, 29.937283100000002]]]]}, "properties": {"field_id": "7JXVW2PC+WRFG", "centroid_lat": 29.937312, "centroid_lon": 77.022054, "area_sqm": 46.0462, "source_cell": "390e5cdc", "ndvi_apr": 0.17316674441099167, "ndvi_may": 0.17187958657741548, "ndvi_june": 0.3658060133457184, "ndvi_apr_june_change": -0.19263926893472672, "ndre_apr": 0.09784263372421265, "ndre_may": 0.05210017561912537, "ndre_june": 0.17133763432502747, "ndwi_apr": -0.10842151194810867, "ndwi_may": -0.11415471360087395, "ndwi_june": -0.06778302788734436, "ndyi_apr": 0.2053460329771042, "ndyi_may": 0.1712704762816429, "ndyi_june": 0.17793040970961252, "valid_pixel_fraction": 0.75, "baseline_rule_pass": false, "sunflower_candidate_score": 0.1654, "candidate_tier": "D", "training_label": "NON_SUNFLOWER_TEMPORAL_NEGATIVE", "label_method": "cofounder_green_to_brown_temporal_heuristic", "label_provenance": "Weak label derived from the co-founder's Google Earth field observation (Delhi->Chandigarh drive, 2026-05-09, large sunflower areas in full bloom near Kurukshetra-Karnal) and her resulting Sentinel-2 temporal hypothesis (April green -> May flowering-period green -> June harvested/brown/ploughed). NOT independently confirmed sunflower ground truth. NOT derived from or cross-checked against AMED crop labels.", "real_pu_spent": 0.6933333539962768}}, {"type": "Feature", "id": "7JXVW2QG+FC46", "geometry": {"type": "MultiPolygon", "coordinates": [[[[77.0264028, 29.938434700000002], [77.0263837, 29.938516200000002], [77.02639789999999, 29.9387054], [77.0263878, 29.938714600000004], [77.0263667, 29.938696899999997], [77.02625280000001, 29.9386986], [77.0261912, 29.938726599999995], [77.0261917, 29.9387537], [77.0261398, 29.938745500000003], [77.0261093, 29.938772999999998], [77.02610130000001, 29.9388904], [77.0258322, 29.938903600000007], [77.0258022, 29.938443900000003], [77.0264028, 29.938434700000002]]]]}, "properties": {"field_id": "7JXVW2QG+FC46", "centroid_lat": 29.938674, "centroid_lon": 77.026212, "area_sqm": 2270.7687, "source_cell": "390e5cdc", "ndvi_apr": 0.282052238113605, "ndvi_may": 0.3053912342740939, "ndvi_june": 0.21386173396156385, "ndvi_apr_june_change": 0.06819050415204117, "ndre_apr": 0.14851087763404042, "ndre_may": 0.1668115941664347, "ndre_june": 0.1230893128205282, "ndwi_apr": -0.13074536306353718, "ndwi_may": -0.10492249314601607, "ndwi_june": -0.12614804831070778, "ndyi_apr": 0.2060007845553068, "ndyi_may": 0.27480678621392984, "ndyi_june": 0.14191932861621567, "valid_pixel_fraction": 0.75, "baseline_rule_pass": false, "sunflower_candidate_score": 0.2878, "candidate_tier": "D", "training_label": "NON_SUNFLOWER_TEMPORAL_NEGATIVE", "label_method": "cofounder_green_to_brown_temporal_heuristic", "label_provenance": "Weak label derived from the co-founder's Google Earth field observation (Delhi->Chandigarh drive, 2026-05-09, large sunflower areas in full bloom near Kurukshetra-Karnal) and her resulting Sentinel-2 temporal hypothesis (April green -> May flowering-period green -> June harvested/brown/ploughed). NOT independently confirmed sunflower ground truth. NOT derived from or cross-checked against AMED crop labels.", "real_pu_spent": 0.6933333539962768}}, {"type": "Feature", "id": "7JXVW2JM+R55F", "geometry": {"type": "MultiPolygon", "coordinates": [[[[77.0333105, 29.9317423], [77.03332139999999, 29.932274500000002], [77.0326587, 29.932284699999997], [77.0326477, 29.9317435], [77.0333105, 29.9317423]]]]}, "properties": {"field_id": "7JXVW2JM+R55F", "centroid_lat": 29.931957, "centroid_lon": 77.03305, "area_sqm": 3811.7885, "source_cell": "390e5cdc", "ndvi_apr": 0.2622486795816157, "ndvi_may": 0.20721932968331705, "ndvi_june": 0.16164300376894297, "ndvi_apr_june_change": 0.10060567581267271, "ndre_apr": 0.1476549896825519, "ndre_may": 0.11939962272428803, "ndre_june": 0.0856702062042637, "ndwi_apr": -0.05126507741321499, "ndwi_may": -0.11402820617788367, "ndwi_june": -0.11960606311482412, "ndyi_apr": 0.20654777209791872, "ndyi_may": 0.1833545959244172, "ndyi_june": 0.11396963521838188, "valid_pixel_fraction": 0.75, "baseline_rule_pass": false, "sunflower_candidate_score": 0.3189, "candidate_tier": "D", "training_label": "NON_SUNFLOWER_TEMPORAL_NEGATIVE", "label_method": "cofounder_green_to_brown_temporal_heuristic", "label_provenance": "Weak label derived from the co-founder's Google Earth field observation (Delhi->Chandigarh drive, 2026-05-09, large sunflower areas in full bloom near Kurukshetra-Karnal) and her resulting Sentinel-2 temporal hypothesis (April green -> May flowering-period green -> June harvested/brown/ploughed). NOT independently confirmed sunflower ground truth. NOT derived from or cross-checked against AMED crop labels.", "real_pu_spent": 0.6933333539962768}}, {"type": "Feature", "id": "7JXVW2QJ+RWXJ", "geometry": {"type": "MultiPolygon", "coordinates": [[[[77.0327607, 29.9393382], [77.03276129999999, 29.939879500000004], [77.032192, 29.939897300000002], [77.03195339999999, 29.9398829], [77.0319355, 29.93951329999999], [77.0319117, 29.939360299999997], [77.0327607, 29.9393382]]]]}, "properties": {"field_id": "7JXVW2QJ+RWXJ", "centroid_lat": 29.939601, "centroid_lon": 77.032325, "area_sqm": 4758.7259, "source_cell": "390e5cdc", "ndvi_apr": 0.15330249909311536, "ndvi_may": 0.1315247221228977, "ndvi_june": 0.09342780134951074, "ndvi_apr_june_change": 0.05987469774360461, "ndre_apr": 0.08415838303820541, "ndre_may": 0.07776363009276488, "ndre_june": 0.04510010209115636, "ndwi_apr": -0.10682196340834099, "ndwi_may": -0.1421309650254746, "ndwi_june": -0.15705994775311813, "ndyi_apr": 0.19771117561807233, "ndyi_may": 0.16526773357763885, "ndyi_june": 0.10355487408944303, "valid_pixel_fraction": 0.75, "baseline_rule_pass": false, "sunflower_candidate_score": 0.3041, "candidate_tier": "D", "training_label": "NON_SUNFLOWER_TEMPORAL_NEGATIVE", "label_method": "cofounder_green_to_brown_temporal_heuristic", "label_provenance": "Weak label derived from the co-founder's Google Earth field observation (Delhi->Chandigarh drive, 2026-05-09, large sunflower areas in full bloom near Kurukshetra-Karnal) and her resulting Sentinel-2 temporal hypothesis (April green -> May flowering-period green -> June harvested/brown/ploughed). NOT independently confirmed sunflower ground truth. NOT derived from or cross-checked against AMED crop labels.", "real_pu_spent": 0.6933333539962768}}, {"type": "Feature", "id": "7JXVW2QG+22Q7", "geometry": {"type": "MultiPolygon", "coordinates": [[[[77.02652890000002, 29.93698929999999], [77.0265194, 29.937034499999992], [77.02640679999999, 29.937099399999997], [77.0259959, 29.93726809999999], [77.0258019, 29.937406400000004], [77.0255049, 29.9375734], [77.0255775, 29.937581299999998], [77.0256212, 29.9376889], [77.02565609999999, 29.9378778], [77.0256704, 29.9380761], [77.02572769999999, 29.9383458], [77.0257299, 29.938454099999998], [77.0254606, 29.938458200000007], [77.0249643, 29.938501899999995], [77.0246228, 29.938516200000002], [77.02467829999999, 29.938190499999997], [77.0247771, 29.9379545], [77.0247764, 29.937918399999997], [77.0245867, 29.9377589], [77.024378, 29.9376809], [77.024243, 29.9376649], [77.0237768, 29.9376631], [77.02375970000001, 29.937329499999997], [77.0239564, 29.937326499999998], [77.02405069999999, 29.937379200000002], [77.02406069999999, 29.937361], [77.0240393, 29.937325200000004], [77.0239339, 29.937236600000002], [77.02420099999999, 29.937124299999997], [77.024924, 29.937022900000002], [77.0249754, 29.937004099999996], [77.0254614, 29.9369606], [77.02621529999999, 29.9368497], [77.0265052, 29.9368453], [77.02652890000002, 29.93698929999999]]]]}, "properties": {"field_id": "7JXVW2QG+22Q7", "centroid_lat": 29.937556, "centroid_lon": 77.025132, "area_sqm": 24108.6137, "source_cell": "390e5cdc", "ndvi_apr": 0.15009657550941818, "ndvi_may": 0.13910931832140147, "ndvi_june": 0.09717461871660574, "ndvi_apr_june_change": 0.05292195679281245, "ndre_apr": 0.07583350991660898, "ndre_may": 0.07435816988221962, "ndre_june": 0.044145610014357704, "ndwi_apr": -0.12200873555107553, "ndwi_may": -0.13954529015584421, "ndwi_june": -0.11310087060555815, "ndyi_apr": 0.1963370514999736, "ndyi_may": 0.18743016244064675, "ndyi_june": 0.07432973215017805, "valid_pixel_fraction": 0.833, "baseline_rule_pass": false, "sunflower_candidate_score": 0.3066, "candidate_tier": "D", "training_label": "NON_SUNFLOWER_TEMPORAL_NEGATIVE", "label_method": "cofounder_green_to_brown_temporal_heuristic", "label_provenance": "Weak label derived from the co-founder's Google Earth field observation (Delhi->Chandigarh drive, 2026-05-09, large sunflower areas in full bloom near Kurukshetra-Karnal) and her resulting Sentinel-2 temporal hypothesis (April green -> May flowering-period green -> June harvested/brown/ploughed). NOT independently confirmed sunflower ground truth. NOT derived from or cross-checked against AMED crop labels.", "real_pu_spent": 0.6933333539962768}}, {"type": "Feature", "id": "7JXRXQQG+5G79", "geometry": {"type": "MultiPolygon", "coordinates": [[[[76.7763346, 29.987886399999997], [76.7763354, 29.9879315], [76.7762836, 29.987932199999996], [76.77628279999999, 29.9878871], [76.7763346, 29.987886399999997]]]]}, "properties": {"field_id": "7JXRXQQG+5G79", "centroid_lat": 29.987905, "centroid_lon": 76.776314, "area_sqm": 25.0302, "source_cell": "390e3904", "ndvi_apr": 0.3552210529645284, "ndvi_may": 0.356978976726532, "ndvi_june": 0.34137943387031555, "ndvi_apr_june_change": 0.013841619094212831, "ndre_apr": 0.20343073705832163, "ndre_may": 0.23701279759407043, "ndre_june": 0.18946785728136697, "ndwi_apr": 0.007257795271774133, "ndwi_may": 0.010252045467495918, "ndwi_june": 0.007236478850245476, "ndyi_apr": 0.20290527244408926, "ndyi_may": 0.2055976539850235, "ndyi_june": 0.15244932969411215, "valid_pixel_fraction": 0.833, "baseline_rule_pass": false, "sunflower_candidate_score": 0.2761, "candidate_tier": "D", "training_label": "NON_SUNFLOWER_TEMPORAL_NEGATIVE", "label_method": "cofounder_green_to_brown_temporal_heuristic", "label_provenance": "Weak label derived from the co-founder's Google Earth field observation (Delhi->Chandigarh drive, 2026-05-09, large sunflower areas in full bloom near Kurukshetra-Karnal) and her resulting Sentinel-2 temporal hypothesis (April green -> May flowering-period green -> June harvested/brown/ploughed). NOT independently confirmed sunflower ground truth. NOT derived from or cross-checked against AMED crop labels.", "real_pu_spent": 0.6933333539962768}}, {"type": "Feature", "id": "7JXRXQPF+2W6H", "geometry": {"type": "MultiPolygon", "coordinates": [[[[76.77520779999999, 29.985140699999995], [76.77505239999999, 29.985142799999995], [76.7743267, 29.985134600000002], [76.77431299999999, 29.984945299999996], [76.775204, 29.984924299999996], [76.775215, 29.984960200000003], [76.77520779999999, 29.985140699999995]]]]}, "properties": {"field_id": "7JXRXQPF+2W6H", "centroid_lat": 29.985056, "centroid_lon": 76.774932, "area_sqm": 1952.8625, "source_cell": "390e3904", "ndvi_apr": 0.1732555215281469, "ndvi_may": 0.14873624541279343, "ndvi_june": 0.12267890655332142, "ndvi_apr_june_change": 0.05057661497482549, "ndre_apr": 0.09447653170813013, "ndre_may": 0.07853862713479126, "ndre_june": 0.05601111219988928, "ndwi_apr": -0.0735437930734069, "ndwi_may": -0.12620284997133746, "ndwi_june": -0.11741853450183516, "ndyi_apr": 0.1794903857840432, "ndyi_may": 0.15995953813609148, "ndyi_june": 0.13774530506796306, "valid_pixel_fraction": 0.833, "baseline_rule_pass": false, "sunflower_candidate_score": 0.2946, "candidate_tier": "D", "training_label": "NON_SUNFLOWER_TEMPORAL_NEGATIVE", "label_method": "cofounder_green_to_brown_temporal_heuristic", "label_provenance": "Weak label derived from the co-founder's Google Earth field observation (Delhi->Chandigarh drive, 2026-05-09, large sunflower areas in full bloom near Kurukshetra-Karnal) and her resulting Sentinel-2 temporal hypothesis (April green -> May flowering-period green -> June harvested/brown/ploughed). NOT independently confirmed sunflower ground truth. NOT derived from or cross-checked against AMED crop labels.", "real_pu_spent": 0.6933333539962768}}, {"type": "Feature", "id": "7JXRXQRF+33XG", "geometry": {"type": "MultiPolygon", "coordinates": [[[[76.773076, 29.9899875], [76.7731108, 29.990194500000005], [76.773095, 29.9904744], [76.7728674, 29.990495499999998], [76.7724113, 29.990492599999996], [76.7723755, 29.990231499999997], [76.7723712, 29.9899879], [76.773076, 29.9899875]]]]}, "properties": {"field_id": "7JXRXQRF+33XG", "centroid_lat": 29.990231, "centroid_lon": 76.772798, "area_sqm": 3854.6659, "source_cell": "390e3904", "ndvi_apr": 0.13736876892665076, "ndvi_may": 0.10030049946086077, "ndvi_june": 0.0745923702294628, "ndvi_apr_june_change": 0.06277639869718796, "ndre_apr": 0.07020252313287484, "ndre_may": 0.05804076751743649, "ndre_june": 0.03399389396127801, "ndwi_apr": -0.10583561032064377, "ndwi_may": -0.1594825014200698, "ndwi_june": -0.14621152223220893, "ndyi_apr": 0.16965479184947316, "ndyi_may": 0.12413993836471846, "ndyi_june": 0.08505573386667364, "valid_pixel_fraction": 0.917, "baseline_rule_pass": false, "sunflower_candidate_score": 0.3258, "candidate_tier": "D", "training_label": "NON_SUNFLOWER_TEMPORAL_NEGATIVE", "label_method": "cofounder_green_to_brown_temporal_heuristic", "label_provenance": "Weak label derived from the co-founder's Google Earth field observation (Delhi->Chandigarh drive, 2026-05-09, large sunflower areas in full bloom near Kurukshetra-Karnal) and her resulting Sentinel-2 temporal hypothesis (April green -> May flowering-period green -> June harvested/brown/ploughed). NOT independently confirmed sunflower ground truth. NOT derived from or cross-checked against AMED crop labels.", "real_pu_spent": 0.6933333539962768}}, {"type": "Feature", "id": "7JXRXQQH+GHM7", "geometry": {"type": "MultiPolygon", "coordinates": [[[[76.7793004, 29.9891366], [76.77910399999999, 29.989166299999997], [76.77858830000001, 29.989308600000005], [76.77842679999999, 29.9889679], [76.7784046, 29.988887], [76.77863219999999, 29.988865900000008], [76.7786734, 29.9888473], [76.7786007, 29.9888393], [76.7785871, 29.988659000000002], [76.7788042, 29.988628999999996], [76.7787817, 29.98853], [76.7787785, 29.988349600000003], [76.779276, 29.988351899999998], [76.7793004, 29.9891366]]]]}, "properties": {"field_id": "7JXRXQQH+GHM7", "centroid_lat": 29.988834, "centroid_lon": 76.778804, "area_sqm": 6290.5847, "source_cell": "390e3904", "ndvi_apr": 0.20671858840886456, "ndvi_may": 0.19626924510539318, "ndvi_june": 0.08911615348930772, "ndvi_apr_june_change": 0.11760243491955684, "ndre_apr": 0.12261027308878462, "ndre_may": 0.11325031557310096, "ndre_june": 0.03049286647576172, "ndwi_apr": -0.08162754471892868, "ndwi_may": -0.08017441026441016, "ndwi_june": -0.08003489604917327, "ndyi_apr": 0.16526562288219546, "ndyi_may": 0.12453886144507079, "ndyi_june": 0.09756671411939609, "valid_pixel_fraction": 0.767, "baseline_rule_pass": false, "sunflower_candidate_score": 0.3662, "candidate_tier": "D", "training_label": "NON_SUNFLOWER_TEMPORAL_NEGATIVE", "label_method": "cofounder_green_to_brown_temporal_heuristic", "label_provenance": "Weak label derived from the co-founder's Google Earth field observation (Delhi->Chandigarh drive, 2026-05-09, large sunflower areas in full bloom near Kurukshetra-Karnal) and her resulting Sentinel-2 temporal hypothesis (April green -> May flowering-period green -> June harvested/brown/ploughed). NOT independently confirmed sunflower ground truth. NOT derived from or cross-checked against AMED crop labels.", "real_pu_spent": 0.6933333539962768}}, {"type": "Feature", "id": "7JXRXQQ9+Q92H", "geometry": {"type": "MultiPolygon", "coordinates": [[[[76.7696562, 29.989438000000003], [76.7689103, 29.989456999999994], [76.76896239999999, 29.989474399999995], [76.76896099999999, 29.989979700000003], [76.7675927, 29.989970999999993], [76.76757359999999, 29.989474999999995], [76.7677909, 29.989453999999995], [76.76728299999999, 29.989451799999998], [76.7672845, 29.988955599999993], [76.76883889999999, 29.988934699999998], [76.76964679999999, 29.988905799999998], [76.7696562, 29.989438000000003]]]]}, "properties": {"field_id": "7JXRXQQ9+Q92H", "centroid_lat": 29.989411, "centroid_lon": 76.768513, "area_sqm": 20730.67, "source_cell": "390e3904", "ndvi_apr": 0.13448028689588767, "ndvi_may": 0.12110519024225823, "ndvi_june": 0.08569498117980294, "ndvi_apr_june_change": 0.048785305716084734, "ndre_apr": 0.07062127635276638, "ndre_may": 0.06758898948578344, "ndre_june": 0.03480673638187606, "ndwi_apr": -0.08791320347820059, "ndwi_may": -0.1332903928783691, "ndwi_june": -0.18516101741767357, "ndyi_apr": 0.16966268249676808, "ndyi_may": 0.1590117000321964, "ndyi_june": 0.10242921233030143, "valid_pixel_fraction": 0.833, "baseline_rule_pass": false, "sunflower_candidate_score": 0.3052, "candidate_tier": "D", "training_label": "NON_SUNFLOWER_TEMPORAL_NEGATIVE", "label_method": "cofounder_green_to_brown_temporal_heuristic", "label_provenance": "Weak label derived from the co-founder's Google Earth field observation (Delhi->Chandigarh drive, 2026-05-09, large sunflower areas in full bloom near Kurukshetra-Karnal) and her resulting Sentinel-2 temporal hypothesis (April green -> May flowering-period green -> June harvested/brown/ploughed). NOT independently confirmed sunflower ground truth. NOT derived from or cross-checked against AMED crop labels.", "real_pu_spent": 0.6933333539962768}}, {"type": "Feature", "id": "7JXRXRQ4+VRQ5", "geometry": {"type": "MultiPolygon", "coordinates": [[[[76.8070979, 29.989687199999995], [76.8071705, 29.989686199999998], [76.80717109999999, 29.9897223], [76.8070779, 29.989723599999998], [76.8070769, 29.989669399999997], [76.8070979, 29.989687199999995]]]]}, "properties": {"field_id": "7JXRXRQ4+VRQ5", "centroid_lat": 29.989696, "centroid_lon": 76.807115, "area_sqm": 38.045, "source_cell": "390e388c", "ndvi_apr": 0.5432256360848745, "ndvi_may": 0.5064175873994827, "ndvi_june": 0.3225298325220744, "ndvi_apr_june_change": 0.2206958035628001, "ndre_apr": 0.26492200791835785, "ndre_may": 0.2950809895992279, "ndre_june": 0.17575704554716745, "ndwi_apr": 0.009119214490056038, "ndwi_may": -0.025957303121685982, "ndwi_june": -0.03636922687292099, "ndyi_apr": 0.269520382086436, "ndyi_may": 0.1795455627143383, "ndyi_june": 0.1660184214512507, "valid_pixel_fraction": 0.767, "baseline_rule_pass": false, "sunflower_candidate_score": 0.4563, "candidate_tier": "C", "training_label": "UNCERTAIN", "label_method": "cofounder_green_to_brown_temporal_heuristic", "label_provenance": "Weak label derived from the co-founder's Google Earth field observation (Delhi->Chandigarh drive, 2026-05-09, large sunflower areas in full bloom near Kurukshetra-Karnal) and her resulting Sentinel-2 temporal hypothesis (April green -> May flowering-period green -> June harvested/brown/ploughed). NOT independently confirmed sunflower ground truth. NOT derived from or cross-checked against AMED crop labels.", "real_pu_spent": 0.6933333539962768}}, {"type": "Feature", "id": "7JXRXRR7+PCPM", "geometry": {"type": "MultiPolygon", "coordinates": [[[[76.81315630000002, 29.991697100000003], [76.8131226, 29.991553199999995], [76.8131327, 29.991535], [76.813371, 29.9915317], [76.8133733, 29.991657999999997], [76.81334249999999, 29.991676500000004], [76.81335299999999, 29.9916853], [76.8143169, 29.99168109999999], [76.81431719999999, 29.991699099999998], [76.8141031, 29.991891600000002], [76.81397919999999, 29.9919203], [76.8136703, 29.992032799999993], [76.8134634, 29.992053700000003], [76.8133915, 29.9920908], [76.8133936, 29.9922081], [76.8132073, 29.9922197], [76.81315630000002, 29.991697100000003]]]]}, "properties": {"field_id": "7JXRXRR7+PCPM", "centroid_lat": 29.991814, "centroid_lon": 76.813521, "area_sqm": 4192.4326, "source_cell": "390e388c", "ndvi_apr": 0.30940930835074854, "ndvi_may": 0.26483801618900177, "ndvi_june": 0.20997740683101473, "ndvi_apr_june_change": 0.0994319015197338, "ndre_apr": 0.22106927006490645, "ndre_may": 0.18994080882822098, "ndre_june": 0.1499167953731206, "ndwi_apr": 0.014549096801414316, "ndwi_may": -0.027445227372173975, "ndwi_june": -0.039056327437277306, "ndyi_apr": 0.15292670600678004, "ndyi_may": 0.2097016899003869, "ndyi_june": 0.14640680341808884, "valid_pixel_fraction": 0.917, "baseline_rule_pass": false, "sunflower_candidate_score": 0.3231, "candidate_tier": "D", "training_label": "NON_SUNFLOWER_TEMPORAL_NEGATIVE", "label_method": "cofounder_green_to_brown_temporal_heuristic", "label_provenance": "Weak label derived from the co-founder's Google Earth field observation (Delhi->Chandigarh drive, 2026-05-09, large sunflower areas in full bloom near Kurukshetra-Karnal) and her resulting Sentinel-2 temporal hypothesis (April green -> May flowering-period green -> June harvested/brown/ploughed). NOT independently confirmed sunflower ground truth. NOT derived from or cross-checked against AMED crop labels.", "real_pu_spent": 0.6933333539962768}}, {"type": "Feature", "id": "7JXRXVX2+VP53", "geometry": {"type": "MultiPolygon", "coordinates": [[[[76.8519494, 29.999385300000004], [76.8519481, 29.999872499999995], [76.8517717, 29.999865999999997], [76.8517628, 29.9993879], [76.8519494, 29.999385300000004]]]]}, "properties": {"field_id": "7JXRXVX2+VP53", "centroid_lat": 29.999579, "centroid_lon": 76.851876, "area_sqm": 937.5716, "source_cell": "390e470c", "ndvi_apr": 0.15290640965104102, "ndvi_may": 0.2029117354750633, "ndvi_june": 0.13068683743476867, "ndvi_apr_june_change": 0.022219572216272354, "ndre_apr": 0.08858165536075831, "ndre_may": 0.11694624811410903, "ndre_june": 0.09021721382935843, "ndwi_apr": -0.10157156768254937, "ndwi_may": -0.09259938653558493, "ndwi_june": -0.1115470874744157, "ndyi_apr": 0.1673925958573818, "ndyi_may": 0.20517283514142037, "ndyi_june": 0.11482213363051415, "valid_pixel_fraction": 0.75, "baseline_rule_pass": false, "sunflower_candidate_score": 0.2706, "candidate_tier": "D", "training_label": "NON_SUNFLOWER_TEMPORAL_NEGATIVE", "label_method": "cofounder_green_to_brown_temporal_heuristic", "label_provenance": "Weak label derived from the co-founder's Google Earth field observation (Delhi->Chandigarh drive, 2026-05-09, large sunflower areas in full bloom near Kurukshetra-Karnal) and her resulting Sentinel-2 temporal hypothesis (April green -> May flowering-period green -> June harvested/brown/ploughed). NOT independently confirmed sunflower ground truth. NOT derived from or cross-checked against AMED crop labels.", "real_pu_spent": 0.6933333539962768}}, {"type": "Feature", "id": "7JXRXVX5+R3FV", "geometry": {"type": "MultiPolygon", "coordinates": [[[[76.8580118, 29.999308899999996], [76.8580243, 29.999426], [76.8580113, 29.999841200000002], [76.8576795, 29.9998368], [76.8573376, 29.999841699999998], [76.8573126, 29.999616500000002], [76.8573175, 29.999318699999996], [76.8580118, 29.999308899999996]]]]}, "properties": {"field_id": "7JXRXVX5+R3FV", "centroid_lat": 29.999562, "centroid_lon": 76.857713, "area_sqm": 3930.4728, "source_cell": "390e470c", "ndvi_apr": 0.5802376667658486, "ndvi_may": 0.18812099053036596, "ndvi_june": 0.45749870415717847, "ndvi_apr_june_change": 0.12273896260867018, "ndre_apr": 0.3392260035588628, "ndre_may": 0.08561974870196233, "ndre_june": 0.28716982286127785, "ndwi_apr": 0.09762168052561936, "ndwi_may": -0.11177748276497282, "ndwi_june": 0.06670617140711299, "ndyi_apr": 0.32333233118766835, "ndyi_may": 0.24814050298716345, "ndyi_june": 0.17616381170967269, "valid_pixel_fraction": 0.75, "baseline_rule_pass": false, "sunflower_candidate_score": 0.3588, "candidate_tier": "C", "training_label": "UNCERTAIN", "label_method": "cofounder_green_to_brown_temporal_heuristic", "label_provenance": "Weak label derived from the co-founder's Google Earth field observation (Delhi->Chandigarh drive, 2026-05-09, large sunflower areas in full bloom near Kurukshetra-Karnal) and her resulting Sentinel-2 temporal hypothesis (April green -> May flowering-period green -> June harvested/brown/ploughed). NOT independently confirmed sunflower ground truth. NOT derived from or cross-checked against AMED crop labels.", "real_pu_spent": 0.6933333539962768}}, {"type": "Feature", "id": "7JXRXVWW+3G4X", "geometry": {"type": "MultiPolygon", "coordinates": [[[[76.8963785, 29.995170799999997], [76.8962954, 29.995163], [76.8962949, 29.995135899999998], [76.8963571, 29.99513499999999], [76.8963773, 29.9951077], [76.8963785, 29.995170799999997]]]]}, "properties": {"field_id": "7JXRXVWW+3G4X", "centroid_lat": 29.995147, "centroid_lon": 76.896347, "area_sqm": 31.0343, "source_cell": "390e4694", "ndvi_apr": 0.5350016057491302, "ndvi_may": 0.7971967816352844, "ndvi_june": 0.6663178205490112, "ndvi_apr_june_change": -0.13131621479988098, "ndre_apr": 0.40439367294311523, "ndre_may": 0.6012928724288941, "ndre_june": 0.50322425365448, "ndwi_apr": 0.09155621752142906, "ndwi_may": 0.30396459698677064, "ndwi_june": 0.2777271221081416, "ndyi_apr": 0.24873318523168564, "ndyi_may": 0.36575556397438047, "ndyi_june": 0.19299677511056265, "valid_pixel_fraction": 0.75, "baseline_rule_pass": false, "sunflower_candidate_score": 0.4001, "candidate_tier": "C", "training_label": "UNCERTAIN", "label_method": "cofounder_green_to_brown_temporal_heuristic", "label_provenance": "Weak label derived from the co-founder's Google Earth field observation (Delhi->Chandigarh drive, 2026-05-09, large sunflower areas in full bloom near Kurukshetra-Karnal) and her resulting Sentinel-2 temporal hypothesis (April green -> May flowering-period green -> June harvested/brown/ploughed). NOT independently confirmed sunflower ground truth. NOT derived from or cross-checked against AMED crop labels.", "real_pu_spent": 0.6933333539962768}}, {"type": "Feature", "id": "7JXRXWV2+QFJ7", "geometry": {"type": "MultiPolygon", "coordinates": [[[[76.8999102, 29.993396699999995], [76.9002418, 29.993391899999995], [76.9005109, 29.993369899999998], [76.9008843, 29.9933826], [76.9008977, 29.9935448], [76.9008801, 29.993707499999996], [76.9009013, 29.993734200000002], [76.90097690000002, 29.993895499999994], [76.90153649999999, 29.9938874], [76.901827, 29.993901299999997], [76.9023242, 29.993885100000004], [76.9023352, 29.994462300000002], [76.9023461, 29.994489200000004], [76.9023622, 29.9953371], [76.9014611, 29.995368199999998], [76.90102639999999, 29.995401500000003], [76.9009335, 29.9954209], [76.9006951, 29.9954243], [76.9003953, 29.9954647], [76.90037319999999, 29.995392900000002], [76.9003755, 29.994968800000002], [76.9003541, 29.994933], [76.9003243, 29.9944553], [76.9003132, 29.9944194], [76.9003034, 29.993905200000004], [76.90021, 29.9938976], [76.8999098, 29.993919899999998], [76.89987860000001, 29.993911399999995], [76.8996506, 29.99391469999999], [76.89964049999999, 29.99338250000001], [76.8999102, 29.993396699999995]]]]}, "properties": {"field_id": "7JXRXWV2+QFJ7", "centroid_lat": 29.994257, "centroid_lon": 76.900764, "area_sqm": 39044.0053, "source_cell": "390e4694", "ndvi_apr": 0.2707270584385661, "ndvi_may": 0.26834585550919315, "ndvi_june": 0.20498565995529247, "ndvi_apr_june_change": 0.06574139848327362, "ndre_apr": 0.14757384872516088, "ndre_may": 0.1489199768643356, "ndre_june": 0.10556196827971918, "ndwi_apr": -0.08447801547575098, "ndwi_may": -0.08861406408855019, "ndwi_june": -0.08891027850704719, "ndyi_apr": 0.21765743411209398, "ndyi_may": 0.2292400891124044, "ndyi_june": 0.1428410118162439, "valid_pixel_fraction": 0.75, "baseline_rule_pass": false, "sunflower_candidate_score": 0.2828, "candidate_tier": "D", "training_label": "NON_SUNFLOWER_TEMPORAL_NEGATIVE", "label_method": "cofounder_green_to_brown_temporal_heuristic", "label_provenance": "Weak label derived from the co-founder's Google Earth field observation (Delhi->Chandigarh drive, 2026-05-09, large sunflower areas in full bloom near Kurukshetra-Karnal) and her resulting Sentinel-2 temporal hypothesis (April green -> May flowering-period green -> June harvested/brown/ploughed). NOT independently confirmed sunflower ground truth. NOT derived from or cross-checked against AMED crop labels.", "real_pu_spent": 0.6933333539962768}}, {"type": "Feature", "id": "7JXRXWXW+2PWR", "geometry": {"type": "MultiPolygon", "coordinates": [[[[76.9467894, 29.997628600000002], [76.9467789, 29.9976197], [76.9467992, 29.9976014], [76.94686159999999, 29.997609499999992], [76.9468619, 29.9976275], [76.9468414, 29.997636900000007], [76.9467585, 29.9976381], [76.9467894, 29.997628600000002]]]]}, "properties": {"field_id": "7JXRXWXW+2PWR", "centroid_lat": 29.997624, "centroid_lon": 76.94681, "area_sqm": 26.0276, "source_cell": "390e4444", "ndvi_apr": 0.1976791719595591, "ndvi_may": 0.24806725084781647, "ndvi_june": 0.11757893860340118, "ndvi_apr_june_change": 0.08010023335615793, "ndre_apr": 0.12707677483558655, "ndre_may": 0.14049067497253417, "ndre_june": 0.05586312152445316, "ndwi_apr": -0.0499984077954044, "ndwi_may": -0.07583361119031906, "ndwi_june": -0.027441805228590965, "ndyi_apr": 0.19985131919384003, "ndyi_may": 0.25525630414485934, "ndyi_june": 0.14195751026272774, "valid_pixel_fraction": 0.917, "baseline_rule_pass": false, "sunflower_candidate_score": 0.3482, "candidate_tier": "D", "training_label": "NON_SUNFLOWER_TEMPORAL_NEGATIVE", "label_method": "cofounder_green_to_brown_temporal_heuristic", "label_provenance": "Weak label derived from the co-founder's Google Earth field observation (Delhi->Chandigarh drive, 2026-05-09, large sunflower areas in full bloom near Kurukshetra-Karnal) and her resulting Sentinel-2 temporal hypothesis (April green -> May flowering-period green -> June harvested/brown/ploughed). NOT independently confirmed sunflower ground truth. NOT derived from or cross-checked against AMED crop labels.", "real_pu_spent": 0.6933333539962768}}, {"type": "Feature", "id": "7JXRXWXX+532P", "geometry": {"type": "MultiPolygon", "coordinates": [[[[76.9478637, 29.997973599999998], [76.9474396, 29.998016000000003], [76.9474254, 29.997817700000002], [76.9478288, 29.99777559999999], [76.94785999999999, 29.9977842], [76.9478637, 29.997973599999998]]]]}, "properties": {"field_id": "7JXRXWXX+532P", "centroid_lat": 29.99789, "centroid_lon": 76.947714, "area_sqm": 920.4755, "source_cell": "390e4444", "ndvi_apr": 0.1852784160938528, "ndvi_may": 0.14733040841917197, "ndvi_june": 0.10157069067160289, "ndvi_apr_june_change": 0.0837077254222499, "ndre_apr": 0.11529854291843043, "ndre_may": 0.059192121729332345, "ndre_june": 0.04186698171017472, "ndwi_apr": -0.07454880030773993, "ndwi_may": -0.12493218208352723, "ndwi_june": -0.1128531965530581, "ndyi_apr": 0.1895434442493651, "ndyi_may": 0.2676818251609802, "ndyi_june": 0.15983224080668554, "valid_pixel_fraction": 0.833, "baseline_rule_pass": false, "sunflower_candidate_score": 0.3305, "candidate_tier": "D", "training_label": "NON_SUNFLOWER_TEMPORAL_NEGATIVE", "label_method": "cofounder_green_to_brown_temporal_heuristic", "label_provenance": "Weak label derived from the co-founder's Google Earth field observation (Delhi->Chandigarh drive, 2026-05-09, large sunflower areas in full bloom near Kurukshetra-Karnal) and her resulting Sentinel-2 temporal hypothesis (April green -> May flowering-period green -> June harvested/brown/ploughed). NOT independently confirmed sunflower ground truth. NOT derived from or cross-checked against AMED crop labels.", "real_pu_spent": 0.6933333539962768}}, {"type": "Feature", "id": "7JXRXWVV+M6GH", "geometry": {"type": "MultiPolygon", "coordinates": [[[[76.9434015, 29.993979699999997], [76.943409, 29.994367499999996], [76.9432436, 29.994387999999997], [76.9427877, 29.994394699999997], [76.9427694, 29.993989000000003], [76.9434015, 29.993979699999997]]]]}, "properties": {"field_id": "7JXRXWVV+M6GH", "centroid_lat": 29.994183, "centroid_lon": 76.943169, "area_sqm": 2709.3842, "source_cell": "390e4444", "ndvi_apr": 0.19811380679408708, "ndvi_may": 0.1678392516076565, "ndvi_june": 0.12071208067067053, "ndvi_apr_june_change": 0.07740172612341654, "ndre_apr": 0.10401316856344542, "ndre_may": 0.09976146116231879, "ndre_june": 0.06381174480842276, "ndwi_apr": -0.12139996544768414, "ndwi_may": -0.09235959543536106, "ndwi_june": -0.05552508130498315, "ndyi_apr": 0.22245916575193403, "ndyi_may": 0.1936837616066138, "ndyi_june": 0.12039921669953173, "valid_pixel_fraction": 0.833, "baseline_rule_pass": false, "sunflower_candidate_score": 0.3205, "candidate_tier": "D", "training_label": "NON_SUNFLOWER_TEMPORAL_NEGATIVE", "label_method": "cofounder_green_to_brown_temporal_heuristic", "label_provenance": "Weak label derived from the co-founder's Google Earth field observation (Delhi->Chandigarh drive, 2026-05-09, large sunflower areas in full bloom near Kurukshetra-Karnal) and her resulting Sentinel-2 temporal hypothesis (April green -> May flowering-period green -> June harvested/brown/ploughed). NOT independently confirmed sunflower ground truth. NOT derived from or cross-checked against AMED crop labels.", "real_pu_spent": 0.6933333539962768}}, {"type": "Feature", "id": "7JXRXWWR+4M68", "geometry": {"type": "MultiPolygon", "coordinates": [[[[76.94195979999999, 29.995525699999998], [76.9416287, 29.995557599999998], [76.9413697, 29.995561399999993], [76.9413563, 29.995408299999994], [76.94132259999999, 29.995273400000006], [76.9413079, 29.9950481], [76.9413282, 29.995029700000003], [76.9419498, 29.995011599999998], [76.94195979999999, 29.995525699999998]]]]}, "properties": {"field_id": "7JXRXWWR+4M68", "centroid_lat": 29.995327, "centroid_lon": 76.941576, "area_sqm": 3515.2459, "source_cell": "390e4444", "ndvi_apr": 0.11128826284160215, "ndvi_may": 0.13987011284463935, "ndvi_june": 0.13512342438722652, "ndvi_apr_june_change": -0.023835161545624373, "ndre_apr": 0.05813683381873287, "ndre_may": 0.09701950698573557, "ndre_june": 0.07714325294364244, "ndwi_apr": -0.08753307805293137, "ndwi_may": -0.060945253793357156, "ndwi_june": -0.02673330535698269, "ndyi_apr": 0.20715781922141713, "ndyi_may": 0.2188808612939384, "ndyi_june": 0.15700242083726657, "valid_pixel_fraction": 0.833, "baseline_rule_pass": false, "sunflower_candidate_score": 0.2391, "candidate_tier": "D", "training_label": "NON_SUNFLOWER_TEMPORAL_NEGATIVE", "label_method": "cofounder_green_to_brown_temporal_heuristic", "label_provenance": "Weak label derived from the co-founder's Google Earth field observation (Delhi->Chandigarh drive, 2026-05-09, large sunflower areas in full bloom near Kurukshetra-Karnal) and her resulting Sentinel-2 temporal hypothesis (April green -> May flowering-period green -> June harvested/brown/ploughed). NOT independently confirmed sunflower ground truth. NOT derived from or cross-checked against AMED crop labels.", "real_pu_spent": 0.6933333539962768}}, {"type": "Feature", "id": "7JXRXWVW+7574", "geometry": {"type": "MultiPolygon", "coordinates": [[[[76.9462691, 29.992214100000005], [76.9463081, 29.9926195], [76.9463303, 29.992691400000002], [76.94632849999999, 29.993133499999995], [76.9463083, 29.993160800000002], [76.94637089999999, 29.993177899999996], [76.94639389999999, 29.993294900000002], [76.9464155, 29.993871999999996], [76.9464392, 29.994024999999997], [76.946432, 29.9941875], [76.946422, 29.994205700000002], [76.9458216, 29.9942416], [76.94580119999999, 29.994259999999997], [76.94584929999999, 29.994602099999998], [76.94584189999999, 29.994755599999998], [76.9446928, 29.994826699999994], [76.94461749999999, 29.9941512], [76.9446104, 29.9937904], [76.9445574, 29.993195699999998], [76.9444869, 29.9917081], [76.9447667, 29.991704], [76.9460505, 29.9916309], [76.94623709999999, 29.991637199999996], [76.9462691, 29.992214100000005]]]]}, "properties": {"field_id": "7JXRXWVW+7574", "centroid_lat": 29.993304, "centroid_lon": 76.945818, "area_sqm": 56033.2572, "source_cell": "390e4444", "ndvi_apr": 0.49937470217808977, "ndvi_may": 0.5295736789876067, "ndvi_june": 0.2892791166546056, "ndvi_apr_june_change": 0.21009558552348417, "ndre_apr": 0.368123891023265, "ndre_may": 0.3881229896347781, "ndre_june": 0.18402419800066777, "ndwi_apr": 0.07533668001313051, "ndwi_may": 0.11336816072604505, "ndwi_june": 0.058631690344156044, "ndyi_apr": 0.3629521375509678, "ndyi_may": 0.25335960854334644, "ndyi_june": 0.11371131517463638, "valid_pixel_fraction": 0.833, "baseline_rule_pass": false, "sunflower_candidate_score": 0.4483, "candidate_tier": "C", "training_label": "UNCERTAIN", "label_method": "cofounder_green_to_brown_temporal_heuristic", "label_provenance": "Weak label derived from the co-founder's Google Earth field observation (Delhi->Chandigarh drive, 2026-05-09, large sunflower areas in full bloom near Kurukshetra-Karnal) and her resulting Sentinel-2 temporal hypothesis (April green -> May flowering-period green -> June harvested/brown/ploughed). NOT independently confirmed sunflower ground truth. NOT derived from or cross-checked against AMED crop labels.", "real_pu_spent": 0.6933333539962768}}, {"type": "Feature", "id": "7JXRXXRM+8PG3", "geometry": {"type": "MultiPolygon", "coordinates": [[[[76.9844933, 29.990659899999997], [76.98449889999999, 29.9909395], [76.9843124, 29.9909423], [76.98415729999999, 29.990962699999997], [76.9841512, 29.990656100000006], [76.9844933, 29.990659899999997]]]]}, "properties": {"field_id": "7JXRXXRM+8PG3", "centroid_lat": 29.990803, "centroid_lon": 76.984351, "area_sqm": 1055.5851, "source_cell": "390e4494", "ndvi_apr": 0.3232389647099707, "ndvi_may": 0.3354044775995943, "ndvi_june": 0.24113208800554276, "ndvi_apr_june_change": 0.08210687670442796, "ndre_apr": 0.18730614665481782, "ndre_may": 0.2029236120482286, "ndre_june": 0.1413286077203574, "ndwi_apr": -0.008087780844006274, "ndwi_may": -0.011074085978584157, "ndwi_june": -0.020664490690385857, "ndyi_apr": 0.20523881249957615, "ndyi_may": 0.14343686174187395, "ndyi_june": 0.12104775342676376, "valid_pixel_fraction": 0.683, "baseline_rule_pass": false, "sunflower_candidate_score": 0.2852, "candidate_tier": "D", "training_label": "NON_SUNFLOWER_TEMPORAL_NEGATIVE", "label_method": "cofounder_green_to_brown_temporal_heuristic", "label_provenance": "Weak label derived from the co-founder's Google Earth field observation (Delhi->Chandigarh drive, 2026-05-09, large sunflower areas in full bloom near Kurukshetra-Karnal) and her resulting Sentinel-2 temporal hypothesis (April green -> May flowering-period green -> June harvested/brown/ploughed). NOT independently confirmed sunflower ground truth. NOT derived from or cross-checked against AMED crop labels.", "real_pu_spent": 0.6933333539962768}}, {"type": "Feature", "id": "7JXVX2WF+CF86", "geometry": {"type": "MultiPolygon", "coordinates": [[[[77.0235154, 29.995821699999997], [77.0240231, 29.9958139], [77.0240319, 29.996246799999998], [77.0237418, 29.996251299999994], [77.0233473, 29.99622129999999], [77.0233397, 29.995842499999995], [77.0235154, 29.995821699999997]]]]}, "properties": {"field_id": "7JXVX2WF+CF86", "centroid_lat": 29.996003, "centroid_lon": 77.023645, "area_sqm": 3078.0498, "source_cell": "390e5b44", "ndvi_apr": 0.22220594606229235, "ndvi_may": 0.16222352828298298, "ndvi_june": 0.1329712180154664, "ndvi_apr_june_change": 0.08923472804682595, "ndre_apr": 0.13099110844944203, "ndre_may": 0.06280848252986157, "ndre_june": 0.08111892214843207, "ndwi_apr": -0.059786712591137214, "ndwi_may": -0.09360332710535399, "ndwi_june": -0.08855855049831525, "ndyi_apr": 0.23505455191646304, "ndyi_may": 0.3015907359548978, "ndyi_june": 0.12199379879803884, "valid_pixel_fraction": 0.75, "baseline_rule_pass": false, "sunflower_candidate_score": 0.3146, "candidate_tier": "D", "training_label": "NON_SUNFLOWER_TEMPORAL_NEGATIVE", "label_method": "cofounder_green_to_brown_temporal_heuristic", "label_provenance": "Weak label derived from the co-founder's Google Earth field observation (Delhi->Chandigarh drive, 2026-05-09, large sunflower areas in full bloom near Kurukshetra-Karnal) and her resulting Sentinel-2 temporal hypothesis (April green -> May flowering-period green -> June harvested/brown/ploughed). NOT independently confirmed sunflower ground truth. NOT derived from or cross-checked against AMED crop labels.", "real_pu_spent": 0.6933333539962768}}, {"type": "Feature", "id": "8J2R2QRC+32F4", "geometry": {"type": "MultiPolygon", "coordinates": [[[[76.7703483, 30.0400715], [76.770331, 30.0402703], [76.7697712, 30.0402778], [76.76974710000002, 30.0400887], [76.7703483, 30.0400715]]]]}, "properties": {"field_id": "8J2R2QRC+32F4", "centroid_lat": 30.040156, "centroid_lon": 76.770109, "area_sqm": 1205.4505, "source_cell": "390e377c", "ndvi_apr": 0.6714816507365969, "ndvi_may": 0.5394125334421794, "ndvi_june": 0.08167620986286138, "ndvi_apr_june_change": 0.5898054408737355, "ndre_apr": 0.37131294815076715, "ndre_may": 0.2486814491947492, "ndre_june": 0.034360262332484126, "ndwi_apr": 0.09503886433958542, "ndwi_may": 0.06459154754100987, "ndwi_june": -0.07633574265572761, "ndyi_apr": 0.3688144530687067, "ndyi_may": 0.3463241587082545, "ndyi_june": 0.13102314165896836, "valid_pixel_fraction": 0.833, "baseline_rule_pass": true, "sunflower_candidate_score": 0.8175, "candidate_tier": "A", "training_label": "SUNFLOWER_WEAK_POSITIVE_HIGH", "label_method": "cofounder_green_to_brown_temporal_heuristic", "label_provenance": "Weak label derived from the co-founder's Google Earth field observation (Delhi->Chandigarh drive, 2026-05-09, large sunflower areas in full bloom near Kurukshetra-Karnal) and her resulting Sentinel-2 temporal hypothesis (April green -> May flowering-period green -> June harvested/brown/ploughed). NOT independently confirmed sunflower ground truth. NOT derived from or cross-checked against AMED crop labels.", "real_pu_spent": 0.6933333539962768}}, {"type": "Feature", "id": "8J2R3Q2H+4CC7", "geometry": {"type": "MultiPolygon", "coordinates": [[[[76.77883899999999, 30.0498094], [76.77886649999999, 30.050765400000003], [76.7785139, 30.050770200000002], [76.7785152, 30.050842299999996], [76.7781834, 30.050846800000002], [76.7781749, 30.049791299999995], [76.77883899999999, 30.0498094]]]]}, "properties": {"field_id": "8J2R3Q2H+4CC7", "centroid_lat": 30.050376, "centroid_lon": 76.778562, "area_sqm": 7248.1576, "source_cell": "390e377c", "ndvi_apr": 0.12353678781489308, "ndvi_may": 0.11426842700512636, "ndvi_june": 0.07933883008266253, "ndvi_apr_june_change": 0.04419795773223055, "ndre_apr": 0.053618345773949326, "ndre_may": 0.058360623396445245, "ndre_june": 0.03163847719995482, "ndwi_apr": -0.0780108160470263, "ndwi_may": -0.09788288687400164, "ndwi_june": -0.07720473022634414, "ndyi_apr": 0.16509786783440392, "ndyi_may": 0.1516211930130209, "ndyi_june": 0.1237920591578124, "valid_pixel_fraction": 0.917, "baseline_rule_pass": false, "sunflower_candidate_score": 0.3116, "candidate_tier": "D", "training_label": "NON_SUNFLOWER_TEMPORAL_NEGATIVE", "label_method": "cofounder_green_to_brown_temporal_heuristic", "label_provenance": "Weak label derived from the co-founder's Google Earth field observation (Delhi->Chandigarh drive, 2026-05-09, large sunflower areas in full bloom near Kurukshetra-Karnal) and her resulting Sentinel-2 temporal hypothesis (April green -> May flowering-period green -> June harvested/brown/ploughed). NOT independently confirmed sunflower ground truth. NOT derived from or cross-checked against AMED crop labels.", "real_pu_spent": 0.6933333539962768}}, {"type": "Feature", "id": "8J2R2RW6+H5W9", "geometry": {"type": "MultiPolygon", "coordinates": [[[[76.8107611, 30.046405299999996], [76.81077410000002, 30.046549499999998], [76.8106291, 30.046560500000002], [76.8101622, 30.046548899999998], [76.8101392, 30.0464229], [76.8107611, 30.046405299999996]]]]}, "properties": {"field_id": "8J2R2RW6+H5W9", "centroid_lat": 30.046482, "centroid_lon": 76.810538, "area_sqm": 930.0872, "source_cell": "390e37f4", "ndvi_apr": 0.2861975484217206, "ndvi_may": 0.4583809266487758, "ndvi_june": 0.4060411858061949, "ndvi_apr_june_change": -0.11984363738447429, "ndre_apr": 0.16962513653561473, "ndre_may": 0.27933756038546564, "ndre_june": 0.26223397826155026, "ndwi_apr": -0.07261677509328972, "ndwi_may": 0.04018013746438858, "ndwi_june": 0.11850721524388064, "ndyi_apr": 0.17388947494328025, "ndyi_may": 0.23634913054605328, "ndyi_june": 0.14858802032734578, "valid_pixel_fraction": 1.0, "baseline_rule_pass": false, "sunflower_candidate_score": 0.2836, "candidate_tier": "D", "training_label": "NON_SUNFLOWER_TEMPORAL_NEGATIVE", "label_method": "cofounder_green_to_brown_temporal_heuristic", "label_provenance": "Weak label derived from the co-founder's Google Earth field observation (Delhi->Chandigarh drive, 2026-05-09, large sunflower areas in full bloom near Kurukshetra-Karnal) and her resulting Sentinel-2 temporal hypothesis (April green -> May flowering-period green -> June harvested/brown/ploughed). NOT independently confirmed sunflower ground truth. NOT derived from or cross-checked against AMED crop labels.", "real_pu_spent": 0.6933333539962768}}, {"type": "Feature", "id": "8J2R3V26+36F7", "geometry": {"type": "MultiPolygon", "coordinates": [[[[76.8602109, 30.0499193], [76.8608852, 30.0499278], [76.8608946, 30.050432899999997], [76.86021029999999, 30.0504426], [76.8602007, 30.049928499999996], [76.8602109, 30.0499193]]]]}, "properties": {"field_id": "8J2R3V26+36F7", "centroid_lat": 30.050095, "centroid_lon": 76.860435, "area_sqm": 3766.7417, "source_cell": "390e4874", "ndvi_apr": 0.7201740933316095, "ndvi_may": 0.673542414960407, "ndvi_june": 0.07630107602814123, "ndvi_apr_june_change": 0.6438730173034684, "ndre_apr": 0.46877944883373046, "ndre_may": 0.4301377364567348, "ndre_june": 0.02467609193436579, "ndwi_apr": 0.18262165778183512, "ndwi_may": 0.21923159436278405, "ndwi_june": -0.060701872754309855, "ndyi_apr": 0.5413593445268888, "ndyi_may": 0.35286290116962926, "ndyi_june": 0.10086957458406687, "valid_pixel_fraction": 0.917, "baseline_rule_pass": true, "sunflower_candidate_score": 0.8975, "candidate_tier": "A", "training_label": "SUNFLOWER_WEAK_POSITIVE_HIGH", "label_method": "cofounder_green_to_brown_temporal_heuristic", "label_provenance": "Weak label derived from the co-founder's Google Earth field observation (Delhi->Chandigarh drive, 2026-05-09, large sunflower areas in full bloom near Kurukshetra-Karnal) and her resulting Sentinel-2 temporal hypothesis (April green -> May flowering-period green -> June harvested/brown/ploughed). NOT independently confirmed sunflower ground truth. NOT derived from or cross-checked against AMED crop labels.", "real_pu_spent": 0.6933333539962768}}, {"type": "Feature", "id": "8J2R3V45+WC3P", "geometry": {"type": "MultiPolygon", "coordinates": [[[[76.858891, 30.056984300000003], [76.85892199999999, 30.057534200000003], [76.8582275, 30.0575531], [76.85819339999999, 30.0573911], [76.85819649999999, 30.0570031], [76.858891, 30.056984300000003]]]]}, "properties": {"field_id": "8J2R3V45+WC3P", "centroid_lat": 30.057242, "centroid_lon": 76.858554, "area_sqm": 4167.1943, "source_cell": "390e4874", "ndvi_apr": 0.1583186568958419, "ndvi_may": 0.10920785385228339, "ndvi_june": 0.12162859365344048, "ndvi_apr_june_change": 0.03669006324240143, "ndre_apr": 0.08472668601288681, "ndre_may": 0.05946863581249047, "ndre_june": 0.0639768358800904, "ndwi_apr": -0.13612138870216545, "ndwi_may": -0.13042011236151058, "ndwi_june": -0.035257113476594285, "ndyi_apr": 0.19673103750461618, "ndyi_may": 0.13079118666549522, "ndyi_june": 0.10665284647118477, "valid_pixel_fraction": 0.767, "baseline_rule_pass": false, "sunflower_candidate_score": 0.2696, "candidate_tier": "D", "training_label": "NON_SUNFLOWER_TEMPORAL_NEGATIVE", "label_method": "cofounder_green_to_brown_temporal_heuristic", "label_provenance": "Weak label derived from the co-founder's Google Earth field observation (Delhi->Chandigarh drive, 2026-05-09, large sunflower areas in full bloom near Kurukshetra-Karnal) and her resulting Sentinel-2 temporal hypothesis (April green -> May flowering-period green -> June harvested/brown/ploughed). NOT independently confirmed sunflower ground truth. NOT derived from or cross-checked against AMED crop labels.", "real_pu_spent": 0.6933333539962768}}, {"type": "Feature", "id": "8J2R3W22+2HXW", "geometry": {"type": "MultiPolygon", "coordinates": [[[[76.9015592, 30.0499323], [76.9015635, 30.050157800000008], [76.9015842, 30.0501575], [76.9015939, 30.0501212], [76.9016352, 30.0501116], [76.9019048, 30.050107699999995], [76.9019074, 30.050242999999995], [76.9012025, 30.05026220000001], [76.90120859999999, 30.050036600000002], [76.9012274, 30.049937099999998], [76.9015592, 30.0499323]]]]}, "properties": {"field_id": "8J2R3W22+2HXW", "centroid_lat": 30.050091, "centroid_lon": 76.901541, "area_sqm": 1706.3613, "source_cell": "390e461c", "ndvi_apr": 0.20234933495521545, "ndvi_may": 0.1826497881249948, "ndvi_june": 0.18703250502320853, "ndvi_apr_june_change": 0.01531682993200692, "ndre_apr": 0.12751938377253033, "ndre_may": 0.1121320696378296, "ndre_june": 0.11504569545980883, "ndwi_apr": -0.03783227604898539, "ndwi_may": -0.08223650469021362, "ndwi_june": -0.047769726498782715, "ndyi_apr": 0.17117969251491805, "ndyi_may": 0.21202654154463246, "ndyi_june": 0.10278316070749002, "valid_pixel_fraction": 0.833, "baseline_rule_pass": false, "sunflower_candidate_score": 0.2429, "candidate_tier": "D", "training_label": "NON_SUNFLOWER_TEMPORAL_NEGATIVE", "label_method": "cofounder_green_to_brown_temporal_heuristic", "label_provenance": "Weak label derived from the co-founder's Google Earth field observation (Delhi->Chandigarh drive, 2026-05-09, large sunflower areas in full bloom near Kurukshetra-Karnal) and her resulting Sentinel-2 temporal hypothesis (April green -> May flowering-period green -> June harvested/brown/ploughed). NOT independently confirmed sunflower ground truth. NOT derived from or cross-checked against AMED crop labels.", "real_pu_spent": 0.6933333539962768}}, {"type": "Feature", "id": "8J2R2WV3+799W", "geometry": {"type": "MultiPolygon", "coordinates": [[[[76.9035346, 30.0426049], [76.9036297, 30.042693699999997], [76.9037869, 30.042781599999998], [76.9038631, 30.042970000000004], [76.9038434, 30.043024400000004], [76.9038446, 30.0430876], [76.9038142, 30.0431241], [76.9037769, 30.0433412], [76.9037803, 30.04352149999999], [76.90363529999999, 30.043532700000004], [76.9030855, 30.043522600000003], [76.90308019999999, 30.043243], [76.9030555, 30.043035800000006], [76.9034703, 30.043038799999998], [76.90351249999999, 30.0430743], [76.9034743, 30.042704999999998], [76.9034823, 30.04257850000001], [76.9035346, 30.0426049]]]]}, "properties": {"field_id": "8J2R2WV3+799W", "centroid_lat": 30.043027, "centroid_lon": 76.903567, "area_sqm": 5013.967, "source_cell": "390e461c", "ndvi_apr": 0.13874719079870443, "ndvi_may": 0.12901686118199274, "ndvi_june": 0.1158461764168281, "ndvi_apr_june_change": 0.022901014381876333, "ndre_apr": 0.07405499924833958, "ndre_may": 0.07222216641100554, "ndre_june": 0.05780920254496427, "ndwi_apr": -0.13462250977754597, "ndwi_may": -0.15874840798286288, "ndwi_june": -0.15389217310585085, "ndyi_apr": 0.18550965270170802, "ndyi_may": 0.1708616778025261, "ndyi_june": 0.11721625030040742, "valid_pixel_fraction": 0.833, "baseline_rule_pass": false, "sunflower_candidate_score": 0.272, "candidate_tier": "D", "training_label": "NON_SUNFLOWER_TEMPORAL_NEGATIVE", "label_method": "cofounder_green_to_brown_temporal_heuristic", "label_provenance": "Weak label derived from the co-founder's Google Earth field observation (Delhi->Chandigarh drive, 2026-05-09, large sunflower areas in full bloom near Kurukshetra-Karnal) and her resulting Sentinel-2 temporal hypothesis (April green -> May flowering-period green -> June harvested/brown/ploughed). NOT independently confirmed sunflower ground truth. NOT derived from or cross-checked against AMED crop labels.", "real_pu_spent": 0.6933333539962768}}, {"type": "Feature", "id": "8J2R3X23+735H", "geometry": {"type": "MultiPolygon", "coordinates": [[[[76.952788, 30.05037219999999], [76.952809, 30.0509132], [76.9527054, 30.050914799999997], [76.9526999, 30.050635200000002], [76.952677, 30.0505273], [76.952674, 30.0503739], [76.952788, 30.05037219999999]]]]}, "properties": {"field_id": "8J2R3X23+735H", "centroid_lat": 30.050587, "centroid_lon": 76.952734, "area_sqm": 616.6447, "source_cell": "390e458c", "ndvi_apr": 0.2685686436792215, "ndvi_may": 0.2538946469624837, "ndvi_june": 0.24062762450840738, "ndvi_apr_june_change": 0.027941019170814124, "ndre_apr": 0.1741325706243515, "ndre_may": 0.17496137274429202, "ndre_june": 0.17256709353791344, "ndwi_apr": -0.07258412366112073, "ndwi_may": -0.06081144030516346, "ndwi_june": -0.01654326405049586, "ndyi_apr": 0.22345787162582081, "ndyi_may": 0.1402472198630373, "ndyi_june": 0.15420845523476598, "valid_pixel_fraction": 0.683, "baseline_rule_pass": false, "sunflower_candidate_score": 0.2265, "candidate_tier": "D", "training_label": "NON_SUNFLOWER_TEMPORAL_NEGATIVE", "label_method": "cofounder_green_to_brown_temporal_heuristic", "label_provenance": "Weak label derived from the co-founder's Google Earth field observation (Delhi->Chandigarh drive, 2026-05-09, large sunflower areas in full bloom near Kurukshetra-Karnal) and her resulting Sentinel-2 temporal hypothesis (April green -> May flowering-period green -> June harvested/brown/ploughed). NOT independently confirmed sunflower ground truth. NOT derived from or cross-checked against AMED crop labels.", "real_pu_spent": 0.6933333539962768}}, {"type": "Feature", "id": "8J2R2XX2+H5GR", "geometry": {"type": "MultiPolygon", "coordinates": [[[[76.9512527, 30.048229799999998], [76.951284, 30.049826199999995], [76.950589, 30.04981849999999], [76.95058190000002, 30.049457699999994], [76.9505581, 30.049827900000004], [76.95015389999999, 30.049842999999996], [76.9501406, 30.0496898], [76.9501086, 30.049645099999996], [76.949901, 30.0496392], [76.9498946, 30.048782199999994], [76.9502262, 30.048768300000003], [76.9498732, 30.048746400000002], [76.94917860000001, 30.0487567], [76.9491731, 30.048477099999996], [76.9491896, 30.048260400000007], [76.9512527, 30.048229799999998]]]]}, "properties": {"field_id": "8J2R2XX2+H5GR", "centroid_lat": 30.049125, "centroid_lon": 76.95021, "area_sqm": 26504.0367, "source_cell": "390e458c", "ndvi_apr": 0.4545529931519472, "ndvi_may": 0.479017113344678, "ndvi_june": 0.37064662016487865, "ndvi_apr_june_change": 0.08390637298706854, "ndre_apr": 0.30321003165069627, "ndre_may": 0.3321881956295341, "ndre_june": 0.24773936098976493, "ndwi_apr": 0.0576221182841663, "ndwi_may": 0.09183457164582635, "ndwi_june": 0.04375948957281775, "ndyi_apr": 0.2797513637718158, "ndyi_may": 0.2689703945022707, "ndyi_june": 0.18330999041068652, "valid_pixel_fraction": 0.75, "baseline_rule_pass": false, "sunflower_candidate_score": 0.3568, "candidate_tier": "C", "training_label": "UNCERTAIN", "label_method": "cofounder_green_to_brown_temporal_heuristic", "label_provenance": "Weak label derived from the co-founder's Google Earth field observation (Delhi->Chandigarh drive, 2026-05-09, large sunflower areas in full bloom near Kurukshetra-Karnal) and her resulting Sentinel-2 temporal hypothesis (April green -> May flowering-period green -> June harvested/brown/ploughed). NOT independently confirmed sunflower ground truth. NOT derived from or cross-checked against AMED crop labels.", "real_pu_spent": 0.6933333539962768}}, {"type": "Feature", "id": "8J2R3X6P+3FVG", "geometry": {"type": "MultiPolygon", "coordinates": [[[[76.98617039999999, 30.0602292], [76.9861909, 30.0602199], [76.98622280000001, 30.0602555], [76.9861502, 30.060256600000002], [76.98614909999999, 30.0602024], [76.98617039999999, 30.0602292]]]]}, "properties": {"field_id": "8J2R3X6P+3FVG", "centroid_lat": 30.060232, "centroid_lon": 76.986176, "area_sqm": 22.0223, "source_cell": "390e4564", "ndvi_apr": 0.23082778602838516, "ndvi_may": 0.2312372386455536, "ndvi_june": 0.21192650496959686, "ndvi_apr_june_change": 0.0189012810587883, "ndre_apr": 0.14765049517154694, "ndre_may": 0.1728115051984787, "ndre_june": 0.11250793561339378, "ndwi_apr": -0.09105440974235535, "ndwi_may": -0.07028902024030685, "ndwi_june": -0.053459858521819115, "ndyi_apr": 0.20367523282766342, "ndyi_may": 0.11246294528245926, "ndyi_june": 0.1290247030556202, "valid_pixel_fraction": 0.667, "baseline_rule_pass": false, "sunflower_candidate_score": 0.2268, "candidate_tier": "D", "training_label": "NON_SUNFLOWER_TEMPORAL_NEGATIVE", "label_method": "cofounder_green_to_brown_temporal_heuristic", "label_provenance": "Weak label derived from the co-founder's Google Earth field observation (Delhi->Chandigarh drive, 2026-05-09, large sunflower areas in full bloom near Kurukshetra-Karnal) and her resulting Sentinel-2 temporal hypothesis (April green -> May flowering-period green -> June harvested/brown/ploughed). NOT independently confirmed sunflower ground truth. NOT derived from or cross-checked against AMED crop labels.", "real_pu_spent": 0.6933333539962768}}, {"type": "Feature", "id": "8J2R3X6M+96QJ", "geometry": {"type": "MultiPolygon", "coordinates": [[[[76.9831754, 30.0608699], [76.983435, 30.06088399999999], [76.9834382, 30.061046299999994], [76.9827748, 30.061065399999997], [76.9827609, 30.060885099999993], [76.9831754, 30.0608699]]]]}, "properties": {"field_id": "8J2R3X6M+96QJ", "centroid_lat": 30.060937, "centroid_lon": 76.983127, "area_sqm": 1279.3, "source_cell": "390e4564", "ndvi_apr": 0.2678443023136684, "ndvi_may": 0.27904055650745124, "ndvi_june": 0.4461859427983799, "ndvi_apr_june_change": -0.17834164048471152, "ndre_apr": 0.14898680562951738, "ndre_may": 0.12522636151739533, "ndre_june": 0.2635249958506652, "ndwi_apr": -0.07979966407375677, "ndwi_may": -0.00928086921838778, "ndwi_june": 0.08736145184634048, "ndyi_apr": 0.21797350740858487, "ndyi_may": 0.11217017232307365, "ndyi_june": 0.16207871043552005, "valid_pixel_fraction": 0.75, "baseline_rule_pass": false, "sunflower_candidate_score": 0.2174, "candidate_tier": "D", "training_label": "NON_SUNFLOWER_TEMPORAL_NEGATIVE", "label_method": "cofounder_green_to_brown_temporal_heuristic", "label_provenance": "Weak label derived from the co-founder's Google Earth field observation (Delhi->Chandigarh drive, 2026-05-09, large sunflower areas in full bloom near Kurukshetra-Karnal) and her resulting Sentinel-2 temporal hypothesis (April green -> May flowering-period green -> June harvested/brown/ploughed). NOT independently confirmed sunflower ground truth. NOT derived from or cross-checked against AMED crop labels.", "real_pu_spent": 0.6933333539962768}}, {"type": "Feature", "id": "8J2V22VJ+MHHX", "geometry": {"type": "MultiPolygon", "coordinates": [[[[77.0317865, 30.0441139], [77.0318178, 30.044122499999997], [77.0318207, 30.044266800000003], [77.031178, 30.044276699999998], [77.0311749, 30.044123399999997], [77.0317865, 30.0441139]]]]}, "properties": {"field_id": "8J2V22VJ+MHHX", "centroid_lat": 30.04417, "centroid_lon": 77.031594, "area_sqm": 1053.6468, "source_cell": "390e5abc", "ndvi_apr": 0.1904282458126545, "ndvi_may": 0.16035888294378914, "ndvi_june": 0.15341482518447772, "ndvi_apr_june_change": 0.03701342062817678, "ndre_apr": 0.11910419414440793, "ndre_may": 0.11716066381583609, "ndre_june": 0.061951296193001326, "ndwi_apr": -0.06917635584250091, "ndwi_may": -0.09216886665672062, "ndwi_june": -0.06119932159264053, "ndyi_apr": 0.2118040006607771, "ndyi_may": 0.16362270352741082, "ndyi_june": 0.14254114197360143, "valid_pixel_fraction": 0.75, "baseline_rule_pass": false, "sunflower_candidate_score": 0.2633, "candidate_tier": "D", "training_label": "NON_SUNFLOWER_TEMPORAL_NEGATIVE", "label_method": "cofounder_green_to_brown_temporal_heuristic", "label_provenance": "Weak label derived from the co-founder's Google Earth field observation (Delhi->Chandigarh drive, 2026-05-09, large sunflower areas in full bloom near Kurukshetra-Karnal) and her resulting Sentinel-2 temporal hypothesis (April green -> May flowering-period green -> June harvested/brown/ploughed). NOT independently confirmed sunflower ground truth. NOT derived from or cross-checked against AMED crop labels.", "real_pu_spent": 0.6933333539962768}}, {"type": "Feature", "id": "8J2V22WF+MMQG", "geometry": {"type": "MultiPolygon", "coordinates": [[[[77.02492219999999, 30.04668269999999], [77.024124, 30.046695], [77.0249331, 30.046709600000003], [77.02493319999999, 30.0472239], [77.02397950000001, 30.047238600000004], [77.0235541, 30.047227099999994], [77.0235335, 30.0462169], [77.02470439999999, 30.046171900000008], [77.0249223, 30.046177500000002], [77.02492219999999, 30.04668269999999]]]]}, "properties": {"field_id": "8J2V22WF+MMQG", "centroid_lat": 30.046703, "centroid_lon": 77.024453, "area_sqm": 15298.9615, "source_cell": "390e5abc", "ndvi_apr": 0.3563790827607497, "ndvi_may": 0.3761215502157425, "ndvi_june": 0.30432210141458577, "ndvi_apr_june_change": 0.05205698134616393, "ndre_apr": 0.2100345365022524, "ndre_may": 0.2189960345506477, "ndre_june": 0.17556745821956352, "ndwi_apr": -0.014459973484358322, "ndwi_may": -0.005820738575839182, "ndwi_june": -0.0028275361184304806, "ndyi_apr": 0.26785592935406244, "ndyi_may": 0.2667905447471779, "ndyi_june": 0.16111379619846997, "valid_pixel_fraction": 0.75, "baseline_rule_pass": false, "sunflower_candidate_score": 0.2896, "candidate_tier": "D", "training_label": "NON_SUNFLOWER_TEMPORAL_NEGATIVE", "label_method": "cofounder_green_to_brown_temporal_heuristic", "label_provenance": "Weak label derived from the co-founder's Google Earth field observation (Delhi->Chandigarh drive, 2026-05-09, large sunflower areas in full bloom near Kurukshetra-Karnal) and her resulting Sentinel-2 temporal hypothesis (April green -> May flowering-period green -> June harvested/brown/ploughed). NOT independently confirmed sunflower ground truth. NOT derived from or cross-checked against AMED crop labels.", "real_pu_spent": 0.6933333539962768}}, {"type": "Feature", "id": "8J2R4Q3H+9MQF", "geometry": {"type": "MultiPolygon", "coordinates": [[[[76.7796264, 30.103653], [76.7788382, 30.103672699999997], [76.7785991, 30.1036489], [76.77862879999999, 30.103567300000005], [76.7786594, 30.1035398], [76.7789269, 30.1034098], [76.7791938, 30.103252800000003], [76.7793796, 30.103196199999996], [76.77955469999999, 30.103121599999998], [76.7796274, 30.1031297], [76.7796264, 30.103653]]]]}, "properties": {"field_id": "8J2R4Q3H+9MQF", "centroid_lat": 30.10344, "centroid_lon": 76.779151, "area_sqm": 3762.4544, "source_cell": "390e36f4", "ndvi_apr": 0.29231939216454833, "ndvi_may": 0.19146698692136188, "ndvi_june": 0.1648197775460715, "ndvi_apr_june_change": 0.12749961461847684, "ndre_apr": 0.17582031511560536, "ndre_may": 0.10755776696499776, "ndre_june": 0.07263454125791705, "ndwi_apr": -0.042046344747315306, "ndwi_may": -0.042874785657741915, "ndwi_june": -0.007657350599047626, "ndyi_apr": 0.2186852308611075, "ndyi_may": 0.14878302059051662, "ndyi_june": 0.1624589266388544, "valid_pixel_fraction": 0.85, "baseline_rule_pass": false, "sunflower_candidate_score": 0.3456, "candidate_tier": "D", "training_label": "NON_SUNFLOWER_TEMPORAL_NEGATIVE", "label_method": "cofounder_green_to_brown_temporal_heuristic", "label_provenance": "Weak label derived from the co-founder's Google Earth field observation (Delhi->Chandigarh drive, 2026-05-09, large sunflower areas in full bloom near Kurukshetra-Karnal) and her resulting Sentinel-2 temporal hypothesis (April green -> May flowering-period green -> June harvested/brown/ploughed). NOT independently confirmed sunflower ground truth. NOT derived from or cross-checked against AMED crop labels.", "real_pu_spent": 0.6933333539962768}}, {"type": "Feature", "id": "8J2R4Q4H+8R3Q", "geometry": {"type": "MultiPolygon", "coordinates": [[[[76.7803615, 30.105294100000002], [76.7796042, 30.1053044], [76.7791065, 30.1053291], [76.7796565, 30.105330700000003], [76.7796779, 30.106521400000005], [76.7796986, 30.1065211], [76.77970739999999, 30.106430699999994], [76.7802368, 30.106441600000004], [76.7803715, 30.10643079999999], [76.7803909, 30.1069358], [76.77946759999999, 30.106948299999996], [76.77930789999999, 30.1067249], [76.7791682, 30.10645610000001], [76.7790134, 30.105925899999995], [76.7789105, 30.105395], [76.7788666, 30.105260199999996], [76.7786838, 30.104901800000004], [76.7786716, 30.10480269999999], [76.77881699999999, 30.1048098], [76.7790253, 30.104852100000002], [76.77964779999999, 30.1048436], [76.7796698, 30.104915499999994], [76.7796781, 30.104798099999996], [76.77971939999999, 30.104788499999994], [76.7803417, 30.1047711], [76.7803615, 30.105294100000002]]]]}, "properties": {"field_id": "8J2R4Q4H+8R3Q", "centroid_lat": 30.105616, "centroid_lon": 76.779545, "area_sqm": 21898.5729, "source_cell": "390e36f4", "ndvi_apr": 0.20319451826070653, "ndvi_may": 0.19028343112737534, "ndvi_june": 0.1877956343176312, "ndvi_apr_june_change": 0.015398883943075342, "ndre_apr": 0.11341926597204864, "ndre_may": 0.10722038103164834, "ndre_june": 0.10210301834004998, "ndwi_apr": -0.09109762090325257, "ndwi_may": -0.0423076427230091, "ndwi_june": 0.0023673237501465605, "ndyi_apr": 0.1923074998107611, "ndyi_may": 0.14365983218977263, "ndyi_june": 0.14760883539069447, "valid_pixel_fraction": 0.85, "baseline_rule_pass": false, "sunflower_candidate_score": 0.2458, "candidate_tier": "D", "training_label": "NON_SUNFLOWER_TEMPORAL_NEGATIVE", "label_method": "cofounder_green_to_brown_temporal_heuristic", "label_provenance": "Weak label derived from the co-founder's Google Earth field observation (Delhi->Chandigarh drive, 2026-05-09, large sunflower areas in full bloom near Kurukshetra-Karnal) and her resulting Sentinel-2 temporal hypothesis (April green -> May flowering-period green -> June harvested/brown/ploughed). NOT independently confirmed sunflower ground truth. NOT derived from or cross-checked against AMED crop labels.", "real_pu_spent": 0.6933333539962768}}, {"type": "Feature", "id": "8J2R4R37+JCMC", "geometry": {"type": "MultiPolygon", "coordinates": [[[[76.8137272, 30.1038361], [76.81373099999999, 30.1040435], [76.8137055, 30.104350699999994], [76.81336309999999, 30.104355400000003], [76.81334319999999, 30.10383240000001], [76.8137272, 30.1038361]]]]}, "properties": {"field_id": "8J2R4R37+JCMC", "centroid_lat": 30.104042, "centroid_lon": 76.8136, "area_sqm": 2049.8687, "source_cell": "390e363c", "ndvi_apr": 0.17038612347096205, "ndvi_may": 0.13492628070525822, "ndvi_june": 0.11151163797411652, "ndvi_apr_june_change": 0.05887448549684553, "ndre_apr": 0.09799831417492692, "ndre_may": 0.07518795815606913, "ndre_june": 0.05638577895135515, "ndwi_apr": -0.08957533062332207, "ndwi_may": -0.09570295767237744, "ndwi_june": -0.07491285333202943, "ndyi_apr": 0.17482973697284857, "ndyi_may": 0.14217490307055414, "ndyi_june": 0.14847256750282314, "valid_pixel_fraction": 0.767, "baseline_rule_pass": false, "sunflower_candidate_score": 0.297, "candidate_tier": "D", "training_label": "NON_SUNFLOWER_TEMPORAL_NEGATIVE", "label_method": "cofounder_green_to_brown_temporal_heuristic", "label_provenance": "Weak label derived from the co-founder's Google Earth field observation (Delhi->Chandigarh drive, 2026-05-09, large sunflower areas in full bloom near Kurukshetra-Karnal) and her resulting Sentinel-2 temporal hypothesis (April green -> May flowering-period green -> June harvested/brown/ploughed). NOT independently confirmed sunflower ground truth. NOT derived from or cross-checked against AMED crop labels.", "real_pu_spent": 0.6933333539962768}}, {"type": "Feature", "id": "8J2R4R66+782R", "geometry": {"type": "MultiPolygon", "coordinates": [[[[76.81107519999999, 30.1103326], [76.8110957, 30.1108917], [76.81107709999999, 30.1110092], [76.81037119999999, 30.1109919], [76.8103721, 30.1104776], [76.8110404, 30.1101346], [76.81107519999999, 30.1103326]]]]}, "properties": {"field_id": "8J2R4R66+782R", "centroid_lat": 30.110596, "centroid_lon": 76.810872, "area_sqm": 5327.1615, "source_cell": "390e363c", "ndvi_apr": 0.308582937765506, "ndvi_may": 0.4513100952270531, "ndvi_june": 0.5763630182031662, "ndvi_apr_june_change": -0.26778008043766016, "ndre_apr": 0.19660031915672363, "ndre_may": 0.3114901167010108, "ndre_june": 0.41078388666914356, "ndwi_apr": -0.04661747307005908, "ndwi_may": 0.0863798377197987, "ndwi_june": 0.23137674580818865, "ndyi_apr": 0.17061548547879346, "ndyi_may": 0.14699815384923448, "ndyi_june": 0.18893181256228875, "valid_pixel_fraction": 0.767, "baseline_rule_pass": false, "sunflower_candidate_score": 0.2663, "candidate_tier": "D", "training_label": "NON_SUNFLOWER_TEMPORAL_NEGATIVE", "label_method": "cofounder_green_to_brown_temporal_heuristic", "label_provenance": "Weak label derived from the co-founder's Google Earth field observation (Delhi->Chandigarh drive, 2026-05-09, large sunflower areas in full bloom near Kurukshetra-Karnal) and her resulting Sentinel-2 temporal hypothesis (April green -> May flowering-period green -> June harvested/brown/ploughed). NOT independently confirmed sunflower ground truth. NOT derived from or cross-checked against AMED crop labels.", "real_pu_spent": 0.6933333539962768}}, {"type": "Feature", "id": "8J2R4V84+F32H", "geometry": {"type": "MultiPolygon", "coordinates": [[[[76.855343, 30.1163819], [76.85498009999999, 30.1163961], [76.8549706, 30.115890999999994], [76.85532309999999, 30.115868], [76.855343, 30.1163819]]]]}, "properties": {"field_id": "8J2R4V84+F32H", "centroid_lat": 30.116184, "centroid_lon": 76.855192, "area_sqm": 1952.1833, "source_cell": "390e49bc", "ndvi_apr": 0.21725919842720032, "ndvi_may": 0.23725462425500154, "ndvi_june": 0.18627565707235283, "ndvi_apr_june_change": 0.030983541354847488, "ndre_apr": 0.13600754701635903, "ndre_may": 0.1580957213106255, "ndre_june": 0.10934840029221961, "ndwi_apr": -0.03984419877330462, "ndwi_may": -0.008316401169092085, "ndwi_june": 0.017062391105961677, "ndyi_apr": 0.16362776058829492, "ndyi_may": 0.12687006949757534, "ndyi_june": 0.13043930071095627, "valid_pixel_fraction": 0.85, "baseline_rule_pass": false, "sunflower_candidate_score": 0.268, "candidate_tier": "D", "training_label": "NON_SUNFLOWER_TEMPORAL_NEGATIVE", "label_method": "cofounder_green_to_brown_temporal_heuristic", "label_provenance": "Weak label derived from the co-founder's Google Earth field observation (Delhi->Chandigarh drive, 2026-05-09, large sunflower areas in full bloom near Kurukshetra-Karnal) and her resulting Sentinel-2 temporal hypothesis (April green -> May flowering-period green -> June harvested/brown/ploughed). NOT independently confirmed sunflower ground truth. NOT derived from or cross-checked against AMED crop labels.", "real_pu_spent": 0.6933333539962768}}, {"type": "Feature", "id": "8J2R4V55+6588", "geometry": {"type": "MultiPolygon", "coordinates": [[[[76.8582986, 30.106848900000003], [76.8582821, 30.107074699999995], [76.8583044, 30.1082653], [76.85828049999999, 30.108653599999997], [76.858294, 30.109375199999995], [76.85819149999999, 30.109439799999993], [76.8579032, 30.109561099999997], [76.8576772, 30.109681600000002], [76.8576667, 30.109122400000004], [76.85761339999999, 30.108491599999997], [76.8576081, 30.10821200000001], [76.8576375, 30.107562], [76.85762849999999, 30.107083899999996], [76.8576085, 30.106569999999998], [76.85829319999999, 30.1065603], [76.8582986, 30.106848900000003]]]]}, "properties": {"field_id": "8J2R4V55+6588", "centroid_lat": 30.108084, "centroid_lon": 76.857974, "area_sqm": 20896.3522, "source_cell": "390e49bc", "ndvi_apr": 0.3770565943405386, "ndvi_may": 0.4201146418444366, "ndvi_june": 0.3854657639690896, "ndvi_apr_june_change": -0.008409169628550983, "ndre_apr": 0.23967224473816906, "ndre_may": 0.2572335664919647, "ndre_june": 0.2379120579939218, "ndwi_apr": 0.030754105241532822, "ndwi_may": 0.045831431812402824, "ndwi_june": 0.09162517064095135, "ndyi_apr": 0.19788160095071858, "ndyi_may": 0.20791771409817486, "ndyi_june": 0.1610909451761724, "valid_pixel_fraction": 0.917, "baseline_rule_pass": false, "sunflower_candidate_score": 0.2975, "candidate_tier": "D", "training_label": "NON_SUNFLOWER_TEMPORAL_NEGATIVE", "label_method": "cofounder_green_to_brown_temporal_heuristic", "label_provenance": "Weak label derived from the co-founder's Google Earth field observation (Delhi->Chandigarh drive, 2026-05-09, large sunflower areas in full bloom near Kurukshetra-Karnal) and her resulting Sentinel-2 temporal hypothesis (April green -> May flowering-period green -> June harvested/brown/ploughed). NOT independently confirmed sunflower ground truth. NOT derived from or cross-checked against AMED crop labels.", "real_pu_spent": 0.6933333539962768}}, {"type": "Feature", "id": "8J2R4W5W+45VW", "geometry": {"type": "MultiPolygon", "coordinates": [[[[76.94545029999999, 30.107842200000004], [76.9454619, 30.107905199999998], [76.9453997, 30.107906099999997], [76.9453983, 30.107833999999993], [76.94545029999999, 30.107842200000004]]]]}, "properties": {"field_id": "8J2R4W5W+45VW", "centroid_lat": 30.107866, "centroid_lon": 76.945432, "area_sqm": 41.0427, "source_cell": "390e4ee4", "ndvi_apr": 0.12959031760692596, "ndvi_may": 0.22444358840584755, "ndvi_june": 0.3043139825264613, "ndvi_apr_june_change": -0.17472366491953534, "ndre_apr": -0.026239666854962707, "ndre_may": 0.04001342412084341, "ndre_june": 0.12763397643963495, "ndwi_apr": -0.01548812841065228, "ndwi_may": 0.0008816955232759938, "ndwi_june": 0.03565049854417642, "ndyi_apr": 0.10379566624760628, "ndyi_may": 0.0984149482101202, "ndyi_june": 0.09537387142578761, "valid_pixel_fraction": 0.683, "baseline_rule_pass": false, "sunflower_candidate_score": 0.1548, "candidate_tier": "D", "training_label": "NON_SUNFLOWER_TEMPORAL_NEGATIVE", "label_method": "cofounder_green_to_brown_temporal_heuristic", "label_provenance": "Weak label derived from the co-founder's Google Earth field observation (Delhi->Chandigarh drive, 2026-05-09, large sunflower areas in full bloom near Kurukshetra-Karnal) and her resulting Sentinel-2 temporal hypothesis (April green -> May flowering-period green -> June harvested/brown/ploughed). NOT independently confirmed sunflower ground truth. NOT derived from or cross-checked against AMED crop labels.", "real_pu_spent": 0.6933333539962768}}, {"type": "Feature", "id": "8J2R4X43+W24M", "geometry": {"type": "MultiPolygon", "coordinates": [[[[76.952953, 30.107333899999997], [76.9529359, 30.1075236], [76.9522824, 30.1075333], [76.95227419999999, 30.10711849999999], [76.9522535, 30.107118799999995], [76.952246, 30.1072632], [76.95212169999999, 30.107274099999998], [76.952117, 30.1070396], [76.9529467, 30.107018200000002], [76.952953, 30.107333899999997]]]]}, "properties": {"field_id": "8J2R4X43+W24M", "centroid_lat": 30.107256, "centroid_lon": 76.952508, "area_sqm": 3939.0774, "source_cell": "390e4ee4", "ndvi_apr": 0.40400569819741783, "ndvi_may": 0.2787198436756929, "ndvi_june": 0.19271677268875967, "ndvi_apr_june_change": 0.21128892550865816, "ndre_apr": 0.26183036731349096, "ndre_may": 0.18900450836453173, "ndre_june": 0.09872875512681073, "ndwi_apr": 0.05601011318051154, "ndwi_may": -0.0251344772728367, "ndwi_june": -0.08244894890252637, "ndyi_apr": 0.28197499646080876, "ndyi_may": 0.14220667891204355, "ndyi_june": 0.14538675171357618, "valid_pixel_fraction": 0.683, "baseline_rule_pass": false, "sunflower_candidate_score": 0.3992, "candidate_tier": "C", "training_label": "UNCERTAIN", "label_method": "cofounder_green_to_brown_temporal_heuristic", "label_provenance": "Weak label derived from the co-founder's Google Earth field observation (Delhi->Chandigarh drive, 2026-05-09, large sunflower areas in full bloom near Kurukshetra-Karnal) and her resulting Sentinel-2 temporal hypothesis (April green -> May flowering-period green -> June harvested/brown/ploughed). NOT independently confirmed sunflower ground truth. NOT derived from or cross-checked against AMED crop labels.", "real_pu_spent": 0.6933333539962768}}, {"type": "Feature", "id": "8J2R4X6P+2VGF", "geometry": {"type": "MultiPolygon", "coordinates": [[[[76.9872865, 30.109823100000007], [76.9873167, 30.1102917], [76.9870988, 30.110294999999994], [76.9870998, 30.109825899999997], [76.9872865, 30.109823100000007]]]]}, "properties": {"field_id": "8J2R4X6P+2VGF", "centroid_lat": 30.110012, "centroid_lon": 76.987218, "area_sqm": 1015.0184, "source_cell": "390e4e4c", "ndvi_apr": 0.17935070171952247, "ndvi_may": 0.15116080909967425, "ndvi_june": 0.11810825541615487, "ndvi_apr_june_change": 0.0612424463033676, "ndre_apr": 0.1089244931936264, "ndre_may": 0.09536697164177896, "ndre_june": 0.06682227067649364, "ndwi_apr": -0.08675996176898479, "ndwi_may": -0.13413448348641394, "ndwi_june": -0.1487504745523135, "ndyi_apr": 0.19579198211431503, "ndyi_may": 0.15938884243369103, "ndyi_june": 0.11022276747971772, "valid_pixel_fraction": 0.75, "baseline_rule_pass": false, "sunflower_candidate_score": 0.2973, "candidate_tier": "D", "training_label": "NON_SUNFLOWER_TEMPORAL_NEGATIVE", "label_method": "cofounder_green_to_brown_temporal_heuristic", "label_provenance": "Weak label derived from the co-founder's Google Earth field observation (Delhi->Chandigarh drive, 2026-05-09, large sunflower areas in full bloom near Kurukshetra-Karnal) and her resulting Sentinel-2 temporal hypothesis (April green -> May flowering-period green -> June harvested/brown/ploughed). NOT independently confirmed sunflower ground truth. NOT derived from or cross-checked against AMED crop labels.", "real_pu_spent": 0.6933333539962768}}, {"type": "Feature", "id": "8J2R4X8J+CJQ4", "geometry": {"type": "MultiPolygon", "coordinates": [[[[76.9823238, 30.1154013], [76.98232279999999, 30.116393799999997], [76.9816381, 30.1164041], [76.9816177, 30.1164224], [76.9816282, 30.1169455], [76.9809542, 30.1169738], [76.9809428, 30.1158823], [76.98125399999999, 30.115877599999997], [76.9812848, 30.1158591], [76.9812743, 30.115336000000003], [76.98231179999999, 30.115320300000004], [76.9823238, 30.1154013]]]]}, "properties": {"field_id": "8J2R4X8J+CJQ4", "centroid_lat": 30.116018, "centroid_lon": 76.981656, "area_sqm": 17838.6232, "source_cell": "390e4e4c", "ndvi_apr": 0.23488890799797243, "ndvi_may": 0.20623245056422937, "ndvi_june": 0.17427813582536245, "ndvi_apr_june_change": 0.06061077217260999, "ndre_apr": 0.14227315935616686, "ndre_may": 0.13272656454157739, "ndre_june": 0.10518554425410305, "ndwi_apr": -0.05541161111452514, "ndwi_may": -0.09655167318185762, "ndwi_june": -0.0642553277152021, "ndyi_apr": 0.2260933844579591, "ndyi_may": 0.18408644339513217, "ndyi_june": 0.11091024103936634, "valid_pixel_fraction": 0.833, "baseline_rule_pass": false, "sunflower_candidate_score": 0.2894, "candidate_tier": "D", "training_label": "NON_SUNFLOWER_TEMPORAL_NEGATIVE", "label_method": "cofounder_green_to_brown_temporal_heuristic", "label_provenance": "Weak label derived from the co-founder's Google Earth field observation (Delhi->Chandigarh drive, 2026-05-09, large sunflower areas in full bloom near Kurukshetra-Karnal) and her resulting Sentinel-2 temporal hypothesis (April green -> May flowering-period green -> June harvested/brown/ploughed). NOT independently confirmed sunflower ground truth. NOT derived from or cross-checked against AMED crop labels.", "real_pu_spent": 0.6933333539962768}}, {"type": "Feature", "id": "8J2V424H+6VV7", "geometry": {"type": "MultiPolygon", "coordinates": [[[[77.0296393, 30.105548600000002], [77.0300646, 30.105542000000003], [77.0300855, 30.105550700000002], [77.03007699999999, 30.105640999999995], [77.03002529999999, 30.105650899999997], [77.0292372, 30.1056721], [77.0292249, 30.105581999999995], [77.0296393, 30.105548600000002]]]]}, "properties": {"field_id": "8J2V424H+6VV7", "centroid_lat": 30.105592, "centroid_lon": 77.029749, "area_sqm": 961.4279, "source_cell": "390e5034", "ndvi_apr": 0.20343607477843761, "ndvi_may": 0.16393961180001498, "ndvi_june": 0.3119467329233885, "ndvi_apr_june_change": -0.10851065814495087, "ndre_apr": 0.15111722238361835, "ndre_may": 0.1138907183893025, "ndre_june": 0.22823139326646924, "ndwi_apr": -0.08196861133910716, "ndwi_may": -0.07191653796471656, "ndwi_june": 0.03281029511708766, "ndyi_apr": 0.18289254885166883, "ndyi_may": 0.13195477072149514, "ndyi_june": 0.13219081750139594, "valid_pixel_fraction": 0.667, "baseline_rule_pass": false, "sunflower_candidate_score": 0.1654, "candidate_tier": "D", "training_label": "NON_SUNFLOWER_TEMPORAL_NEGATIVE", "label_method": "cofounder_green_to_brown_temporal_heuristic", "label_provenance": "Weak label derived from the co-founder's Google Earth field observation (Delhi->Chandigarh drive, 2026-05-09, large sunflower areas in full bloom near Kurukshetra-Karnal) and her resulting Sentinel-2 temporal hypothesis (April green -> May flowering-period green -> June harvested/brown/ploughed). NOT independently confirmed sunflower ground truth. NOT derived from or cross-checked against AMED crop labels.", "real_pu_spent": 0.6933333539962768}}, {"type": "Feature", "id": "8J2R5Q7H+C4RM", "geometry": {"type": "MultiPolygon", "coordinates": [[[[76.777795, 30.163585599999998], [76.777796, 30.163639700000004], [76.7777337, 30.1636405], [76.77773289999999, 30.163595399999995], [76.777795, 30.163585599999998]]]]}, "properties": {"field_id": "8J2R5Q7H+C4RM", "centroid_lat": 30.163609, "centroid_lon": 76.777771, "area_sqm": 33.0388, "source_cell": "390e344c", "ndvi_apr": 0.4962698618570964, "ndvi_may": 0.44216296076774597, "ndvi_june": 0.2510360963642597, "ndvi_apr_june_change": 0.24523376549283665, "ndre_apr": 0.36302361885706586, "ndre_may": 0.32117877900600433, "ndre_june": 0.15739412978291512, "ndwi_apr": 0.15703790883223215, "ndwi_may": 0.16967447474598885, "ndwi_june": 0.07919042743742466, "ndyi_apr": 0.1770207087198893, "ndyi_may": 0.12257449701428413, "ndyi_june": 0.13214156962931156, "valid_pixel_fraction": 0.85, "baseline_rule_pass": false, "sunflower_candidate_score": 0.4481, "candidate_tier": "C", "training_label": "UNCERTAIN", "label_method": "cofounder_green_to_brown_temporal_heuristic", "label_provenance": "Weak label derived from the co-founder's Google Earth field observation (Delhi->Chandigarh drive, 2026-05-09, large sunflower areas in full bloom near Kurukshetra-Karnal) and her resulting Sentinel-2 temporal hypothesis (April green -> May flowering-period green -> June harvested/brown/ploughed). NOT independently confirmed sunflower ground truth. NOT derived from or cross-checked against AMED crop labels.", "real_pu_spent": 0.6933333539962768}}, {"type": "Feature", "id": "8J2R5Q6F+H8R8", "geometry": {"type": "MultiPolygon", "coordinates": [[[[76.773574, 30.160376699999997], [76.77357289999999, 30.160890900000002], [76.7735734, 30.160918], [76.7735931, 30.161441], [76.77359369999999, 30.1614771], [76.7736132, 30.1619821], [76.7736137, 30.162009099999995], [76.77360209999999, 30.162523600000004], [76.77293780000001, 30.16253259999999], [76.77291029999999, 30.161576599999997], [76.7729202, 30.1615494], [76.77295099999999, 30.1615309], [76.77294359999999, 30.161116], [76.7729695, 30.160826900000004], [76.7729616, 30.160384899999997], [76.773574, 30.160376699999997]]]]}, "properties": {"field_id": "8J2R5Q6F+H8R8", "centroid_lat": 30.161345, "centroid_lon": 76.773307, "area_sqm": 14933.5887, "source_cell": "390e344c", "ndvi_apr": 0.3717956402531219, "ndvi_may": 0.31260841087039026, "ndvi_june": 0.13907595145532725, "ndvi_apr_june_change": 0.23271968879779464, "ndre_apr": 0.2603513070803491, "ndre_may": 0.2191633107916762, "ndre_june": 0.06969049228757199, "ndwi_apr": 0.04181960685777344, "ndwi_may": 0.04762654725579652, "ndwi_june": -0.04251836583127787, "ndyi_apr": 0.20105686622657, "ndyi_may": 0.1338699858391746, "ndyi_june": 0.12081022697523061, "valid_pixel_fraction": 0.85, "baseline_rule_pass": false, "sunflower_candidate_score": 0.4649, "candidate_tier": "C", "training_label": "UNCERTAIN", "label_method": "cofounder_green_to_brown_temporal_heuristic", "label_provenance": "Weak label derived from the co-founder's Google Earth field observation (Delhi->Chandigarh drive, 2026-05-09, large sunflower areas in full bloom near Kurukshetra-Karnal) and her resulting Sentinel-2 temporal hypothesis (April green -> May flowering-period green -> June harvested/brown/ploughed). NOT independently confirmed sunflower ground truth. NOT derived from or cross-checked against AMED crop labels.", "real_pu_spent": 0.6933333539962768}}, {"type": "Feature", "id": "8J2R5R64+XQ7R", "geometry": {"type": "MultiPolygon", "coordinates": [[[[76.8069867, 30.1621762], [76.8070098, 30.162302200000003], [76.80701669999999, 30.1626811], [76.8068298, 30.162683599999998], [76.8068017, 30.162278], [76.80680989999999, 30.162160599999996], [76.8069867, 30.1621762]]]]}, "properties": {"field_id": "8J2R5R64+XQ7R", "centroid_lat": 30.162351, "centroid_lon": 76.80692, "area_sqm": 1074.736, "source_cell": "390e3594", "ndvi_apr": 0.6285909753706719, "ndvi_may": 0.5529620094845692, "ndvi_june": 0.2387963326958319, "ndvi_apr_june_change": 0.38979464267484, "ndre_apr": 0.4342292427188821, "ndre_may": 0.3634366601084669, "ndre_june": 0.1407895734688888, "ndwi_apr": 0.22697421701418027, "ndwi_may": 0.22337556102623543, "ndwi_june": 0.052035752907007314, "ndyi_apr": 0.23131049672762552, "ndyi_may": 0.16624163161031902, "ndyi_june": 0.13796188790972033, "valid_pixel_fraction": 0.85, "baseline_rule_pass": true, "sunflower_candidate_score": 0.5892, "candidate_tier": "A", "training_label": "SUNFLOWER_WEAK_POSITIVE_HIGH", "label_method": "cofounder_green_to_brown_temporal_heuristic", "label_provenance": "Weak label derived from the co-founder's Google Earth field observation (Delhi->Chandigarh drive, 2026-05-09, large sunflower areas in full bloom near Kurukshetra-Karnal) and her resulting Sentinel-2 temporal hypothesis (April green -> May flowering-period green -> June harvested/brown/ploughed). NOT independently confirmed sunflower ground truth. NOT derived from or cross-checked against AMED crop labels.", "real_pu_spent": 0.6933333539962768}}, {"type": "Feature", "id": "8J2R5R86+2WMJ", "geometry": {"type": "MultiPolygon", "coordinates": [[[[76.8126106, 30.1648233], [76.8126307, 30.165355400000003], [76.8119456, 30.165364799999992], [76.8119461, 30.164823499999997], [76.8126106, 30.1648233]]]]}, "properties": {"field_id": "8J2R5R86+2WMJ", "centroid_lat": 30.165038, "centroid_lon": 76.812349, "area_sqm": 3871.9339, "source_cell": "390e3594", "ndvi_apr": 0.7057404314714764, "ndvi_may": 0.7993462525662922, "ndvi_june": 0.6489481988052527, "ndvi_apr_june_change": 0.056792232666223685, "ndre_apr": 0.49556816996090003, "ndre_may": 0.5716225757485345, "ndre_june": 0.40730216460568563, "ndwi_apr": 0.27273428392788723, "ndwi_may": 0.38353551200457986, "ndwi_june": 0.3171892716061501, "ndyi_apr": 0.2757949100600348, "ndyi_may": 0.34154757183222545, "ndyi_june": 0.22563210511136625, "valid_pixel_fraction": 0.917, "baseline_rule_pass": false, "sunflower_candidate_score": 0.499, "candidate_tier": "C", "training_label": "UNCERTAIN", "label_method": "cofounder_green_to_brown_temporal_heuristic", "label_provenance": "Weak label derived from the co-founder's Google Earth field observation (Delhi->Chandigarh drive, 2026-05-09, large sunflower areas in full bloom near Kurukshetra-Karnal) and her resulting Sentinel-2 temporal hypothesis (April green -> May flowering-period green -> June harvested/brown/ploughed). NOT independently confirmed sunflower ground truth. NOT derived from or cross-checked against AMED crop labels.", "real_pu_spent": 0.6933333539962768}}, {"type": "Feature", "id": "8J2R5V72+JFWP", "geometry": {"type": "MultiPolygon", "coordinates": [[[[76.8515429, 30.164081099999997], [76.85153319999999, 30.164117300000008], [76.85146069999999, 30.1641274], [76.85154419999999, 30.164153300000002], [76.85155929999999, 30.1644057], [76.8512794, 30.164427699999997], [76.8509265, 30.1644326], [76.85086849999999, 30.164108699999996], [76.8507908, 30.1638391], [76.8515378, 30.163810499999997], [76.8515429, 30.164081099999997]]]]}, "properties": {"field_id": "8J2R5V72+JFWP", "centroid_lat": 30.164144, "centroid_lon": 76.851326, "area_sqm": 4352.343, "source_cell": "390e4a44", "ndvi_apr": 0.3026965926918719, "ndvi_may": 0.34244288911577314, "ndvi_june": 0.47831319695493824, "ndvi_apr_june_change": -0.17561660426306636, "ndre_apr": 0.17110947804111573, "ndre_may": 0.22863496828358623, "ndre_june": 0.32884978902681417, "ndwi_apr": -0.007483984282266141, "ndwi_may": 0.06620392651529983, "ndwi_june": 0.19219227333451275, "ndyi_apr": 0.2137513273499078, "ndyi_may": 0.152287596060584, "ndyi_june": 0.18284814172269157, "valid_pixel_fraction": 0.85, "baseline_rule_pass": false, "sunflower_candidate_score": 0.2513, "candidate_tier": "D", "training_label": "NON_SUNFLOWER_TEMPORAL_NEGATIVE", "label_method": "cofounder_green_to_brown_temporal_heuristic", "label_provenance": "Weak label derived from the co-founder's Google Earth field observation (Delhi->Chandigarh drive, 2026-05-09, large sunflower areas in full bloom near Kurukshetra-Karnal) and her resulting Sentinel-2 temporal hypothesis (April green -> May flowering-period green -> June harvested/brown/ploughed). NOT independently confirmed sunflower ground truth. NOT derived from or cross-checked against AMED crop labels.", "real_pu_spent": 0.6933333539962768}}, {"type": "Feature", "id": "8J2R5XC2+26RX", "geometry": {"type": "MultiPolygon", "coordinates": [[[[76.9505452, 30.1700983], [76.9505461, 30.170143400000004], [76.9505046, 30.170143999999997], [76.9505037, 30.1700989], [76.9505452, 30.1700983]]]]}, "properties": {"field_id": "8J2R5XC2+26RX", "centroid_lat": 30.170117, "centroid_lon": 76.950529, "area_sqm": 20.0205, "source_cell": "390e4c3c", "ndvi_apr": 0.08899583667516708, "ndvi_may": 0.11061564460396767, "ndvi_june": 0.06639736331999302, "ndvi_apr_june_change": 0.022598473355174065, "ndre_apr": 0.12176099419593811, "ndre_may": 0.1331586390733719, "ndre_june": 0.09869005065411329, "ndwi_apr": -0.0367953951160113, "ndwi_may": -0.04969555884599686, "ndwi_june": 0.009697547182440758, "ndyi_apr": 0.016032392159104347, "ndyi_may": 0.07481949031352997, "ndyi_june": 0.07995256409049034, "valid_pixel_fraction": 0.85, "baseline_rule_pass": false, "sunflower_candidate_score": 0.2932, "candidate_tier": "D", "training_label": "NON_SUNFLOWER_TEMPORAL_NEGATIVE", "label_method": "cofounder_green_to_brown_temporal_heuristic", "label_provenance": "Weak label derived from the co-founder's Google Earth field observation (Delhi->Chandigarh drive, 2026-05-09, large sunflower areas in full bloom near Kurukshetra-Karnal) and her resulting Sentinel-2 temporal hypothesis (April green -> May flowering-period green -> June harvested/brown/ploughed). NOT independently confirmed sunflower ground truth. NOT derived from or cross-checked against AMED crop labels.", "real_pu_spent": 0.6933333539962768}}, {"type": "Feature", "id": "8J2R5X7H+7576", "geometry": {"type": "MultiPolygon", "coordinates": [[[[76.9782303, 30.1630166], [76.9782357, 30.163287199999996], [76.9775818, 30.163297099999994], [76.9775878, 30.1630805], [76.97758689999999, 30.163035400000002], [76.9782303, 30.1630166]]]]}, "properties": {"field_id": "8J2R5X7H+7576", "centroid_lat": 30.163122, "centroid_lon": 76.977909, "area_sqm": 1842.8465, "source_cell": "390e4dc4", "ndvi_apr": 0.6170924543230623, "ndvi_may": 0.38961091865268016, "ndvi_june": 0.19350099287651204, "ndvi_apr_june_change": 0.42359146144655024, "ndre_apr": 0.3668593212410256, "ndre_may": 0.2336653731763363, "ndre_june": 0.11256935530238682, "ndwi_apr": 0.10693170685597041, "ndwi_may": 0.006135966214868754, "ndwi_june": -0.059268413146060926, "ndyi_apr": 0.3224180509094839, "ndyi_may": 0.15475854370743036, "ndyi_june": 0.12537102235688105, "valid_pixel_fraction": 0.767, "baseline_rule_pass": true, "sunflower_candidate_score": 0.597, "candidate_tier": "A", "training_label": "SUNFLOWER_WEAK_POSITIVE_HIGH", "label_method": "cofounder_green_to_brown_temporal_heuristic", "label_provenance": "Weak label derived from the co-founder's Google Earth field observation (Delhi->Chandigarh drive, 2026-05-09, large sunflower areas in full bloom near Kurukshetra-Karnal) and her resulting Sentinel-2 temporal hypothesis (April green -> May flowering-period green -> June harvested/brown/ploughed). NOT independently confirmed sunflower ground truth. NOT derived from or cross-checked against AMED crop labels.", "real_pu_spent": 0.6933333539962768}}, {"type": "Feature", "id": "8J2R5XCM+649G", "geometry": {"type": "MultiPolygon", "coordinates": [[[[76.9826509, 30.1701673], [76.98266400000001, 30.170302399999997], [76.9828607, 30.1702723], [76.98322399999999, 30.170266800000004], [76.98323529999999, 30.170835000000007], [76.9825292, 30.170827699999997], [76.9825003, 30.1704221], [76.9824652, 30.170224200000003], [76.9826509, 30.1701673]]]]}, "properties": {"field_id": "8J2R5XCM+649G", "centroid_lat": 30.170387, "centroid_lon": 76.982753, "area_sqm": 4450.4333, "source_cell": "390e4dc4", "ndvi_apr": 0.27584565701809793, "ndvi_may": 0.3339330633255569, "ndvi_june": 0.3878013081848622, "ndvi_apr_june_change": -0.11195565116676426, "ndre_apr": 0.147818620521293, "ndre_may": 0.19296681610020724, "ndre_june": 0.2266978222989675, "ndwi_apr": -0.06031908377101928, "ndwi_may": 0.0011288188821212842, "ndwi_june": 0.05929078214279742, "ndyi_apr": 0.20392269703249136, "ndyi_may": 0.10850845549756546, "ndyi_june": 0.16232043713556998, "valid_pixel_fraction": 0.833, "baseline_rule_pass": false, "sunflower_candidate_score": 0.2392, "candidate_tier": "D", "training_label": "NON_SUNFLOWER_TEMPORAL_NEGATIVE", "label_method": "cofounder_green_to_brown_temporal_heuristic", "label_provenance": "Weak label derived from the co-founder's Google Earth field observation (Delhi->Chandigarh drive, 2026-05-09, large sunflower areas in full bloom near Kurukshetra-Karnal) and her resulting Sentinel-2 temporal hypothesis (April green -> May flowering-period green -> June harvested/brown/ploughed). NOT independently confirmed sunflower ground truth. NOT derived from or cross-checked against AMED crop labels.", "real_pu_spent": 0.6933333539962768}}, {"type": "Feature", "id": "8J2V527G+8XQG", "geometry": {"type": "MultiPolygon", "coordinates": [[[[77.0275206, 30.163319599999994], [77.0275214, 30.163355599999996], [77.0274591, 30.1633566], [77.02745829999999, 30.163320499999994], [77.0275206, 30.163319599999994]]]]}, "properties": {"field_id": "8J2V527G+8XQG", "centroid_lat": 30.163334, "centroid_lon": 77.027496, "area_sqm": 24.023, "source_cell": "390e521c", "ndvi_apr": 0.46580145756403607, "ndvi_may": 0.26638373732566833, "ndvi_june": 0.15165045857429504, "ndvi_apr_june_change": 0.314150998989741, "ndre_apr": 0.23648524781068167, "ndre_may": 0.15218905545771122, "ndre_june": 0.1698116660118103, "ndwi_apr": 0.005157781997695565, "ndwi_may": -0.04144681547768414, "ndwi_june": -0.059798261150717735, "ndyi_apr": 0.26186559597651166, "ndyi_may": 0.13753259181976318, "ndyi_june": 0.1362837553024292, "valid_pixel_fraction": 0.683, "baseline_rule_pass": false, "sunflower_candidate_score": 0.4976, "candidate_tier": "B", "training_label": "SUNFLOWER_WEAK_POSITIVE_MEDIUM", "label_method": "cofounder_green_to_brown_temporal_heuristic", "label_provenance": "Weak label derived from the co-founder's Google Earth field observation (Delhi->Chandigarh drive, 2026-05-09, large sunflower areas in full bloom near Kurukshetra-Karnal) and her resulting Sentinel-2 temporal hypothesis (April green -> May flowering-period green -> June harvested/brown/ploughed). NOT independently confirmed sunflower ground truth. NOT derived from or cross-checked against AMED crop labels.", "real_pu_spent": 0.6933333539962768}}, {"type": "Feature", "id": "8J2V525F+VQH6", "geometry": {"type": "MultiPolygon", "coordinates": [[[[77.024804, 30.1594281], [77.02481449999999, 30.159942200000003], [77.0241501, 30.159943400000003], [77.0241394, 30.159420299999997], [77.024804, 30.1594281]]]]}, "properties": {"field_id": "8J2V525F+VQH6", "centroid_lat": 30.159632, "centroid_lon": 77.024542, "area_sqm": 3683.5362, "source_cell": "390e521c", "ndvi_apr": 0.146842984965554, "ndvi_may": 0.13889063017235864, "ndvi_june": 0.10766907150132789, "ndvi_apr_june_change": 0.03917391346422612, "ndre_apr": 0.07606818006132489, "ndre_may": 0.07260967722524785, "ndre_june": 0.04986834624368284, "ndwi_apr": -0.09563340108703684, "ndwi_may": -0.13685576476984554, "ndwi_june": -0.12717545818951395, "ndyi_apr": 0.1776418865278915, "ndyi_may": 0.09161493571397537, "ndyi_june": 0.1355860120513373, "valid_pixel_fraction": 0.75, "baseline_rule_pass": false, "sunflower_candidate_score": 0.2824, "candidate_tier": "D", "training_label": "NON_SUNFLOWER_TEMPORAL_NEGATIVE", "label_method": "cofounder_green_to_brown_temporal_heuristic", "label_provenance": "Weak label derived from the co-founder's Google Earth field observation (Delhi->Chandigarh drive, 2026-05-09, large sunflower areas in full bloom near Kurukshetra-Karnal) and her resulting Sentinel-2 temporal hypothesis (April green -> May flowering-period green -> June harvested/brown/ploughed). NOT independently confirmed sunflower ground truth. NOT derived from or cross-checked against AMED crop labels.", "real_pu_spent": 0.6933333539962768}}, {"type": "Feature", "id": "8J2R6VH4+3747", "geometry": {"type": "MultiPolygon", "coordinates": [[[[76.85608069999999, 30.2277663], [76.8553225, 30.227777099999994], [76.855307, 30.22750660000001], [76.85573289999999, 30.227500600000003], [76.85606489999999, 30.227477800000003], [76.85608069999999, 30.2277663]]]]}, "properties": {"field_id": "8J2R6VH4+3747", "centroid_lat": 30.227632, "centroid_lon": 76.855765, "area_sqm": 2225.4414, "source_cell": "390e4acc", "ndvi_apr": 0.15008027768797347, "ndvi_may": 0.12658048775934036, "ndvi_june": 0.09636911099392269, "ndvi_apr_june_change": 0.05371116669405078, "ndre_apr": 0.0824673803197959, "ndre_may": 0.0675823006867653, "ndre_june": 0.043811406496734845, "ndwi_apr": -0.0956220483732602, "ndwi_may": -0.1324212748912119, "ndwi_june": -0.10733985983663136, "ndyi_apr": 0.1749152966908046, "ndyi_may": 0.13431692451593422, "ndyi_june": 0.1445125535367027, "valid_pixel_fraction": 0.767, "baseline_rule_pass": false, "sunflower_candidate_score": 0.2985, "candidate_tier": "D", "training_label": "NON_SUNFLOWER_TEMPORAL_NEGATIVE", "label_method": "cofounder_green_to_brown_temporal_heuristic", "label_provenance": "Weak label derived from the co-founder's Google Earth field observation (Delhi->Chandigarh drive, 2026-05-09, large sunflower areas in full bloom near Kurukshetra-Karnal) and her resulting Sentinel-2 temporal hypothesis (April green -> May flowering-period green -> June harvested/brown/ploughed). NOT independently confirmed sunflower ground truth. NOT derived from or cross-checked against AMED crop labels.", "real_pu_spent": 0.6933333539962768}}, {"type": "Feature", "id": "8J2R6VG6+Q466", "geometry": {"type": "MultiPolygon", "coordinates": [[[[76.861663, 30.2262797], [76.8616425, 30.226848399999998], [76.86134109999999, 30.226843600000006], [76.8610922, 30.2268652], [76.8602717, 30.226876899999997], [76.8602512, 30.226895199999998], [76.860271, 30.227391100000002], [76.85930499999999, 30.2274048], [76.8594092, 30.2274214], [76.8602715, 30.227418200000006], [76.8602815, 30.2279503], [76.8589001, 30.227969899999998], [76.858895, 30.227148999999994], [76.85891099999999, 30.226896200000002], [76.85952379999999, 30.226887499999993], [76.859627, 30.226849899999998], [76.8599856, 30.226583199999997], [76.8606497, 30.2259873], [76.8609879, 30.225738900000007], [76.8610405, 30.225774299999998], [76.8616431, 30.225774800000007], [76.861663, 30.2262797]]]]}, "properties": {"field_id": "8J2R6VG6+Q466", "centroid_lat": 30.226822, "centroid_lon": 76.860347, "area_sqm": 31650.2569, "source_cell": "390e4acc", "ndvi_apr": 0.19850309551095155, "ndvi_may": 0.25664860799258776, "ndvi_june": 0.326061128175625, "ndvi_apr_june_change": -0.12755803266467344, "ndre_apr": 0.11515187425712321, "ndre_may": 0.15698746526205992, "ndre_june": 0.2009398078162646, "ndwi_apr": -0.06503048667110144, "ndwi_may": -0.011719318583521574, "ndwi_june": 0.020920731873176463, "ndyi_apr": 0.17973606658187216, "ndyi_may": 0.11301858923624745, "ndyi_june": 0.16698073753237297, "valid_pixel_fraction": 0.833, "baseline_rule_pass": false, "sunflower_candidate_score": 0.1987, "candidate_tier": "D", "training_label": "NON_SUNFLOWER_TEMPORAL_NEGATIVE", "label_method": "cofounder_green_to_brown_temporal_heuristic", "label_provenance": "Weak label derived from the co-founder's Google Earth field observation (Delhi->Chandigarh drive, 2026-05-09, large sunflower areas in full bloom near Kurukshetra-Karnal) and her resulting Sentinel-2 temporal hypothesis (April green -> May flowering-period green -> June harvested/brown/ploughed). NOT independently confirmed sunflower ground truth. NOT derived from or cross-checked against AMED crop labels.", "real_pu_spent": 0.6933333539962768}}, {"type": "Feature", "id": "8J2R6V7W+38VP", "geometry": {"type": "MultiPolygon", "coordinates": [[[[76.8962604, 30.212277800000003], [76.896406, 30.212284699999998], [76.8969456, 30.212258900000002], [76.8969654, 30.2127458], [76.8967, 30.212993200000007], [76.8964541, 30.213168200000002], [76.8961576, 30.213416], [76.89586039999999, 30.213627799999998], [76.8956354, 30.2138115], [76.895543, 30.213867], [76.8955014, 30.2138676], [76.8953131, 30.2137982], [76.895061, 30.2136484], [76.8949142, 30.213578400000003], [76.8948401, 30.213507300000003], [76.8948389, 30.2134441], [76.8948872, 30.213254000000003], [76.8948893, 30.212820899999997], [76.8955641, 30.212802100000005], [76.89558280000001, 30.212693599999998], [76.8955778, 30.212432000000003], [76.89559489999999, 30.2122423], [76.8948886, 30.2122435], [76.8948793, 30.21175650000001], [76.895461, 30.211757100000003], [76.8956275, 30.211772699999997], [76.8962504, 30.211754700000004], [76.8962604, 30.212277800000003]]]]}, "properties": {"field_id": "8J2R6V7W+38VP", "centroid_lat": 30.212861, "centroid_lon": 76.895674, "area_sqm": 29583.7282, "source_cell": "390e4b44", "ndvi_apr": 0.6217331391277697, "ndvi_may": 0.5239302548911458, "ndvi_june": 0.27028677432621967, "ndvi_apr_june_change": 0.35144636480155006, "ndre_apr": 0.43109013748396546, "ndre_may": 0.3476806982411736, "ndre_june": 0.16018607265193885, "ndwi_apr": 0.1810459808880892, "ndwi_may": 0.17014034936257172, "ndwi_june": 0.016476073595469324, "ndyi_apr": 0.31028610356421177, "ndyi_may": 0.19398949001180502, "ndyi_june": 0.14950544197569807, "valid_pixel_fraction": 0.767, "baseline_rule_pass": false, "sunflower_candidate_score": 0.5462, "candidate_tier": "B", "training_label": "SUNFLOWER_WEAK_POSITIVE_MEDIUM", "label_method": "cofounder_green_to_brown_temporal_heuristic", "label_provenance": "Weak label derived from the co-founder's Google Earth field observation (Delhi->Chandigarh drive, 2026-05-09, large sunflower areas in full bloom near Kurukshetra-Karnal) and her resulting Sentinel-2 temporal hypothesis (April green -> May flowering-period green -> June harvested/brown/ploughed). NOT independently confirmed sunflower ground truth. NOT derived from or cross-checked against AMED crop labels.", "real_pu_spent": 0.6933333539962768}}, {"type": "Feature", "id": "8J2R6W9R+XQJ9", "geometry": {"type": "MultiPolygon", "coordinates": [[[[76.94216589999999, 30.219815300000004], [76.9421478, 30.21995089999999], [76.94215059999999, 30.2200952], [76.94165199999999, 30.220093600000002], [76.94165699999999, 30.2198228], [76.94216589999999, 30.219815300000004]]]]}, "properties": {"field_id": "8J2R6W9R+XQJ9", "centroid_lat": 30.219932, "centroid_lon": 76.94199, "area_sqm": 1465.5002, "source_cell": "390e4cc4", "ndvi_apr": 0.7707417011260986, "ndvi_may": 0.7155484060446421, "ndvi_june": 0.3595102293623819, "ndvi_apr_june_change": 0.4112314717637167, "ndre_apr": 0.5233234465122223, "ndre_may": 0.5051454519232115, "ndre_june": 0.21445226404401993, "ndwi_apr": 0.2835617080330849, "ndwi_may": 0.3226695391039054, "ndwi_june": 0.09255309694757065, "ndyi_apr": 0.39355090260505676, "ndyi_may": 0.21361955851316453, "ndyi_june": 0.17058187673489256, "valid_pixel_fraction": 0.683, "baseline_rule_pass": false, "sunflower_candidate_score": 0.6498, "candidate_tier": "D", "training_label": "NON_SUNFLOWER_TEMPORAL_NEGATIVE", "label_method": "cofounder_green_to_brown_temporal_heuristic", "label_provenance": "Weak label derived from the co-founder's Google Earth field observation (Delhi->Chandigarh drive, 2026-05-09, large sunflower areas in full bloom near Kurukshetra-Karnal) and her resulting Sentinel-2 temporal hypothesis (April green -> May flowering-period green -> June harvested/brown/ploughed). NOT independently confirmed sunflower ground truth. NOT derived from or cross-checked against AMED crop labels.", "real_pu_spent": 0.6933333539962768}}, {"type": "Feature", "id": "8J2R6XHJ+HG4P", "geometry": {"type": "MultiPolygon", "coordinates": [[[[76.9816131, 30.2287695], [76.9816282, 30.2290039], [76.9810468, 30.229021699999997], [76.9810419, 30.228778199999994], [76.9816131, 30.2287695]]]]}, "properties": {"field_id": "8J2R6XHJ+HG4P", "centroid_lat": 30.228869, "centroid_lon": 76.981389, "area_sqm": 1472.4529, "source_cell": "390e4d3c", "ndvi_apr": 0.49169239484601557, "ndvi_may": 0.4842572199801604, "ndvi_june": 0.4093614526920848, "ndvi_apr_june_change": 0.08233094215393078, "ndre_apr": 0.2748284530308511, "ndre_may": 0.2886221669614315, "ndre_june": 0.1974832339005338, "ndwi_apr": -0.010300476648909453, "ndwi_may": 0.037373482844688825, "ndwi_june": 0.009267429245584125, "ndyi_apr": 0.28936148559053737, "ndyi_may": 0.16503392987781101, "ndyi_june": 0.16530773871474796, "valid_pixel_fraction": 0.6, "baseline_rule_pass": false, "sunflower_candidate_score": 0.3542, "candidate_tier": "C", "training_label": "UNCERTAIN", "label_method": "cofounder_green_to_brown_temporal_heuristic", "label_provenance": "Weak label derived from the co-founder's Google Earth field observation (Delhi->Chandigarh drive, 2026-05-09, large sunflower areas in full bloom near Kurukshetra-Karnal) and her resulting Sentinel-2 temporal hypothesis (April green -> May flowering-period green -> June harvested/brown/ploughed). NOT independently confirmed sunflower ground truth. NOT derived from or cross-checked against AMED crop labels.", "real_pu_spent": 0.6933333539962768}}, {"type": "Feature", "id": "8J2V628G+RC84", "geometry": {"type": "MultiPolygon", "coordinates": [[[[77.0264808, 30.216986699999996], [77.02625400000001, 30.217071400000002], [77.02614109999999, 30.2171363], [77.0259243, 30.2172028], [77.02581049999999, 30.2172226], [77.02579399999999, 30.216925199999995], [77.0263855, 30.216897999999997], [77.02648959999999, 30.216905399999995], [77.0264808, 30.216986699999996]]]]}, "properties": {"field_id": "8J2V628G+RC84", "centroid_lat": 30.217037, "centroid_lon": 77.026196, "area_sqm": 1523.4442, "source_cell": "390e5294", "ndvi_apr": 0.6221588888893956, "ndvi_may": 0.45305172499755164, "ndvi_june": 0.16538920933785647, "ndvi_apr_june_change": 0.45676967955153913, "ndre_apr": 0.4125308323165645, "ndre_may": 0.2746959727095521, "ndre_june": 0.11042158597189447, "ndwi_apr": 0.17520437535384425, "ndwi_may": 0.09828798154004566, "ndwi_june": -0.04876680380624274, "ndyi_apr": 0.35531725054201874, "ndyi_may": 0.17302643475325213, "ndyi_june": 0.12182885926702747, "valid_pixel_fraction": 0.6, "baseline_rule_pass": true, "sunflower_candidate_score": 0.6323, "candidate_tier": "A", "training_label": "SUNFLOWER_WEAK_POSITIVE_HIGH", "label_method": "cofounder_green_to_brown_temporal_heuristic", "label_provenance": "Weak label derived from the co-founder's Google Earth field observation (Delhi->Chandigarh drive, 2026-05-09, large sunflower areas in full bloom near Kurukshetra-Karnal) and her resulting Sentinel-2 temporal hypothesis (April green -> May flowering-period green -> June harvested/brown/ploughed). NOT independently confirmed sunflower ground truth. NOT derived from or cross-checked against AMED crop labels.", "real_pu_spent": 0.6933333539962768}}, {"type": "Feature", "id": "7JXRWQJ9+QV2C", "geometry": {"type": "MultiPolygon", "coordinates": [[[[76.7695981, 29.931776000000003], [76.76976379999999, 29.9317738], [76.7697785, 29.932017199999997], [76.76968509999999, 29.9320094], [76.7695497, 29.931966099999993], [76.7694668, 29.9319673], [76.7694534, 29.93179599999999], [76.7695981, 29.931776000000003]]]]}, "properties": {"field_id": "7JXRWQJ9+QV2C", "centroid_lat": 29.931885, "centroid_lon": 76.769612, "area_sqm": 696.8529, "source_cell": "390e3edc", "ndvi_apr": 0.20668009420235953, "ndvi_may": 0.21872843785418405, "ndvi_june": 0.2343489204843839, "ndvi_apr_june_change": -0.027668826282024384, "ndre_apr": 0.12995338246778207, "ndre_may": 0.11360244796507887, "ndre_june": 0.1395212420158916, "ndwi_apr": -0.05524081447058254, "ndwi_may": -0.08224059428191847, "ndwi_june": -0.08813455369737414, "ndyi_apr": 0.17502936693253343, "ndyi_may": 0.19182988537682427, "ndyi_june": 0.14702870241469806, "valid_pixel_fraction": 0.75, "baseline_rule_pass": false, "sunflower_candidate_score": 0.1981, "candidate_tier": "D", "training_label": "NON_SUNFLOWER_TEMPORAL_NEGATIVE", "label_method": "cofounder_green_to_brown_temporal_heuristic", "label_provenance": "Weak label derived from the co-founder's Google Earth field observation (Delhi->Chandigarh drive, 2026-05-09, large sunflower areas in full bloom near Kurukshetra-Karnal) and her resulting Sentinel-2 temporal hypothesis (April green -> May flowering-period green -> June harvested/brown/ploughed). NOT independently confirmed sunflower ground truth. NOT derived from or cross-checked against AMED crop labels.", "real_pu_spent": 0.6933333539962768}}, {"type": "Feature", "id": "7JXRWQPH+F7G6", "geometry": {"type": "MultiPolygon", "coordinates": [[[[76.7785352, 29.936293300000006], [76.7783594, 29.936313699999992], [76.7778416, 29.936320700000003], [76.7778371, 29.9360681], [76.77805459999999, 29.936065200000005], [76.77824070000001, 29.936044600000002], [76.77853089999999, 29.936049699999998], [76.7785352, 29.936293300000006]]]]}, "properties": {"field_id": "7JXRWQPH+F7G6", "centroid_lat": 29.936181, "centroid_lon": 76.778242, "area_sqm": 1921.3367, "source_cell": "390e3edc", "ndvi_apr": 0.15681086149480605, "ndvi_may": 0.16929226106121428, "ndvi_june": 0.08564056113125786, "ndvi_apr_june_change": 0.0711703003635482, "ndre_apr": 0.08170789214117187, "ndre_may": 0.08389106889565787, "ndre_june": 0.038961155827911126, "ndwi_apr": -0.09237518563630087, "ndwi_may": -0.15104962502207075, "ndwi_june": -0.12532473343705372, "ndyi_apr": 0.17047081674848283, "ndyi_may": 0.2528378251053038, "ndyi_june": 0.10218287223861332, "valid_pixel_fraction": 0.833, "baseline_rule_pass": false, "sunflower_candidate_score": 0.3324, "candidate_tier": "D", "training_label": "NON_SUNFLOWER_TEMPORAL_NEGATIVE", "label_method": "cofounder_green_to_brown_temporal_heuristic", "label_provenance": "Weak label derived from the co-founder's Google Earth field observation (Delhi->Chandigarh drive, 2026-05-09, large sunflower areas in full bloom near Kurukshetra-Karnal) and her resulting Sentinel-2 temporal hypothesis (April green -> May flowering-period green -> June harvested/brown/ploughed). NOT independently confirmed sunflower ground truth. NOT derived from or cross-checked against AMED crop labels.", "real_pu_spent": 0.6933333539962768}}, {"type": "Feature", "id": "7JXRWQMF+MVPG", "geometry": {"type": "MultiPolygon", "coordinates": [[[[76.7746804, 29.933891100000004], [76.7750223, 29.933895600000003], [76.7750078, 29.934247600000003], [76.7750265, 29.934716500000007], [76.7748399, 29.93471], [76.7748562, 29.9344572], [76.7748452, 29.9344212], [76.7743378, 29.9344371], [76.7743334, 29.934184499999997], [76.77434319999999, 29.934157300000003], [76.7743493, 29.933913600000004], [76.7746804, 29.933891100000004]]]]}, "properties": {"field_id": "7JXRWQMF+MVPG", "centroid_lat": 29.934244, "centroid_lon": 76.774694, "area_sqm": 4355.3108, "source_cell": "390e3edc", "ndvi_apr": 0.19660473687367305, "ndvi_may": 0.17522373044242462, "ndvi_june": 0.13529056877208254, "ndvi_apr_june_change": 0.061314168101590516, "ndre_apr": 0.11215454590920772, "ndre_may": 0.10170777072198689, "ndre_june": 0.06618422491980405, "ndwi_apr": -0.07505625504482953, "ndwi_may": -0.10642385779259105, "ndwi_june": -0.12064703068851187, "ndyi_apr": 0.18326763736291066, "ndyi_may": 0.18697638663773733, "ndyi_june": 0.13249835403015217, "valid_pixel_fraction": 0.75, "baseline_rule_pass": false, "sunflower_candidate_score": 0.294, "candidate_tier": "D", "training_label": "NON_SUNFLOWER_TEMPORAL_NEGATIVE", "label_method": "cofounder_green_to_brown_temporal_heuristic", "label_provenance": "Weak label derived from the co-founder's Google Earth field observation (Delhi->Chandigarh drive, 2026-05-09, large sunflower areas in full bloom near Kurukshetra-Karnal) and her resulting Sentinel-2 temporal hypothesis (April green -> May flowering-period green -> June harvested/brown/ploughed). NOT independently confirmed sunflower ground truth. NOT derived from or cross-checked against AMED crop labels.", "real_pu_spent": 0.6933333539962768}}, {"type": "Feature", "id": "7JXRWQJ9+3W59", "geometry": {"type": "MultiPolygon", "coordinates": [[[[76.7685776, 29.929128100000007], [76.7688569, 29.929106299999997], [76.7700581, 29.9290902], [76.7700776, 29.929604200000004], [76.7700986, 29.929621899999997], [76.7707719, 29.929621899999997], [76.7707604, 29.9307228], [76.7707709, 29.930731700000003], [76.77079110000001, 29.930704399999996], [76.7711329, 29.9306998], [76.7711518, 29.93118670000001], [76.7705098, 29.9311954], [76.769796, 29.9312501], [76.76969969999999, 29.9310799], [76.769487, 29.930767], [76.7694115, 29.930596599999998], [76.76927450000001, 29.930463099999997], [76.7691155, 29.9302577], [76.76857249999999, 29.9294259], [76.7684029, 29.9292116], [76.7684025, 29.9291846], [76.7685776, 29.929128100000007]]]]}, "properties": {"field_id": "7JXRWQJ9+3W59", "centroid_lat": 29.930126, "centroid_lon": 76.769741, "area_sqm": 36439.1047, "source_cell": "390e3edc", "ndvi_apr": 0.15738716919505605, "ndvi_may": 0.17615414066573595, "ndvi_june": 0.10026694263436058, "ndvi_apr_june_change": 0.05712022656069547, "ndre_apr": 0.0886795256470605, "ndre_may": 0.085777727786331, "ndre_june": 0.04370180840619567, "ndwi_apr": -0.10188325523349177, "ndwi_may": -0.1206001308845825, "ndwi_june": -0.1616556055239249, "ndyi_apr": 0.17232097247904407, "ndyi_may": 0.2918385740929685, "ndyi_june": 0.13744854124214023, "valid_pixel_fraction": 0.75, "baseline_rule_pass": false, "sunflower_candidate_score": 0.3074, "candidate_tier": "D", "training_label": "NON_SUNFLOWER_TEMPORAL_NEGATIVE", "label_method": "cofounder_green_to_brown_temporal_heuristic", "label_provenance": "Weak label derived from the co-founder's Google Earth field observation (Delhi->Chandigarh drive, 2026-05-09, large sunflower areas in full bloom near Kurukshetra-Karnal) and her resulting Sentinel-2 temporal hypothesis (April green -> May flowering-period green -> June harvested/brown/ploughed). NOT independently confirmed sunflower ground truth. NOT derived from or cross-checked against AMED crop labels.", "real_pu_spent": 0.6933333539962768}}, {"type": "Feature", "id": "7JXRWRQ5+JH22", "geometry": {"type": "MultiPolygon", "coordinates": [[[[76.8090488, 29.9389095], [76.8091048, 29.939143299999998], [76.8086802, 29.939149099999998], [76.8086749, 29.9388605], [76.8089853, 29.938838200000003], [76.8090476, 29.938846299999994], [76.8090488, 29.9389095]]]]}, "properties": {"field_id": "7JXRWRQ5+JH22", "centroid_lat": 29.938951, "centroid_lon": 76.808941, "area_sqm": 1257.4969, "source_cell": "390e3f44", "ndvi_apr": 0.45522135330571073, "ndvi_may": 0.3640088303635517, "ndvi_june": 0.22939320529500645, "ndvi_apr_june_change": 0.22582814801070428, "ndre_apr": 0.24832182605233455, "ndre_may": 0.20309438283244768, "ndre_june": 0.10817684508704892, "ndwi_apr": 0.01743436421060728, "ndwi_may": 0.0016711954919931826, "ndwi_june": -0.06393269946177801, "ndyi_apr": 0.23097446105546418, "ndyi_may": 0.30421440949042633, "ndyi_june": 0.1870226276417573, "valid_pixel_fraction": 0.75, "baseline_rule_pass": false, "sunflower_candidate_score": 0.4168, "candidate_tier": "C", "training_label": "UNCERTAIN", "label_method": "cofounder_green_to_brown_temporal_heuristic", "label_provenance": "Weak label derived from the co-founder's Google Earth field observation (Delhi->Chandigarh drive, 2026-05-09, large sunflower areas in full bloom near Kurukshetra-Karnal) and her resulting Sentinel-2 temporal hypothesis (April green -> May flowering-period green -> June harvested/brown/ploughed). NOT independently confirmed sunflower ground truth. NOT derived from or cross-checked against AMED crop labels.", "real_pu_spent": 0.6933333539962768}}, {"type": "Feature", "id": "7JXRWRM3+PRM9", "geometry": {"type": "MultiPolygon", "coordinates": [[[[76.8045796, 29.934080599999994], [76.8046004, 29.934089299999993], [76.80488009999999, 29.9340855], [76.80488919999999, 29.934590600000003], [76.8045782, 29.934576800000006], [76.804567, 29.934531900000003], [76.80452559999999, 29.9345325], [76.8044846, 29.934560099999995], [76.80447509999999, 29.934605299999998], [76.8043717, 29.934615800000003], [76.8043508, 29.934607], [76.804339, 29.934526000000005], [76.80427650000001, 29.934508800000003], [76.804256, 29.934518099999995], [76.8042566, 29.934554199999997], [76.8042257, 29.934563599999997], [76.8042274, 29.934085399999994], [76.8045796, 29.934080599999994]]]]}, "properties": {"field_id": "7JXRWRM3+PRM9", "centroid_lat": 29.934428, "centroid_lon": 76.80447, "area_sqm": 3439.6097, "source_cell": "390e3f44", "ndvi_apr": 0.21031044996171086, "ndvi_may": 0.1761057344161802, "ndvi_june": 0.13988174239380494, "ndvi_apr_june_change": 0.07042870756790592, "ndre_apr": 0.14927501324564219, "ndre_may": 0.1332659719718827, "ndre_june": 0.09303506611225504, "ndwi_apr": -0.050093334085734874, "ndwi_may": -0.08077836324357324, "ndwi_june": -0.09022399053598443, "ndyi_apr": 0.17649140574589925, "ndyi_may": 0.19590013242430154, "ndyi_june": 0.14251339476969505, "valid_pixel_fraction": 0.75, "baseline_rule_pass": false, "sunflower_candidate_score": 0.2992, "candidate_tier": "D", "training_label": "NON_SUNFLOWER_TEMPORAL_NEGATIVE", "label_method": "cofounder_green_to_brown_temporal_heuristic", "label_provenance": "Weak label derived from the co-founder's Google Earth field observation (Delhi->Chandigarh drive, 2026-05-09, large sunflower areas in full bloom near Kurukshetra-Karnal) and her resulting Sentinel-2 temporal hypothesis (April green -> May flowering-period green -> June harvested/brown/ploughed). NOT independently confirmed sunflower ground truth. NOT derived from or cross-checked against AMED crop labels.", "real_pu_spent": 0.6933333539962768}}, {"type": "Feature", "id": "7JXRWRM5+R7R4", "geometry": {"type": "MultiPolygon", "coordinates": [[[[76.8066705, 29.935143699999994], [76.8068768, 29.934518299999997], [76.80693699999999, 29.934409199999994], [76.8069876, 29.9343453], [76.80717109999999, 29.934180400000002], [76.8075801, 29.933886099999995], [76.8076215, 29.933885499999995], [76.80763240000002, 29.933912399999997], [76.80763499999999, 29.9340568], [76.807656, 29.9340745], [76.8079044, 29.934062100000006], [76.80830859999999, 29.9340746], [76.8083396, 29.934065099999998], [76.8088986, 29.934048400000002], [76.80919779999999, 29.9339812], [76.8092912, 29.933988900000003], [76.8093647, 29.934041999999998], [76.8097471, 29.9345691], [76.8098858, 29.9347928], [76.8098863, 29.9348198], [76.8097425, 29.934884999999998], [76.80955689999999, 29.9349326], [76.8089873, 29.9349404], [76.8077028, 29.93494], [76.8076861, 29.935165800000007], [76.8076682, 29.93531939999999], [76.8066948, 29.935341800000003], [76.8066324, 29.935324599999998], [76.8066705, 29.935143699999994]]]]}, "properties": {"field_id": "7JXRWRM5+R7R4", "centroid_lat": 29.934512, "centroid_lon": 76.808101, "area_sqm": 30360.6833, "source_cell": "390e3f44", "ndvi_apr": 0.26420540190137476, "ndvi_may": 0.5143995712008049, "ndvi_june": 0.42460891102745674, "ndvi_apr_june_change": -0.16040350912608198, "ndre_apr": 0.1424199569844362, "ndre_may": 0.3536744412512921, "ndre_june": 0.2983455959348929, "ndwi_apr": -0.034762047406933304, "ndwi_may": 0.09144723203297314, "ndwi_june": 0.12167835309430226, "ndyi_apr": 0.28798348292411236, "ndyi_may": 0.29973504510957555, "ndyi_june": 0.1461899731412191, "valid_pixel_fraction": 0.917, "baseline_rule_pass": false, "sunflower_candidate_score": 0.2791, "candidate_tier": "D", "training_label": "NON_SUNFLOWER_TEMPORAL_NEGATIVE", "label_method": "cofounder_green_to_brown_temporal_heuristic", "label_provenance": "Weak label derived from the co-founder's Google Earth field observation (Delhi->Chandigarh drive, 2026-05-09, large sunflower areas in full bloom near Kurukshetra-Karnal) and her resulting Sentinel-2 temporal hypothesis (April green -> May flowering-period green -> June harvested/brown/ploughed). NOT independently confirmed sunflower ground truth. NOT derived from or cross-checked against AMED crop labels.", "real_pu_spent": 0.6933333539962768}}, {"type": "Feature", "id": "7JXRWVV2+PG5C", "geometry": {"type": "MultiPolygon", "coordinates": [[[[76.85135079999999, 29.944213500000004], [76.85136279999999, 29.9443035], [76.8513318, 29.944304000000002], [76.85133010000001, 29.944213800000004], [76.85135079999999, 29.944213500000004]]]]}, "properties": {"field_id": "7JXRWVV2+PG5C", "centroid_lat": 29.94425, "centroid_lon": 76.851345, "area_sqm": 25.0289, "source_cell": "390e40c4", "ndvi_apr": 0.4384966293970744, "ndvi_may": 0.3751399517059326, "ndvi_june": 0.3210243582725525, "ndvi_apr_june_change": 0.11747227112452191, "ndre_apr": 0.2616359492142995, "ndre_may": 0.23680500388145448, "ndre_june": 0.19619353612263998, "ndwi_apr": 0.08814890682697296, "ndwi_may": -0.003629128634929657, "ndwi_june": -0.009022505643467108, "ndyi_apr": 0.24368977546691895, "ndyi_may": 0.33821359276771545, "ndyi_june": 0.1424342319369316, "valid_pixel_fraction": 0.833, "baseline_rule_pass": false, "sunflower_candidate_score": 0.355, "candidate_tier": "C", "training_label": "UNCERTAIN", "label_method": "cofounder_green_to_brown_temporal_heuristic", "label_provenance": "Weak label derived from the co-founder's Google Earth field observation (Delhi->Chandigarh drive, 2026-05-09, large sunflower areas in full bloom near Kurukshetra-Karnal) and her resulting Sentinel-2 temporal hypothesis (April green -> May flowering-period green -> June harvested/brown/ploughed). NOT independently confirmed sunflower ground truth. NOT derived from or cross-checked against AMED crop labels.", "real_pu_spent": 0.6933333539962768}}, {"type": "Feature", "id": "7JXRWVW5+98PG", "geometry": {"type": "MultiPolygon", "coordinates": [[[[76.85805409999999, 29.945914599999995], [76.8586031, 29.9459068], [76.85860509999999, 29.946015099999993], [76.8580353, 29.9460141], [76.85805409999999, 29.945914599999995]]]]}, "properties": {"field_id": "7JXRWVW5+98PG", "centroid_lat": 29.945953, "centroid_lon": 76.85827, "area_sqm": 622.2139, "source_cell": "390e40c4", "ndvi_apr": 0.22520676900943118, "ndvi_may": 0.23178297519683838, "ndvi_june": 0.21026888092358909, "ndvi_apr_june_change": 0.014937888085842094, "ndre_apr": 0.0931019434084495, "ndre_may": 0.14123440206050875, "ndre_june": 0.1169533128539721, "ndwi_apr": -0.07132031694054604, "ndwi_may": -0.05901664879173041, "ndwi_june": -0.07213785517960786, "ndyi_apr": 0.143646839261055, "ndyi_may": 0.1952011597156525, "ndyi_june": 0.10799653083086014, "valid_pixel_fraction": 0.833, "baseline_rule_pass": false, "sunflower_candidate_score": 0.2413, "candidate_tier": "D", "training_label": "NON_SUNFLOWER_TEMPORAL_NEGATIVE", "label_method": "cofounder_green_to_brown_temporal_heuristic", "label_provenance": "Weak label derived from the co-founder's Google Earth field observation (Delhi->Chandigarh drive, 2026-05-09, large sunflower areas in full bloom near Kurukshetra-Karnal) and her resulting Sentinel-2 temporal hypothesis (April green -> May flowering-period green -> June harvested/brown/ploughed). NOT independently confirmed sunflower ground truth. NOT derived from or cross-checked against AMED crop labels.", "real_pu_spent": 0.6933333539962768}}, {"type": "Feature", "id": "7JXRWVP3+QXJF", "geometry": {"type": "MultiPolygon", "coordinates": [[[[76.8551687, 29.9366983], [76.85518859999999, 29.937212300000002], [76.8546088, 29.9372295], [76.8545682, 29.936715799999998], [76.8551687, 29.9366983]]]]}, "properties": {"field_id": "7JXRWVP3+QXJF", "centroid_lat": 29.936911, "centroid_lon": 76.854941, "area_sqm": 3254.7496, "source_cell": "390e40c4", "ndvi_apr": 0.20183948593007192, "ndvi_may": 0.1547487696425782, "ndvi_june": 0.11177890582217109, "ndvi_apr_june_change": 0.09006058010790083, "ndre_apr": 0.12016227165306058, "ndre_may": 0.08929539387010867, "ndre_june": 0.05891874429114439, "ndwi_apr": -0.060091594240037495, "ndwi_may": -0.117107509324948, "ndwi_june": -0.12390412776558486, "ndyi_apr": 0.17362919160061416, "ndyi_may": 0.177805586780111, "ndyi_june": 0.11677997235070775, "valid_pixel_fraction": 0.833, "baseline_rule_pass": false, "sunflower_candidate_score": 0.3322, "candidate_tier": "D", "training_label": "NON_SUNFLOWER_TEMPORAL_NEGATIVE", "label_method": "cofounder_green_to_brown_temporal_heuristic", "label_provenance": "Weak label derived from the co-founder's Google Earth field observation (Delhi->Chandigarh drive, 2026-05-09, large sunflower areas in full bloom near Kurukshetra-Karnal) and her resulting Sentinel-2 temporal hypothesis (April green -> May flowering-period green -> June harvested/brown/ploughed). NOT independently confirmed sunflower ground truth. NOT derived from or cross-checked against AMED crop labels.", "real_pu_spent": 0.6933333539962768}}, {"type": "Feature", "id": "7JXRWWH2+F3Q2", "geometry": {"type": "MultiPolygon", "coordinates": [[[[76.9002642, 29.9286846], [76.9002647, 29.92871169999999], [76.9002028, 29.928721600000003], [76.90018189999999, 29.928712899999997], [76.9001816, 29.9286948], [76.9002642, 29.9286846]]]]}, "properties": {"field_id": "7JXRWWH2+F3Q2", "centroid_lat": 29.928702, "centroid_lon": 76.900227, "area_sqm": 24.0268, "source_cell": "390e416c", "ndvi_apr": 0.4962305575609207, "ndvi_may": 0.44491872787475584, "ndvi_june": 0.4085482358932495, "ndvi_apr_june_change": 0.0876823216676712, "ndre_apr": 0.32435764372348785, "ndre_may": 0.290775865316391, "ndre_june": 0.25758594274520874, "ndwi_apr": 0.05987272318452597, "ndwi_may": 0.06768736988306046, "ndwi_june": 0.12223505228757858, "ndyi_apr": 0.19367688335478306, "ndyi_may": 0.29599360674619674, "ndyi_june": 0.18613243103027344, "valid_pixel_fraction": 0.917, "baseline_rule_pass": false, "sunflower_candidate_score": 0.3821, "candidate_tier": "C", "training_label": "UNCERTAIN", "label_method": "cofounder_green_to_brown_temporal_heuristic", "label_provenance": "Weak label derived from the co-founder's Google Earth field observation (Delhi->Chandigarh drive, 2026-05-09, large sunflower areas in full bloom near Kurukshetra-Karnal) and her resulting Sentinel-2 temporal hypothesis (April green -> May flowering-period green -> June harvested/brown/ploughed). NOT independently confirmed sunflower ground truth. NOT derived from or cross-checked against AMED crop labels.", "real_pu_spent": 0.6933333539962768}}, {"type": "Feature", "id": "7JXRWVMW+6HXJ", "geometry": {"type": "MultiPolygon", "coordinates": [[[[76.8966689, 29.932994899999997], [76.89667349999999, 29.933238399999997], [76.8962798, 29.933235099999997], [76.8962652, 29.933009700000003], [76.8966689, 29.932994899999997]]]]}, "properties": {"field_id": "7JXRWVMW+6HXJ", "centroid_lat": 29.933095, "centroid_lon": 76.896511, "area_sqm": 1002.1193, "source_cell": "390e416c", "ndvi_apr": 0.19467245197544494, "ndvi_may": 0.13717935867607595, "ndvi_june": 0.07500360471506914, "ndvi_apr_june_change": 0.1196688472603758, "ndre_apr": 0.11258324114896823, "ndre_may": 0.06864473020201936, "ndre_june": 0.02789405772152046, "ndwi_apr": -0.09433287104669338, "ndwi_may": -0.13552009960015615, "ndwi_june": -0.15396826714277267, "ndyi_apr": 0.13453481836283268, "ndyi_may": 0.166466328377525, "ndyi_june": 0.11901500821113586, "valid_pixel_fraction": 0.833, "baseline_rule_pass": false, "sunflower_candidate_score": 0.3695, "candidate_tier": "D", "training_label": "NON_SUNFLOWER_TEMPORAL_NEGATIVE", "label_method": "cofounder_green_to_brown_temporal_heuristic", "label_provenance": "Weak label derived from the co-founder's Google Earth field observation (Delhi->Chandigarh drive, 2026-05-09, large sunflower areas in full bloom near Kurukshetra-Karnal) and her resulting Sentinel-2 temporal hypothesis (April green -> May flowering-period green -> June harvested/brown/ploughed). NOT independently confirmed sunflower ground truth. NOT derived from or cross-checked against AMED crop labels.", "real_pu_spent": 0.6933333539962768}}, {"type": "Feature", "id": "7JXRXRW3+VGPW", "geometry": {"type": "MultiPolygon", "coordinates": [[[[76.8040132, 29.997353399999998], [76.803838, 29.99741], [76.8037033, 29.9974118], [76.8036801, 29.99727679999999], [76.803676, 29.9970513], [76.8039659, 29.997029299999998], [76.8040132, 29.997353399999998]]]]}, "properties": {"field_id": "7JXRXRW3+VGPW", "centroid_lat": 29.997269, "centroid_lon": 76.803841, "area_sqm": 1179.396, "source_cell": "390e388c", "ndvi_apr": 0.46241979963249635, "ndvi_may": 0.5330054182559252, "ndvi_june": 0.6196245364844799, "ndvi_apr_june_change": -0.15720473685198355, "ndre_apr": 0.30599265711175067, "ndre_may": 0.353642956353724, "ndre_june": 0.41074787452816963, "ndwi_apr": 0.03082073715308474, "ndwi_may": 0.09860737081908155, "ndwi_june": 0.16561143146827817, "ndyi_apr": 0.2564505057202445, "ndyi_may": 0.18664796417579055, "ndyi_june": 0.21646758417288461, "valid_pixel_fraction": 0.683, "baseline_rule_pass": false, "sunflower_candidate_score": 0.3243, "candidate_tier": "D", "training_label": "NON_SUNFLOWER_TEMPORAL_NEGATIVE", "label_method": "cofounder_green_to_brown_temporal_heuristic", "label_provenance": "Weak label derived from the co-founder's Google Earth field observation (Delhi->Chandigarh drive, 2026-05-09, large sunflower areas in full bloom near Kurukshetra-Karnal) and her resulting Sentinel-2 temporal hypothesis (April green -> May flowering-period green -> June harvested/brown/ploughed). NOT independently confirmed sunflower ground truth. NOT derived from or cross-checked against AMED crop labels.", "real_pu_spent": 0.6933333539962768}}, {"type": "Feature", "id": "7JXRXRV4+PF72", "geometry": {"type": "MultiPolygon", "coordinates": [[[[76.8065036, 29.994071200000004], [76.80651080000001, 29.9944681], [76.8058374, 29.994486399999992], [76.8058136, 29.9943153], [76.8058094, 29.994080699999998], [76.8065036, 29.994071200000004]]]]}, "properties": {"field_id": "7JXRXRV4+PF72", "centroid_lat": 29.994249, "centroid_lon": 76.806163, "area_sqm": 2967.0078, "source_cell": "390e388c", "ndvi_apr": 0.1566959567013241, "ndvi_may": 0.12024387862001147, "ndvi_june": 0.09889867337686675, "ndvi_apr_june_change": 0.057797283324457355, "ndre_apr": 0.08042735184232393, "ndre_may": 0.06684577455478055, "ndre_june": 0.04459233901995633, "ndwi_apr": -0.08445370395978291, "ndwi_may": -0.13612446853092738, "ndwi_june": -0.158879505949361, "ndyi_apr": 0.1736558057013012, "ndyi_may": 0.1436699489610536, "ndyi_june": 0.10706352538296153, "valid_pixel_fraction": 0.75, "baseline_rule_pass": false, "sunflower_candidate_score": 0.2976, "candidate_tier": "D", "training_label": "NON_SUNFLOWER_TEMPORAL_NEGATIVE", "label_method": "cofounder_green_to_brown_temporal_heuristic", "label_provenance": "Weak label derived from the co-founder's Google Earth field observation (Delhi->Chandigarh drive, 2026-05-09, large sunflower areas in full bloom near Kurukshetra-Karnal) and her resulting Sentinel-2 temporal hypothesis (April green -> May flowering-period green -> June harvested/brown/ploughed). NOT independently confirmed sunflower ground truth. NOT derived from or cross-checked against AMED crop labels.", "real_pu_spent": 0.6933333539962768}}, {"type": "Feature", "id": "7JXRXRR4+728F", "geometry": {"type": "MultiPolygon", "coordinates": [[[[76.8057273, 29.990121], [76.8057582, 29.9901116], [76.8062556, 29.990104799999997], [76.8064424, 29.99012029999999], [76.8064617, 29.991184599999997], [76.8060163, 29.9911998], [76.8050834, 29.991194500000002], [76.8050627, 29.991194800000002], [76.8043579, 29.991195400000002], [76.8037054, 29.9912224], [76.80368469999999, 29.990654300000003], [76.8036856, 29.990131], [76.8057273, 29.990121]]]]}, "properties": {"field_id": "7JXRXRR4+728F", "centroid_lat": 29.990658, "centroid_lon": 76.805228, "area_sqm": 31853.2099, "source_cell": "390e388c", "ndvi_apr": 0.145095412251482, "ndvi_may": 0.10391046179791052, "ndvi_june": 0.08200480795461575, "ndvi_apr_june_change": 0.06309060429686626, "ndre_apr": 0.07603353969334473, "ndre_may": 0.05134109126310839, "ndre_june": 0.028530506670256788, "ndwi_apr": -0.10805979449211743, "ndwi_may": -0.15596643612637823, "ndwi_june": -0.15490928171164223, "ndyi_apr": 0.17534471412543584, "ndyi_may": 0.12649000369997188, "ndyi_june": 0.1017329534745695, "valid_pixel_fraction": 0.917, "baseline_rule_pass": false, "sunflower_candidate_score": 0.3232, "candidate_tier": "D", "training_label": "NON_SUNFLOWER_TEMPORAL_NEGATIVE", "label_method": "cofounder_green_to_brown_temporal_heuristic", "label_provenance": "Weak label derived from the co-founder's Google Earth field observation (Delhi->Chandigarh drive, 2026-05-09, large sunflower areas in full bloom near Kurukshetra-Karnal) and her resulting Sentinel-2 temporal hypothesis (April green -> May flowering-period green -> June harvested/brown/ploughed). NOT independently confirmed sunflower ground truth. NOT derived from or cross-checked against AMED crop labels.", "real_pu_spent": 0.6933333539962768}}, {"type": "Feature", "id": "7JXRXVV5+GGWQ", "geometry": {"type": "MultiPolygon", "coordinates": [[[[76.8589156, 29.993855699999997], [76.85893680000001, 29.9938825], [76.85877099999999, 29.993884800000004], [76.8587702, 29.9938397], [76.8589156, 29.993855699999997]]]]}, "properties": {"field_id": "7JXRXVV5+GGWQ", "centroid_lat": 29.993864, "centroid_lon": 76.858862, "area_sqm": 59.0672, "source_cell": "390e470c", "ndvi_apr": 0.2076047882437706, "ndvi_may": 0.2520410120487213, "ndvi_june": 0.2380642592906952, "ndvi_apr_june_change": -0.03045947104692459, "ndre_apr": 0.12701226957142353, "ndre_may": 0.15334788709878922, "ndre_june": 0.1513135712593794, "ndwi_apr": -0.05274531617760658, "ndwi_may": -0.02483635377138853, "ndwi_june": -0.02945466060191393, "ndyi_apr": 0.14317041262984276, "ndyi_may": 0.150166118144989, "ndyi_june": 0.12525280378758907, "valid_pixel_fraction": 0.667, "baseline_rule_pass": false, "sunflower_candidate_score": 0.1936, "candidate_tier": "D", "training_label": "NON_SUNFLOWER_TEMPORAL_NEGATIVE", "label_method": "cofounder_green_to_brown_temporal_heuristic", "label_provenance": "Weak label derived from the co-founder's Google Earth field observation (Delhi->Chandigarh drive, 2026-05-09, large sunflower areas in full bloom near Kurukshetra-Karnal) and her resulting Sentinel-2 temporal hypothesis (April green -> May flowering-period green -> June harvested/brown/ploughed). NOT independently confirmed sunflower ground truth. NOT derived from or cross-checked against AMED crop labels.", "real_pu_spent": 0.6933333539962768}}, {"type": "Feature", "id": "7JXRXVX2+62PH", "geometry": {"type": "MultiPolygon", "coordinates": [[[[76.8503454, 29.997856], [76.8503334, 29.998325400000002], [76.84984639999999, 29.998332200000007], [76.84984, 29.997989399999994], [76.8498166, 29.9978454], [76.8503454, 29.997856]]]]}, "properties": {"field_id": "7JXRXVX2+62PH", "centroid_lat": 29.998034, "centroid_lon": 76.850088, "area_sqm": 2561.9327, "source_cell": "390e470c", "ndvi_apr": 0.13404146537184716, "ndvi_may": 0.09852382552623751, "ndvi_june": 0.09714074919621152, "ndvi_apr_june_change": 0.036900716175635645, "ndre_apr": 0.07539218738675119, "ndre_may": 0.06113605196028947, "ndre_june": 0.04083272627244393, "ndwi_apr": -0.12078552857041358, "ndwi_may": -0.1551739397644997, "ndwi_june": -0.13892400582631428, "ndyi_apr": 0.16332895785570142, "ndyi_may": 0.1339160441160202, "ndyi_june": 0.11058212320009869, "valid_pixel_fraction": 0.75, "baseline_rule_pass": false, "sunflower_candidate_score": 0.2776, "candidate_tier": "D", "training_label": "NON_SUNFLOWER_TEMPORAL_NEGATIVE", "label_method": "cofounder_green_to_brown_temporal_heuristic", "label_provenance": "Weak label derived from the co-founder's Google Earth field observation (Delhi->Chandigarh drive, 2026-05-09, large sunflower areas in full bloom near Kurukshetra-Karnal) and her resulting Sentinel-2 temporal hypothesis (April green -> May flowering-period green -> June harvested/brown/ploughed). NOT independently confirmed sunflower ground truth. NOT derived from or cross-checked against AMED crop labels.", "real_pu_spent": 0.6933333539962768}}, {"type": "Feature", "id": "7JXRXVX4+67J9", "geometry": {"type": "MultiPolygon", "coordinates": [[[[76.85466559999999, 29.9971817], [76.854728, 29.997189799999997], [76.854749, 29.997207599999996], [76.85477089999999, 29.997270399999994], [76.8549314, 29.997538799999997], [76.85501649999999, 29.9976549], [76.8550815, 29.9978074], [76.8551015, 29.997771], [76.85508, 29.997726199999995], [76.855142, 29.9977163], [76.8557225, 29.9977172], [76.8560018, 29.997686200000004], [76.85659280000002, 29.9976959], [76.85661619999999, 29.997839900000002], [76.8566335, 29.998768899999998], [76.8557319, 29.9987817], [76.8553901, 29.9982361], [76.8545403, 29.998248099999994], [76.8545273, 29.998103900000004], [76.8545364, 29.997481300000004], [76.85451019999999, 29.997183899999996], [76.85466559999999, 29.9971817]]]]}, "properties": {"field_id": "7JXRXVX4+67J9", "centroid_lat": 29.997727, "centroid_lon": 76.855215, "area_sqm": 20030.3343, "source_cell": "390e470c", "ndvi_apr": 0.17898661469877591, "ndvi_may": 0.1757980232277224, "ndvi_june": 0.09769249589578716, "ndvi_apr_june_change": 0.08129411880298876, "ndre_apr": 0.09695417717907119, "ndre_may": 0.0971378909569869, "ndre_june": 0.04775707268412904, "ndwi_apr": -0.08293725400819757, "ndwi_may": -0.1301407640211902, "ndwi_june": -0.14250367366567182, "ndyi_apr": 0.20886107929016592, "ndyi_may": 0.17976408726471357, "ndyi_june": 0.11348272639165091, "valid_pixel_fraction": 0.75, "baseline_rule_pass": false, "sunflower_candidate_score": 0.3277, "candidate_tier": "D", "training_label": "NON_SUNFLOWER_TEMPORAL_NEGATIVE", "label_method": "cofounder_green_to_brown_temporal_heuristic", "label_provenance": "Weak label derived from the co-founder's Google Earth field observation (Delhi->Chandigarh drive, 2026-05-09, large sunflower areas in full bloom near Kurukshetra-Karnal) and her resulting Sentinel-2 temporal hypothesis (April green -> May flowering-period green -> June harvested/brown/ploughed). NOT independently confirmed sunflower ground truth. NOT derived from or cross-checked against AMED crop labels.", "real_pu_spent": 0.6933333539962768}}, {"type": "Feature", "id": "7JXRXWP3+883P", "geometry": {"type": "MultiPolygon", "coordinates": [[[[76.90364199999999, 29.985818300000002], [76.9034659, 29.9858208], [76.9033626, 29.985840399999997], [76.90297919999999, 29.985845900000005], [76.9029767, 29.985710600000008], [76.90363959999999, 29.985692], [76.90364199999999, 29.985818300000002]]]]}, "properties": {"field_id": "7JXRXWP3+883P", "centroid_lat": 29.985792, "centroid_lon": 76.903387, "area_sqm": 949.0451, "source_cell": "390e4694", "ndvi_apr": 0.46433676903446514, "ndvi_may": 0.3694785042355458, "ndvi_june": 0.13551896210345957, "ndvi_apr_june_change": 0.3288178069310056, "ndre_apr": 0.2713704388588667, "ndre_may": 0.20478291176259517, "ndre_june": 0.0608163316776174, "ndwi_apr": 0.06407982545594375, "ndwi_may": 0.014621396471435824, "ndwi_june": -0.06997442824973, "ndyi_apr": 0.2423789318030079, "ndyi_may": 0.24663140550255774, "ndyi_june": 0.12657036942740282, "valid_pixel_fraction": 0.75, "baseline_rule_pass": false, "sunflower_candidate_score": 0.5438, "candidate_tier": "B", "training_label": "SUNFLOWER_WEAK_POSITIVE_MEDIUM", "label_method": "cofounder_green_to_brown_temporal_heuristic", "label_provenance": "Weak label derived from the co-founder's Google Earth field observation (Delhi->Chandigarh drive, 2026-05-09, large sunflower areas in full bloom near Kurukshetra-Karnal) and her resulting Sentinel-2 temporal hypothesis (April green -> May flowering-period green -> June harvested/brown/ploughed). NOT independently confirmed sunflower ground truth. NOT derived from or cross-checked against AMED crop labels.", "real_pu_spent": 0.6933333539962768}}, {"type": "Feature", "id": "7JXRXVQW+7PHR", "geometry": {"type": "MultiPolygon", "coordinates": [[[[76.8971427, 29.9879421], [76.8971627, 29.988447100000002], [76.89655119999999, 29.988446800000002], [76.8965314, 29.987950899999998], [76.8971427, 29.9879421]]]]}, "properties": {"field_id": "7JXRXVQW+7PHR", "centroid_lat": 29.988146, "centroid_lon": 76.896906, "area_sqm": 3277.6262, "source_cell": "390e4694", "ndvi_apr": 0.19171810605459744, "ndvi_may": 0.1667889002710581, "ndvi_june": 0.2749702184012643, "ndvi_apr_june_change": -0.08325211234666685, "ndre_apr": 0.09341979774762876, "ndre_may": 0.08907787416440746, "ndre_june": 0.1689966501047214, "ndwi_apr": -0.07852733097711787, "ndwi_may": -0.11262009273179703, "ndwi_june": -0.047368916638704295, "ndyi_apr": 0.21142929130130345, "ndyi_may": 0.18124038788179558, "ndyi_june": 0.15342410584842717, "valid_pixel_fraction": 0.75, "baseline_rule_pass": false, "sunflower_candidate_score": 0.1705, "candidate_tier": "D", "training_label": "NON_SUNFLOWER_TEMPORAL_NEGATIVE", "label_method": "cofounder_green_to_brown_temporal_heuristic", "label_provenance": "Weak label derived from the co-founder's Google Earth field observation (Delhi->Chandigarh drive, 2026-05-09, large sunflower areas in full bloom near Kurukshetra-Karnal) and her resulting Sentinel-2 temporal hypothesis (April green -> May flowering-period green -> June harvested/brown/ploughed). NOT independently confirmed sunflower ground truth. NOT derived from or cross-checked against AMED crop labels.", "real_pu_spent": 0.6933333539962768}}, {"type": "Feature", "id": "7JXRXVPX+J46W", "geometry": {"type": "MultiPolygon", "coordinates": [[[[76.8980958, 29.9862863], [76.8980958, 29.9868277], [76.897443, 29.986837100000002], [76.8974325, 29.9862869], [76.8976394, 29.986265799999995], [76.8980744, 29.986250599999998], [76.8980958, 29.9862863]]]]}, "properties": {"field_id": "7JXRXVPX+J46W", "centroid_lat": 29.986434, "centroid_lon": 76.89784, "area_sqm": 4005.4294, "source_cell": "390e4694", "ndvi_apr": 0.12712511068416968, "ndvi_may": 0.11570689661635294, "ndvi_june": 0.1116332763599025, "ndvi_apr_june_change": 0.015491834324267179, "ndre_apr": 0.06439234660420981, "ndre_may": 0.06939892371495564, "ndre_june": 0.05763289112898444, "ndwi_apr": -0.09222188861005837, "ndwi_may": -0.1344698017670049, "ndwi_june": -0.16411751218967968, "ndyi_apr": 0.18111943888167542, "ndyi_may": 0.15741075703667268, "ndyi_june": 0.13494424832363924, "valid_pixel_fraction": 0.667, "baseline_rule_pass": false, "sunflower_candidate_score": 0.2489, "candidate_tier": "D", "training_label": "NON_SUNFLOWER_TEMPORAL_NEGATIVE", "label_method": "cofounder_green_to_brown_temporal_heuristic", "label_provenance": "Weak label derived from the co-founder's Google Earth field observation (Delhi->Chandigarh drive, 2026-05-09, large sunflower areas in full bloom near Kurukshetra-Karnal) and her resulting Sentinel-2 temporal hypothesis (April green -> May flowering-period green -> June harvested/brown/ploughed). NOT independently confirmed sunflower ground truth. NOT derived from or cross-checked against AMED crop labels.", "real_pu_spent": 0.6933333539962768}}, {"type": "Feature", "id": "7JXRXXRP+2HMJ", "geometry": {"type": "MultiPolygon", "coordinates": [[[[76.9864412, 29.990107300000002], [76.9864211, 29.9901437], [76.9863902, 29.99015320000001], [76.98639829999999, 29.990035799999998], [76.98642939999999, 29.990035299999995], [76.9864412, 29.990107300000002]]]]}, "properties": {"field_id": "7JXRXXRP+2HMJ", "centroid_lat": 29.990097, "centroid_lon": 76.98642, "area_sqm": 47.0483, "source_cell": "390e4494", "ndvi_apr": 0.16120105981826782, "ndvi_may": 0.17083823308348656, "ndvi_june": 0.1692309429248174, "ndvi_apr_june_change": -0.00802988310654959, "ndre_apr": 0.0598183199763298, "ndre_may": 0.11348222568631172, "ndre_june": 0.11605947464704514, "ndwi_apr": -0.0581215675920248, "ndwi_may": -0.06535630393773317, "ndwi_june": -0.03365313199659189, "ndyi_apr": 0.13386017084121704, "ndyi_may": 0.11975126154720783, "ndyi_june": 0.11876401056845982, "valid_pixel_fraction": 0.683, "baseline_rule_pass": false, "sunflower_candidate_score": 0.2192, "candidate_tier": "D", "training_label": "NON_SUNFLOWER_TEMPORAL_NEGATIVE", "label_method": "cofounder_green_to_brown_temporal_heuristic", "label_provenance": "Weak label derived from the co-founder's Google Earth field observation (Delhi->Chandigarh drive, 2026-05-09, large sunflower areas in full bloom near Kurukshetra-Karnal) and her resulting Sentinel-2 temporal hypothesis (April green -> May flowering-period green -> June harvested/brown/ploughed). NOT independently confirmed sunflower ground truth. NOT derived from or cross-checked against AMED crop labels.", "real_pu_spent": 0.6933333539962768}}, {"type": "Feature", "id": "7JXRXXRG+3HFX", "geometry": {"type": "MultiPolygon", "coordinates": [[[[76.97668920000001, 29.9901458], [76.97669119999999, 29.990245], [76.97618349999999, 29.9902527], [76.9761815, 29.9901535], [76.97668920000001, 29.9901458]]]]}, "properties": {"field_id": "7JXRXXRG+3HFX", "centroid_lat": 29.990189, "centroid_lon": 76.976487, "area_sqm": 539.5586, "source_cell": "390e4494", "ndvi_apr": 0.1841648742556572, "ndvi_may": 0.1288543429225683, "ndvi_june": 0.31488208174705506, "ndvi_apr_june_change": -0.13071720749139787, "ndre_apr": 0.08672468736767769, "ndre_may": 0.022579569881781936, "ndre_june": 0.1512053444981575, "ndwi_apr": -0.12497335970401764, "ndwi_may": -0.13395822420716286, "ndwi_june": -0.054534322892626115, "ndyi_apr": 0.20505392402410505, "ndyi_may": 0.13061412125825883, "ndyi_june": 0.1651460722088814, "valid_pixel_fraction": 0.683, "baseline_rule_pass": false, "sunflower_candidate_score": 0.1539, "candidate_tier": "D", "training_label": "NON_SUNFLOWER_TEMPORAL_NEGATIVE", "label_method": "cofounder_green_to_brown_temporal_heuristic", "label_provenance": "Weak label derived from the co-founder's Google Earth field observation (Delhi->Chandigarh drive, 2026-05-09, large sunflower areas in full bloom near Kurukshetra-Karnal) and her resulting Sentinel-2 temporal hypothesis (April green -> May flowering-period green -> June harvested/brown/ploughed). NOT independently confirmed sunflower ground truth. NOT derived from or cross-checked against AMED crop labels.", "real_pu_spent": 0.6933333539962768}}, {"type": "Feature", "id": "7JXRXXQG+VQPC", "geometry": {"type": "MultiPolygon", "coordinates": [[[[76.9773632, 29.9896395], [76.97705239999999, 29.989644199999997], [76.977032, 29.9896625], [76.9770387, 29.989996200000004], [76.9767067, 29.989983199999998], [76.9766976, 29.989523199999997], [76.97725679999999, 29.989496799999998], [76.9773606, 29.989504199999992], [76.9773632, 29.9896395]]]]}, "properties": {"field_id": "7JXRXXQG+VQPC", "centroid_lat": 29.989677, "centroid_lon": 76.977097, "area_sqm": 2185.2615, "source_cell": "390e4494", "ndvi_apr": 0.18732724338769913, "ndvi_may": 0.12071669500853334, "ndvi_june": 0.10445859877481349, "ndvi_apr_june_change": 0.08286864461288564, "ndre_apr": 0.10770096204110553, "ndre_may": 0.06524819478259555, "ndre_june": 0.04824207163238455, "ndwi_apr": -0.09158003722716657, "ndwi_may": -0.15086545402716312, "ndwi_june": -0.11874251502255599, "ndyi_apr": 0.1941989372883524, "ndyi_may": 0.1137518691830337, "ndyi_june": 0.11778424307703972, "valid_pixel_fraction": 0.683, "baseline_rule_pass": false, "sunflower_candidate_score": 0.3082, "candidate_tier": "D", "training_label": "NON_SUNFLOWER_TEMPORAL_NEGATIVE", "label_method": "cofounder_green_to_brown_temporal_heuristic", "label_provenance": "Weak label derived from the co-founder's Google Earth field observation (Delhi->Chandigarh drive, 2026-05-09, large sunflower areas in full bloom near Kurukshetra-Karnal) and her resulting Sentinel-2 temporal hypothesis (April green -> May flowering-period green -> June harvested/brown/ploughed). NOT independently confirmed sunflower ground truth. NOT derived from or cross-checked against AMED crop labels.", "real_pu_spent": 0.6933333539962768}}, {"type": "Feature", "id": "7JXRXXPG+MR26", "geometry": {"type": "MultiPolygon", "coordinates": [[[[76.9768083, 29.9856962], [76.977092, 29.985890500000004], [76.9773239, 29.986085499999998], [76.9776286, 29.986297399999998], [76.97769079999999, 29.986296499999998], [76.9777015, 29.9863144], [76.9777521, 29.986250400000003], [76.9779355, 29.986094299999998], [76.9779568, 29.986121100000002], [76.9779716, 29.986346400000002], [76.97729819999999, 29.986356500000007], [76.9772991, 29.986401599999997], [76.97731069999999, 29.986464599999998], [76.97733029999999, 29.9874567], [76.9768234, 29.987500399999995], [76.97662650000001, 29.987503399999994], [76.9766049, 29.9858888], [76.9766247, 29.985843300000006], [76.9767876, 29.985696599999997], [76.9768083, 29.9856962]]]]}, "properties": {"field_id": "7JXRXXPG+MR26", "centroid_lat": 29.98631, "centroid_lon": 76.977269, "area_sqm": 13373.8455, "source_cell": "390e4494", "ndvi_apr": 0.19715154685668262, "ndvi_may": 0.1727759770705904, "ndvi_june": 0.09408418623436436, "ndvi_apr_june_change": 0.10306736062231826, "ndre_apr": 0.11717636080605807, "ndre_may": 0.10423275892926062, "ndre_june": 0.04669405045314578, "ndwi_apr": -0.0933099740482009, "ndwi_may": -0.10239752882032344, "ndwi_june": -0.1238852164939377, "ndyi_apr": 0.19856623131291648, "ndyi_may": 0.11684089861074949, "ndyi_june": 0.11279306176788452, "valid_pixel_fraction": 0.683, "baseline_rule_pass": false, "sunflower_candidate_score": 0.3394, "candidate_tier": "D", "training_label": "NON_SUNFLOWER_TEMPORAL_NEGATIVE", "label_method": "cofounder_green_to_brown_temporal_heuristic", "label_provenance": "Weak label derived from the co-founder's Google Earth field observation (Delhi->Chandigarh drive, 2026-05-09, large sunflower areas in full bloom near Kurukshetra-Karnal) and her resulting Sentinel-2 temporal hypothesis (April green -> May flowering-period green -> June harvested/brown/ploughed). NOT independently confirmed sunflower ground truth. NOT derived from or cross-checked against AMED crop labels.", "real_pu_spent": 0.6933333539962768}}, {"type": "Feature", "id": "7JXVX2QH+596X", "geometry": {"type": "MultiPolygon", "coordinates": [[[[77.0284331, 29.9879061], [77.0284336, 29.987933199999993], [77.02837149999999, 29.987934100000007], [77.0283709, 29.987907099999997], [77.0284331, 29.9879061]]]]}, "properties": {"field_id": "7JXVX2QH+596X", "centroid_lat": 29.987917, "centroid_lon": 77.028408, "area_sqm": 18.0178, "source_cell": "390e5b44", "ndvi_apr": 0.39191262423992157, "ndvi_may": 0.6032936215400696, "ndvi_june": 0.6245513955752054, "ndvi_apr_june_change": -0.23263877133528388, "ndre_apr": 0.23844769597053528, "ndre_may": 0.36125263571739197, "ndre_june": 0.3875008821487427, "ndwi_apr": 0.013654971495270729, "ndwi_may": 0.1486034333705902, "ndwi_june": 0.2326128582159678, "ndyi_apr": 0.22985955327749252, "ndyi_may": 0.35903517454862593, "ndyi_june": 0.21136831243832907, "valid_pixel_fraction": 0.75, "baseline_rule_pass": false, "sunflower_candidate_score": 0.3217, "candidate_tier": "D", "training_label": "NON_SUNFLOWER_TEMPORAL_NEGATIVE", "label_method": "cofounder_green_to_brown_temporal_heuristic", "label_provenance": "Weak label derived from the co-founder's Google Earth field observation (Delhi->Chandigarh drive, 2026-05-09, large sunflower areas in full bloom near Kurukshetra-Karnal) and her resulting Sentinel-2 temporal hypothesis (April green -> May flowering-period green -> June harvested/brown/ploughed). NOT independently confirmed sunflower ground truth. NOT derived from or cross-checked against AMED crop labels.", "real_pu_spent": 0.6933333539962768}}, {"type": "Feature", "id": "7JXVX2VM+78G2", "geometry": {"type": "MultiPolygon", "coordinates": [[[[77.0334517, 29.993115399999997], [77.0334554, 29.993295800000002], [77.0333622, 29.993297199999997], [77.0331866, 29.993326999999997], [77.03318139999999, 29.9930745], [77.03335679999999, 29.9930357], [77.0334294, 29.993034599999998], [77.0334517, 29.993115399999997]]]]}, "properties": {"field_id": "7JXVX2VM+78G2", "centroid_lat": 29.993162, "centroid_lon": 77.033359, "area_sqm": 737.2242, "source_cell": "390e5b44", "ndvi_apr": 0.2346118498179648, "ndvi_may": 0.31362952391306564, "ndvi_june": 0.27020140599321435, "ndvi_apr_june_change": -0.03558955617524956, "ndre_apr": 0.11849078515337574, "ndre_may": 0.1522275363819467, "ndre_june": 0.14382281292367866, "ndwi_apr": -0.05640855059027672, "ndwi_may": -0.04672313355323342, "ndwi_june": -0.03631677167248671, "ndyi_apr": 0.19527725130319595, "ndyi_may": 0.25661053160826375, "ndyi_june": 0.11188205848965378, "valid_pixel_fraction": 0.75, "baseline_rule_pass": false, "sunflower_candidate_score": 0.2133, "candidate_tier": "D", "training_label": "NON_SUNFLOWER_TEMPORAL_NEGATIVE", "label_method": "cofounder_green_to_brown_temporal_heuristic", "label_provenance": "Weak label derived from the co-founder's Google Earth field observation (Delhi->Chandigarh drive, 2026-05-09, large sunflower areas in full bloom near Kurukshetra-Karnal) and her resulting Sentinel-2 temporal hypothesis (April green -> May flowering-period green -> June harvested/brown/ploughed). NOT independently confirmed sunflower ground truth. NOT derived from or cross-checked against AMED crop labels.", "real_pu_spent": 0.6933333539962768}}, {"type": "Feature", "id": "7JXVX2RH+H4VW", "geometry": {"type": "MultiPolygon", "coordinates": [[[[77.0281249, 29.991609800000003], [77.0274828, 29.991628700000003], [77.02748799999999, 29.991376], [77.0281096, 29.991366399999997], [77.0281249, 29.991609800000003]]]]}, "properties": {"field_id": "7JXVX2RH+H4VW", "centroid_lat": 29.991518, "centroid_lon": 77.027866, "area_sqm": 1679.1587, "source_cell": "390e5b44", "ndvi_apr": 0.15566701338522965, "ndvi_may": 0.6317699939012528, "ndvi_june": 0.42670182911334215, "ndvi_apr_june_change": -0.2710348157281125, "ndre_apr": 0.0722625373552243, "ndre_may": 0.3757654222349326, "ndre_june": 0.24861876638951128, "ndwi_apr": -0.10573473052742581, "ndwi_may": 0.1255374177876446, "ndwi_june": 0.057621298163818814, "ndyi_apr": 0.18325063834587735, "ndyi_may": 0.3860931984252399, "ndyi_june": 0.18394627905002348, "valid_pixel_fraction": 0.75, "baseline_rule_pass": false, "sunflower_candidate_score": 0.25, "candidate_tier": "D", "training_label": "NON_SUNFLOWER_TEMPORAL_NEGATIVE", "label_method": "cofounder_green_to_brown_temporal_heuristic", "label_provenance": "Weak label derived from the co-founder's Google Earth field observation (Delhi->Chandigarh drive, 2026-05-09, large sunflower areas in full bloom near Kurukshetra-Karnal) and her resulting Sentinel-2 temporal hypothesis (April green -> May flowering-period green -> June harvested/brown/ploughed). NOT independently confirmed sunflower ground truth. NOT derived from or cross-checked against AMED crop labels.", "real_pu_spent": 0.6933333539962768}}, {"type": "Feature", "id": "7JXVX2PG+R548", "geometry": {"type": "MultiPolygon", "coordinates": [[[[77.0259128, 29.985770699999993], [77.0259143, 29.9873765], [77.02595269999999, 29.987736799999997], [77.02595389999999, 29.988305200000003], [77.0259354, 29.9884137], [77.02587299999999, 29.9884056], [77.0256642, 29.988327700000003], [77.0255698, 29.98827499999999], [77.0252564, 29.9881535], [77.0249841, 29.9880133], [77.0249604, 29.987355100000002], [77.0249705, 29.986831699999996], [77.0249594, 29.9867958], [77.0249389, 29.9857856], [77.0259128, 29.985770699999993]]]]}, "properties": {"field_id": "7JXVX2PG+R548", "centroid_lat": 29.987421, "centroid_lon": 77.025517, "area_sqm": 25311.0805, "source_cell": "390e5b44", "ndvi_apr": 0.7379881648251612, "ndvi_may": 0.7862564052108432, "ndvi_june": 0.6685476478578981, "ndvi_apr_june_change": 0.06944051696726306, "ndre_apr": 0.5600248627690936, "ndre_may": 0.6004935611120976, "ndre_june": 0.4843910575239327, "ndwi_apr": 0.2557090288486983, "ndwi_may": 0.3048856320281098, "ndwi_june": 0.25739459274676596, "ndyi_apr": 0.42434974384568913, "ndyi_may": 0.355355359078215, "ndyi_june": 0.23903198691578975, "valid_pixel_fraction": 0.75, "baseline_rule_pass": false, "sunflower_candidate_score": 0.4987, "candidate_tier": "C", "training_label": "UNCERTAIN", "label_method": "cofounder_green_to_brown_temporal_heuristic", "label_provenance": "Weak label derived from the co-founder's Google Earth field observation (Delhi->Chandigarh drive, 2026-05-09, large sunflower areas in full bloom near Kurukshetra-Karnal) and her resulting Sentinel-2 temporal hypothesis (April green -> May flowering-period green -> June harvested/brown/ploughed). NOT independently confirmed sunflower ground truth. NOT derived from or cross-checked against AMED crop labels.", "real_pu_spent": 0.6933333539962768}}, {"type": "Feature", "id": "8J2R2QRC+X5HW", "geometry": {"type": "MultiPolygon", "coordinates": [[[[76.7704316, 30.042425299999998], [76.770556, 30.042423600000003], [76.77051569999999, 30.0424873], [76.77049459999999, 30.042469500000003], [76.7704322, 30.0424613], [76.7704316, 30.042425299999998]]]]}, "properties": {"field_id": "8J2R2QRC+X5HW", "centroid_lat": 30.042449, "centroid_lon": 76.770477, "area_sqm": 53.0638, "source_cell": "390e377c", "ndvi_apr": 0.18421931068102518, "ndvi_may": 0.1894967071712017, "ndvi_june": 0.17630024254322052, "ndvi_apr_june_change": 0.007919068137804658, "ndre_apr": 0.16271783411502838, "ndre_may": 0.1605415754020214, "ndre_june": 0.13070507595936456, "ndwi_apr": -0.03955402101079623, "ndwi_may": -0.04959018621593714, "ndwi_june": -0.05089834642906984, "ndyi_apr": 0.1502339392900467, "ndyi_may": 0.1392519176006317, "ndyi_june": 0.16812194883823395, "valid_pixel_fraction": 0.767, "baseline_rule_pass": false, "sunflower_candidate_score": 0.2368, "candidate_tier": "D", "training_label": "NON_SUNFLOWER_TEMPORAL_NEGATIVE", "label_method": "cofounder_green_to_brown_temporal_heuristic", "label_provenance": "Weak label derived from the co-founder's Google Earth field observation (Delhi->Chandigarh drive, 2026-05-09, large sunflower areas in full bloom near Kurukshetra-Karnal) and her resulting Sentinel-2 temporal hypothesis (April green -> May flowering-period green -> June harvested/brown/ploughed). NOT independently confirmed sunflower ground truth. NOT derived from or cross-checked against AMED crop labels.", "real_pu_spent": 0.6933333539962768}}, {"type": "Feature", "id": "8J2R2QX9+MQ9G", "geometry": {"type": "MultiPolygon", "coordinates": [[[[76.7694068, 30.0489442], [76.7698312, 30.048902399999996], [76.7698477, 30.049245], [76.7698193, 30.049398800000002], [76.7692905, 30.0494059], [76.7691554, 30.0493897], [76.7691303, 30.049146399999994], [76.7691364, 30.048902700000003], [76.7694068, 30.0489442]]]]}, "properties": {"field_id": "8J2R2QX9+MQ9G", "centroid_lat": 30.049142, "centroid_lon": 76.769447, "area_sqm": 3577.432, "source_cell": "390e377c", "ndvi_apr": 0.22654513931936685, "ndvi_may": 0.14903304310781615, "ndvi_june": 0.08280244744604542, "ndvi_apr_june_change": 0.14374269187332142, "ndre_apr": 0.13128252729536996, "ndre_may": 0.07579497713817372, "ndre_june": 0.028892517514852067, "ndwi_apr": -0.07955248939198632, "ndwi_may": -0.054926062450699864, "ndwi_june": -0.0602026836030067, "ndyi_apr": 0.19627273076819995, "ndyi_may": 0.21108402741097265, "ndyi_june": 0.14618869137669369, "valid_pixel_fraction": 0.833, "baseline_rule_pass": false, "sunflower_candidate_score": 0.3872, "candidate_tier": "D", "training_label": "NON_SUNFLOWER_TEMPORAL_NEGATIVE", "label_method": "cofounder_green_to_brown_temporal_heuristic", "label_provenance": "Weak label derived from the co-founder's Google Earth field observation (Delhi->Chandigarh drive, 2026-05-09, large sunflower areas in full bloom near Kurukshetra-Karnal) and her resulting Sentinel-2 temporal hypothesis (April green -> May flowering-period green -> June harvested/brown/ploughed). NOT independently confirmed sunflower ground truth. NOT derived from or cross-checked against AMED crop labels.", "real_pu_spent": 0.6933333539962768}}, {"type": "Feature", "id": "8J2R2QWH+MRMR", "geometry": {"type": "MultiPolygon", "coordinates": [[[[76.77779749999999, 30.044915300000003], [76.7781816, 30.044937200000003], [76.7782752, 30.04495399999999], [76.7787515, 30.044911400000004], [76.77877800000002, 30.0452359], [76.7787853, 30.0456418], [76.7788066, 30.0456776], [76.7788131, 30.045461], [76.7800369, 30.0454624], [76.7815403, 30.0454421], [76.7815389, 30.045947399999996], [76.7815475, 30.046425400000004], [76.7814973, 30.046516300000004], [76.7815418, 30.046687100000003], [76.7815672, 30.046948500000003], [76.78157929999999, 30.047625], [76.78156249999999, 30.0478417], [76.7815778, 30.048121199999997], [76.78097679999999, 30.0481474], [76.78085209999999, 30.048130999999998], [76.77956640000001, 30.048148500000003], [76.7795447, 30.048094600000002], [76.7795557, 30.048707999999994], [76.77879879999999, 30.048718200000003], [76.7786141, 30.048251599999993], [76.77828370000002, 30.0477508], [76.777585, 30.046957199999994], [76.7774574, 30.0467785], [76.77750329999999, 30.04644409999999], [76.77752740000001, 30.0460558], [76.77750209999999, 30.045217], [76.7775175, 30.044919099999998], [76.77779749999999, 30.044915300000003]]]]}, "properties": {"field_id": "8J2R2QWH+MRMR", "centroid_lat": 30.046545, "centroid_lon": 76.779432, "area_sqm": 121183.2305, "source_cell": "390e377c", "ndvi_apr": 0.1584166548733738, "ndvi_may": 0.12066703899543177, "ndvi_june": 0.06839623741832977, "ndvi_apr_june_change": 0.09002041745504404, "ndre_apr": 0.0847944508603838, "ndre_may": 0.06375121514562923, "ndre_june": 0.0206144993310521, "ndwi_apr": -0.0876928823545648, "ndwi_may": -0.11759562052225199, "ndwi_june": -0.09640251301605057, "ndyi_apr": 0.16910756435599444, "ndyi_may": 0.16481881518716032, "ndyi_june": 0.1311513481213154, "valid_pixel_fraction": 0.917, "baseline_rule_pass": false, "sunflower_candidate_score": 0.3543, "candidate_tier": "D", "training_label": "NON_SUNFLOWER_TEMPORAL_NEGATIVE", "label_method": "cofounder_green_to_brown_temporal_heuristic", "label_provenance": "Weak label derived from the co-founder's Google Earth field observation (Delhi->Chandigarh drive, 2026-05-09, large sunflower areas in full bloom near Kurukshetra-Karnal) and her resulting Sentinel-2 temporal hypothesis (April green -> May flowering-period green -> June harvested/brown/ploughed). NOT independently confirmed sunflower ground truth. NOT derived from or cross-checked against AMED crop labels.", "real_pu_spent": 0.6933333539962768}}, {"type": "Feature", "id": "8J2R2RW6+RJ7F", "geometry": {"type": "MultiPolygon", "coordinates": [[[[76.8115617, 30.047089], [76.8115306, 30.047089399999997], [76.8115286, 30.046981199999998], [76.81153909999999, 30.046990100000006], [76.8115595, 30.0469717], [76.8115617, 30.047089]]]]}, "properties": {"field_id": "8J2R2RW6+RJ7F", "centroid_lat": 30.047035, "centroid_lon": 76.811547, "area_sqm": 35.5415, "source_cell": "390e37f4", "ndvi_apr": 0.7187027335166931, "ndvi_may": 0.5542574763298035, "ndvi_june": 0.22172102828820547, "ndvi_apr_june_change": 0.4969817052284876, "ndre_apr": 0.42123541235923767, "ndre_may": 0.3056829184293747, "ndre_june": 0.10978324711322784, "ndwi_apr": 0.10910719260573387, "ndwi_may": 0.045076512917876246, "ndwi_june": -0.1213509663939476, "ndyi_apr": 0.37866904214024544, "ndyi_may": 0.3392436891794205, "ndyi_june": 0.15398909399906793, "valid_pixel_fraction": 0.917, "baseline_rule_pass": true, "sunflower_candidate_score": 0.6891, "candidate_tier": "A", "training_label": "SUNFLOWER_WEAK_POSITIVE_HIGH", "label_method": "cofounder_green_to_brown_temporal_heuristic", "label_provenance": "Weak label derived from the co-founder's Google Earth field observation (Delhi->Chandigarh drive, 2026-05-09, large sunflower areas in full bloom near Kurukshetra-Karnal) and her resulting Sentinel-2 temporal hypothesis (April green -> May flowering-period green -> June harvested/brown/ploughed). NOT independently confirmed sunflower ground truth. NOT derived from or cross-checked against AMED crop labels.", "real_pu_spent": 0.6933333539962768}}, {"type": "Feature", "id": "8J2R2RX6+VFQJ", "geometry": {"type": "MultiPolygon", "coordinates": [[[[76.8115321, 30.049453199999995], [76.81151550000001, 30.049678999999998], [76.8115207, 30.049967700000003], [76.81086739999999, 30.049967600000002], [76.8109722, 30.049460900000003], [76.8115321, 30.049453199999995]]]]}, "properties": {"field_id": "8J2R2RX6+VFQJ", "centroid_lat": 30.049664, "centroid_lon": 76.811323, "area_sqm": 3280.3303, "source_cell": "390e37f4", "ndvi_apr": 0.15157075252176988, "ndvi_may": 0.17321462184190753, "ndvi_june": 0.11774681391263449, "ndvi_apr_june_change": 0.03382393860913539, "ndre_apr": 0.09716426379357776, "ndre_may": 0.09522471068840888, "ndre_june": 0.06464550583795818, "ndwi_apr": -0.07419957554925026, "ndwi_may": -0.09683887587161734, "ndwi_june": -0.10901679741908554, "ndyi_apr": 0.16775838332250714, "ndyi_may": 0.2541495788014597, "ndyi_june": 0.11394797789829748, "valid_pixel_fraction": 0.917, "baseline_rule_pass": false, "sunflower_candidate_score": 0.2968, "candidate_tier": "D", "training_label": "NON_SUNFLOWER_TEMPORAL_NEGATIVE", "label_method": "cofounder_green_to_brown_temporal_heuristic", "label_provenance": "Weak label derived from the co-founder's Google Earth field observation (Delhi->Chandigarh drive, 2026-05-09, large sunflower areas in full bloom near Kurukshetra-Karnal) and her resulting Sentinel-2 temporal hypothesis (April green -> May flowering-period green -> June harvested/brown/ploughed). NOT independently confirmed sunflower ground truth. NOT derived from or cross-checked against AMED crop labels.", "real_pu_spent": 0.6933333539962768}}, {"type": "Feature", "id": "8J2R2RX5+C3WR", "geometry": {"type": "MultiPolygon", "coordinates": [[[[76.80805869999999, 30.0483552], [76.8080641, 30.04865289999999], [76.80808890000002, 30.048878100000003], [76.80733219999999, 30.0488975], [76.8073122, 30.048365500000003], [76.80805869999999, 30.0483552]]]]}, "properties": {"field_id": "8J2R2RX5+C3WR", "centroid_lat": 30.048584, "centroid_lon": 76.807819, "area_sqm": 4213.9337, "source_cell": "390e37f4", "ndvi_apr": 0.1465055406137946, "ndvi_may": 0.11796645021864346, "ndvi_june": 0.09211861419062765, "ndvi_apr_june_change": 0.054386926423166934, "ndre_apr": 0.07540126484517323, "ndre_may": 0.06177181500409331, "ndre_june": 0.03987126699500968, "ndwi_apr": -0.09949059061528669, "ndwi_may": -0.11834266865182493, "ndwi_june": -0.1338982716912315, "ndyi_apr": 0.1491891643534126, "ndyi_may": 0.13955935427830332, "ndyi_june": 0.11759286131414158, "valid_pixel_fraction": 0.917, "baseline_rule_pass": false, "sunflower_candidate_score": 0.3143, "candidate_tier": "D", "training_label": "NON_SUNFLOWER_TEMPORAL_NEGATIVE", "label_method": "cofounder_green_to_brown_temporal_heuristic", "label_provenance": "Weak label derived from the co-founder's Google Earth field observation (Delhi->Chandigarh drive, 2026-05-09, large sunflower areas in full bloom near Kurukshetra-Karnal) and her resulting Sentinel-2 temporal hypothesis (April green -> May flowering-period green -> June harvested/brown/ploughed). NOT independently confirmed sunflower ground truth. NOT derived from or cross-checked against AMED crop labels.", "real_pu_spent": 0.6933333539962768}}, {"type": "Feature", "id": "8J2R3R35+F7M3", "geometry": {"type": "MultiPolygon", "coordinates": [[[[76.80870469999999, 30.0536604], [76.80871580000002, 30.0536964], [76.80871700000002, 30.054337], [76.807784, 30.054358800000003], [76.80740039999999, 30.054364099999997], [76.8073866, 30.053606400000003], [76.80809169999999, 30.0535967], [76.8081274, 30.053280400000006], [76.8081055, 30.0532176], [76.8080968, 30.0527395], [76.8086877, 30.052722399999997], [76.80870469999999, 30.0536604]]]]}, "properties": {"field_id": "8J2R3R35+F7M3", "centroid_lat": 30.053603, "centroid_lon": 76.80821, "area_sqm": 16115.8471, "source_cell": "390e37f4", "ndvi_apr": 0.3168936113784598, "ndvi_may": 0.29087081812322146, "ndvi_june": 0.16069967652473485, "ndvi_apr_june_change": 0.15619393485372493, "ndre_apr": 0.21860993846150287, "ndre_may": 0.19751742333597083, "ndre_june": 0.08141755467405538, "ndwi_apr": 0.01256548035791059, "ndwi_may": 0.004628627668452364, "ndwi_june": -0.05799681621371718, "ndyi_apr": 0.2197194052198691, "ndyi_may": 0.200969113977024, "ndyi_june": 0.13945665041154076, "valid_pixel_fraction": 0.917, "baseline_rule_pass": false, "sunflower_candidate_score": 0.3964, "candidate_tier": "C", "training_label": "UNCERTAIN", "label_method": "cofounder_green_to_brown_temporal_heuristic", "label_provenance": "Weak label derived from the co-founder's Google Earth field observation (Delhi->Chandigarh drive, 2026-05-09, large sunflower areas in full bloom near Kurukshetra-Karnal) and her resulting Sentinel-2 temporal hypothesis (April green -> May flowering-period green -> June harvested/brown/ploughed). NOT independently confirmed sunflower ground truth. NOT derived from or cross-checked against AMED crop labels.", "real_pu_spent": 0.6933333539962768}}, {"type": "Feature", "id": "8J2R3V34+3X25", "geometry": {"type": "MultiPolygon", "coordinates": [[[[76.8574196, 30.052611300000002], [76.8574306, 30.0526472], [76.8573892, 30.0526478], [76.85737809999999, 30.052611900000002], [76.8574196, 30.052611300000002]]]]}, "properties": {"field_id": "8J2R3V34+3X25", "centroid_lat": 30.052626, "centroid_lon": 76.857407, "area_sqm": 16.0181, "source_cell": "390e4874", "ndvi_apr": 0.5673276782035828, "ndvi_may": 0.6060760140419006, "ndvi_june": 0.5672277063131332, "ndvi_apr_june_change": 9.997189044952393e-05, "ndre_apr": 0.3677211403846741, "ndre_may": 0.39269785284996034, "ndre_june": 0.397684782743454, "ndwi_apr": 0.06742922092477481, "ndwi_may": 0.18667726516723632, "ndwi_june": 0.2551206238567829, "ndyi_apr": 0.5107274055480957, "ndyi_may": 0.33876734524965285, "ndyi_june": 0.1574846152216196, "valid_pixel_fraction": 0.917, "baseline_rule_pass": false, "sunflower_candidate_score": 0.3964, "candidate_tier": "C", "training_label": "UNCERTAIN", "label_method": "cofounder_green_to_brown_temporal_heuristic", "label_provenance": "Weak label derived from the co-founder's Google Earth field observation (Delhi->Chandigarh drive, 2026-05-09, large sunflower areas in full bloom near Kurukshetra-Karnal) and her resulting Sentinel-2 temporal hypothesis (April green -> May flowering-period green -> June harvested/brown/ploughed). NOT independently confirmed sunflower ground truth. NOT derived from or cross-checked against AMED crop labels.", "real_pu_spent": 0.6933333539962768}}, {"type": "Feature", "id": "8J2R3V55+439V", "geometry": {"type": "MultiPolygon", "coordinates": [[[[76.8578848, 30.0575308], [76.857905, 30.0580538], [76.8575628, 30.05805870000001], [76.85756359999999, 30.0575444], [76.8578848, 30.0575308]]]]}, "properties": {"field_id": "8J2R3V55+439V", "centroid_lat": 30.057744, "centroid_lon": 76.85776, "area_sqm": 1842.0762, "source_cell": "390e4874", "ndvi_apr": 0.1402634067667855, "ndvi_may": 0.1160767072190841, "ndvi_june": 0.16454313127506595, "ndvi_apr_june_change": -0.024279724508280448, "ndre_apr": 0.07147341309529212, "ndre_may": 0.06474925170995346, "ndre_june": 0.08733267361964739, "ndwi_apr": -0.146747052255604, "ndwi_may": -0.1309192730113864, "ndwi_june": -0.06227589000071234, "ndyi_apr": 0.17632512003183365, "ndyi_may": 0.12863288095427886, "ndyi_june": 0.12331360258965517, "valid_pixel_fraction": 0.767, "baseline_rule_pass": false, "sunflower_candidate_score": 0.2137, "candidate_tier": "D", "training_label": "NON_SUNFLOWER_TEMPORAL_NEGATIVE", "label_method": "cofounder_green_to_brown_temporal_heuristic", "label_provenance": "Weak label derived from the co-founder's Google Earth field observation (Delhi->Chandigarh drive, 2026-05-09, large sunflower areas in full bloom near Kurukshetra-Karnal) and her resulting Sentinel-2 temporal hypothesis (April green -> May flowering-period green -> June harvested/brown/ploughed). NOT independently confirmed sunflower ground truth. NOT derived from or cross-checked against AMED crop labels.", "real_pu_spent": 0.6933333539962768}}, {"type": "Feature", "id": "8J2R3V44+7R5M", "geometry": {"type": "MultiPolygon", "coordinates": [[[[76.8566424, 30.054868799999994], [76.8567561, 30.054849199999996], [76.8572849, 30.0548417], [76.8574719, 30.0548571], [76.8574306, 30.05486669999999], [76.8574323, 30.054956899999997], [76.8574761, 30.0550826], [76.85750220000001, 30.0553709], [76.85772080000001, 30.0554129], [76.8577481, 30.055764399999997], [76.8578426, 30.0558262], [76.8579676, 30.055851500000003], [76.8579784, 30.055878500000002], [76.8579477, 30.0558969], [76.8579791, 30.055914499999997], [76.8581555, 30.055921100000003], [76.8581755, 30.056435], [76.85694160000001, 30.0564525], [76.8569498, 30.0563351], [76.8569697, 30.0562897], [76.85696349999999, 30.055955899999997], [76.85694240000001, 30.055938200000003], [76.8568902, 30.0559209], [76.85648479999999, 30.055872499999996], [76.85617409999999, 30.0558949], [76.8561886, 30.055560900000007], [76.8561656, 30.0548846], [76.8566424, 30.054868799999994]]]]}, "properties": {"field_id": "8J2R3V44+7R5M", "centroid_lat": 30.055592, "centroid_lon": 76.857244, "area_sqm": 22973.4139, "source_cell": "390e4874", "ndvi_apr": 0.16083282899795737, "ndvi_may": 0.11486503666549416, "ndvi_june": 0.10930579145102921, "ndvi_apr_june_change": 0.05152703754692815, "ndre_apr": 0.08962717929056714, "ndre_may": 0.0705889165776963, "ndre_june": 0.05400029149482475, "ndwi_apr": -0.11582970173687351, "ndwi_may": -0.11203661539192714, "ndwi_june": -0.09555593453022827, "ndyi_apr": 0.19048162339901425, "ndyi_may": 0.11569208489447505, "ndyi_june": 0.1122067854055567, "valid_pixel_fraction": 0.833, "baseline_rule_pass": false, "sunflower_candidate_score": 0.295, "candidate_tier": "D", "training_label": "NON_SUNFLOWER_TEMPORAL_NEGATIVE", "label_method": "cofounder_green_to_brown_temporal_heuristic", "label_provenance": "Weak label derived from the co-founder's Google Earth field observation (Delhi->Chandigarh drive, 2026-05-09, large sunflower areas in full bloom near Kurukshetra-Karnal) and her resulting Sentinel-2 temporal hypothesis (April green -> May flowering-period green -> June harvested/brown/ploughed). NOT independently confirmed sunflower ground truth. NOT derived from or cross-checked against AMED crop labels.", "real_pu_spent": 0.6933333539962768}}, {"type": "Feature", "id": "8J2R2VXW+GMPC", "geometry": {"type": "MultiPolygon", "coordinates": [[[[76.8967155, 30.0488113], [76.8967163, 30.0488564], [76.8966647, 30.0488662], [76.8966636, 30.048812100000003], [76.8967155, 30.0488113]]]]}, "properties": {"field_id": "8J2R2VXW+GMPC", "centroid_lat": 30.048831, "centroid_lon": 76.896695, "area_sqm": 27.5302, "source_cell": "390e461c", "ndvi_apr": 0.7254201173782349, "ndvi_may": 0.7095536947250366, "ndvi_june": 0.2567025199532509, "ndvi_apr_june_change": 0.468717597424984, "ndre_apr": 0.5083807557821274, "ndre_may": 0.5013734519481658, "ndre_june": 0.15468041598796844, "ndwi_apr": 0.29187026619911194, "ndwi_may": 0.31919623017311094, "ndwi_june": -0.055980604607611895, "ndyi_apr": 0.3082052618265152, "ndyi_may": 0.35847850441932677, "ndyi_june": 0.1236723493784666, "valid_pixel_fraction": 0.833, "baseline_rule_pass": false, "sunflower_candidate_score": 0.6777, "candidate_tier": "B", "training_label": "SUNFLOWER_WEAK_POSITIVE_MEDIUM", "label_method": "cofounder_green_to_brown_temporal_heuristic", "label_provenance": "Weak label derived from the co-founder's Google Earth field observation (Delhi->Chandigarh drive, 2026-05-09, large sunflower areas in full bloom near Kurukshetra-Karnal) and her resulting Sentinel-2 temporal hypothesis (April green -> May flowering-period green -> June harvested/brown/ploughed). NOT independently confirmed sunflower ground truth. NOT derived from or cross-checked against AMED crop labels.", "real_pu_spent": 0.6933333539962768}}, {"type": "Feature", "id": "8J2R3W22+GJG3", "geometry": {"type": "MultiPolygon", "coordinates": [[[[76.9019125, 30.051054899999997], [76.901922, 30.051551], [76.9012377, 30.05156089999999], [76.9012266, 30.051525], [76.9012382, 30.051046600000003], [76.9019125, 30.051054899999997]]]]}, "properties": {"field_id": "8J2R3W22+GJG3", "centroid_lat": 30.051299, "centroid_lon": 76.901575, "area_sqm": 3703.0382, "source_cell": "390e461c", "ndvi_apr": 0.7448146658993904, "ndvi_may": 0.7225821800175167, "ndvi_june": 0.3353757446720486, "ndvi_apr_june_change": 0.40943892122734177, "ndre_apr": 0.5617237009462857, "ndre_may": 0.5199539732365381, "ndre_june": 0.19769924083015042, "ndwi_apr": 0.25178092434292754, "ndwi_may": 0.23690593618722194, "ndwi_june": 0.037251048236309245, "ndyi_apr": 0.3653632874290148, "ndyi_may": 0.3395989794757158, "ndyi_june": 0.15848638740412538, "valid_pixel_fraction": 0.833, "baseline_rule_pass": false, "sunflower_candidate_score": 0.6591, "candidate_tier": "B", "training_label": "SUNFLOWER_WEAK_POSITIVE_MEDIUM", "label_method": "cofounder_green_to_brown_temporal_heuristic", "label_provenance": "Weak label derived from the co-founder's Google Earth field observation (Delhi->Chandigarh drive, 2026-05-09, large sunflower areas in full bloom near Kurukshetra-Karnal) and her resulting Sentinel-2 temporal hypothesis (April green -> May flowering-period green -> June harvested/brown/ploughed). NOT independently confirmed sunflower ground truth. NOT derived from or cross-checked against AMED crop labels.", "real_pu_spent": 0.6933333539962768}}, {"type": "Feature", "id": "8J2R2VXW+M4M7", "geometry": {"type": "MultiPolygon", "coordinates": [[[[76.8955773, 30.047311999999994], [76.8956271, 30.0493864], [76.89563849999999, 30.0510734], [76.89500629999999, 30.0510915], [76.8949954, 30.051064600000004], [76.8949856, 30.050550500000003], [76.89497639999999, 30.048980799999995], [76.89497539999999, 30.048926599999998], [76.8949458, 30.047916599999997], [76.8949552, 30.047321], [76.8955773, 30.047311999999994]]]]}, "properties": {"field_id": "8J2R2VXW+M4M7", "centroid_lat": 30.049176, "centroid_lon": 76.895205, "area_sqm": 25958.4644, "source_cell": "390e461c", "ndvi_apr": 0.1809430561807691, "ndvi_may": 0.13533304760843948, "ndvi_june": 0.18469624297351256, "ndvi_apr_june_change": -0.003753186792743446, "ndre_apr": 0.09722380239364445, "ndre_may": 0.06850100814561452, "ndre_june": 0.1109270607922139, "ndwi_apr": -0.086873172681983, "ndwi_may": -0.12038541216194172, "ndwi_june": -0.053611042230135776, "ndyi_apr": 0.18860908093399747, "ndyi_may": 0.12690276394845273, "ndyi_june": 0.09746296100039671, "valid_pixel_fraction": 0.833, "baseline_rule_pass": false, "sunflower_candidate_score": 0.2214, "candidate_tier": "D", "training_label": "NON_SUNFLOWER_TEMPORAL_NEGATIVE", "label_method": "cofounder_green_to_brown_temporal_heuristic", "label_provenance": "Weak label derived from the co-founder's Google Earth field observation (Delhi->Chandigarh drive, 2026-05-09, large sunflower areas in full bloom near Kurukshetra-Karnal) and her resulting Sentinel-2 temporal hypothesis (April green -> May flowering-period green -> June harvested/brown/ploughed). NOT independently confirmed sunflower ground truth. NOT derived from or cross-checked against AMED crop labels.", "real_pu_spent": 0.6933333539962768}}, {"type": "Feature", "id": "8J2R3X22+J6W9", "geometry": {"type": "MultiPolygon", "coordinates": [[[[76.95060269999999, 30.051577499999997], [76.950604, 30.0516407], [76.9505729, 30.051641099999998], [76.9505716, 30.051578], [76.95060269999999, 30.051577499999997]]]]}, "properties": {"field_id": "8J2R3X22+J6W9", "centroid_lat": 30.051603, "centroid_lon": 76.950591, "area_sqm": 21.022, "source_cell": "390e458c", "ndvi_apr": 0.16879980266094208, "ndvi_may": 0.18333710432052613, "ndvi_june": 0.11600618809461594, "ndvi_apr_june_change": 0.05279361456632614, "ndre_apr": 0.09632759541273117, "ndre_may": 0.08786534368991852, "ndre_june": 0.020833271866043408, "ndwi_apr": -0.1215311847627163, "ndwi_may": -0.11314047574996948, "ndwi_june": -0.11816953370968501, "ndyi_apr": 0.1687956228852272, "ndyi_may": 0.11179642882198096, "ndyi_june": 0.14408970375855765, "valid_pixel_fraction": 0.75, "baseline_rule_pass": false, "sunflower_candidate_score": 0.2979, "candidate_tier": "D", "training_label": "NON_SUNFLOWER_TEMPORAL_NEGATIVE", "label_method": "cofounder_green_to_brown_temporal_heuristic", "label_provenance": "Weak label derived from the co-founder's Google Earth field observation (Delhi->Chandigarh drive, 2026-05-09, large sunflower areas in full bloom near Kurukshetra-Karnal) and her resulting Sentinel-2 temporal hypothesis (April green -> May flowering-period green -> June harvested/brown/ploughed). NOT independently confirmed sunflower ground truth. NOT derived from or cross-checked against AMED crop labels.", "real_pu_spent": 0.6933333539962768}}, {"type": "Feature", "id": "8J2R3W2V+P9XM", "geometry": {"type": "MultiPolygon", "coordinates": [[[[76.9436343, 30.051608599999998], [76.94364449999999, 30.052131699999997], [76.9433336, 30.052145300000003], [76.9433023, 30.0516044], [76.9436343, 30.051608599999998]]]]}, "properties": {"field_id": "8J2R3W2V+P9XM", "centroid_lat": 30.05182, "centroid_lon": 76.94351, "area_sqm": 1830.9289, "source_cell": "390e458c", "ndvi_apr": 0.19847202714946535, "ndvi_may": 0.1350116939180427, "ndvi_june": 0.09677707086558696, "ndvi_apr_june_change": 0.1016949562838784, "ndre_apr": 0.11110531911253929, "ndre_may": 0.07303335575593843, "ndre_june": 0.04712437925843039, "ndwi_apr": -0.092394993123081, "ndwi_may": -0.1468964517116547, "ndwi_june": -0.1357203443293218, "ndyi_apr": 0.2215132787823677, "ndyi_may": 0.1522204069627656, "ndyi_june": 0.11849193316366939, "valid_pixel_fraction": 0.75, "baseline_rule_pass": false, "sunflower_candidate_score": 0.3363, "candidate_tier": "D", "training_label": "NON_SUNFLOWER_TEMPORAL_NEGATIVE", "label_method": "cofounder_green_to_brown_temporal_heuristic", "label_provenance": "Weak label derived from the co-founder's Google Earth field observation (Delhi->Chandigarh drive, 2026-05-09, large sunflower areas in full bloom near Kurukshetra-Karnal) and her resulting Sentinel-2 temporal hypothesis (April green -> May flowering-period green -> June harvested/brown/ploughed). NOT independently confirmed sunflower ground truth. NOT derived from or cross-checked against AMED crop labels.", "real_pu_spent": 0.6933333539962768}}, {"type": "Feature", "id": "8J2R3W3X+9HFQ", "geometry": {"type": "MultiPolygon", "coordinates": [[[[76.94860109999999, 30.053159000000004], [76.948674, 30.0531759], [76.94902689999999, 30.0531888], [76.9492653, 30.0531852], [76.9492752, 30.0536903], [76.9486118, 30.0537092], [76.9485909, 30.053168199999998], [76.94860109999999, 30.053159000000004]]]]}, "properties": {"field_id": "8J2R3W3X+9HFQ", "centroid_lat": 30.053304, "centroid_lon": 76.948831, "area_sqm": 3705.3845, "source_cell": "390e458c", "ndvi_apr": 0.20388045995717954, "ndvi_may": 0.2084865926206112, "ndvi_june": 0.20368833343187973, "ndvi_apr_june_change": 0.00019212652529981833, "ndre_apr": 0.11790252417059877, "ndre_may": 0.13323206906162557, "ndre_june": 0.12286301183566035, "ndwi_apr": -0.07105458199623085, "ndwi_may": -0.11088291801423544, "ndwi_june": -0.09704726931476404, "ndyi_apr": 0.2127820991334461, "ndyi_may": 0.0633002424523944, "ndyi_june": 0.14147271996452696, "valid_pixel_fraction": 0.75, "baseline_rule_pass": false, "sunflower_candidate_score": 0.2198, "candidate_tier": "D", "training_label": "NON_SUNFLOWER_TEMPORAL_NEGATIVE", "label_method": "cofounder_green_to_brown_temporal_heuristic", "label_provenance": "Weak label derived from the co-founder's Google Earth field observation (Delhi->Chandigarh drive, 2026-05-09, large sunflower areas in full bloom near Kurukshetra-Karnal) and her resulting Sentinel-2 temporal hypothesis (April green -> May flowering-period green -> June harvested/brown/ploughed). NOT independently confirmed sunflower ground truth. NOT derived from or cross-checked against AMED crop labels.", "real_pu_spent": 0.6933333539962768}}, {"type": "Feature", "id": "8J2R3X2H+46Q9", "geometry": {"type": "MultiPolygon", "coordinates": [[[[76.9783659, 30.050061999999997], [76.978387, 30.050603], [76.9782108, 30.050605599999994], [76.9778681, 30.050583699999994], [76.9778577, 30.050060599999995], [76.9783659, 30.050061999999997]]]]}, "properties": {"field_id": "8J2R3X2H+46Q9", "centroid_lat": 30.050329, "centroid_lon": 76.978176, "area_sqm": 2948.0148, "source_cell": "390e4564", "ndvi_apr": 0.21789071112871167, "ndvi_may": 0.22406901884824035, "ndvi_june": 0.2551508199837472, "ndvi_apr_june_change": -0.037260108855035556, "ndre_apr": 0.15209711405138174, "ndre_may": 0.1471469375304878, "ndre_june": 0.1775827610658275, "ndwi_apr": -0.08671982226272423, "ndwi_may": -0.045763891624907654, "ndwi_june": -0.0024605493889086768, "ndyi_apr": 0.18927296077211694, "ndyi_may": 0.13629525589446226, "ndyi_june": 0.1462761768864261, "valid_pixel_fraction": 0.683, "baseline_rule_pass": false, "sunflower_candidate_score": 0.1836, "candidate_tier": "D", "training_label": "NON_SUNFLOWER_TEMPORAL_NEGATIVE", "label_method": "cofounder_green_to_brown_temporal_heuristic", "label_provenance": "Weak label derived from the co-founder's Google Earth field observation (Delhi->Chandigarh drive, 2026-05-09, large sunflower areas in full bloom near Kurukshetra-Karnal) and her resulting Sentinel-2 temporal hypothesis (April green -> May flowering-period green -> June harvested/brown/ploughed). NOT independently confirmed sunflower ground truth. NOT derived from or cross-checked against AMED crop labels.", "real_pu_spent": 0.6933333539962768}}, {"type": "Feature", "id": "8J2R3X3M+R5X9", "geometry": {"type": "MultiPolygon", "coordinates": [[[[76.9833459, 30.0543355], [76.9833565, 30.05486759999999], [76.9826411, 30.0548784], [76.9826305, 30.0543463], [76.9833459, 30.0543355]]]]}, "properties": {"field_id": "8J2R3X3M+R5X9", "centroid_lat": 30.054553, "centroid_lon": 76.983064, "area_sqm": 4075.1462, "source_cell": "390e4564", "ndvi_apr": 0.7348184652981304, "ndvi_may": 0.6992863415252595, "ndvi_june": 0.25773166072747067, "ndvi_apr_june_change": 0.4770868045706598, "ndre_apr": 0.5691306993720078, "ndre_may": 0.5265887318622497, "ndre_june": 0.14875070750713346, "ndwi_apr": 0.2301378170294421, "ndwi_may": 0.21999177999262304, "ndwi_june": -0.039078930788303885, "ndyi_apr": 0.42227167103971747, "ndyi_may": 0.32701751362709774, "ndyi_june": 0.1400608657489693, "valid_pixel_fraction": 0.75, "baseline_rule_pass": false, "sunflower_candidate_score": 0.6743, "candidate_tier": "B", "training_label": "SUNFLOWER_WEAK_POSITIVE_MEDIUM", "label_method": "cofounder_green_to_brown_temporal_heuristic", "label_provenance": "Weak label derived from the co-founder's Google Earth field observation (Delhi->Chandigarh drive, 2026-05-09, large sunflower areas in full bloom near Kurukshetra-Karnal) and her resulting Sentinel-2 temporal hypothesis (April green -> May flowering-period green -> June harvested/brown/ploughed). NOT independently confirmed sunflower ground truth. NOT derived from or cross-checked against AMED crop labels.", "real_pu_spent": 0.6933333539962768}}, {"type": "Feature", "id": "8J2R3X5G+WMVX", "geometry": {"type": "MultiPolygon", "coordinates": [[[[76.97401769999999, 30.059320600000003], [76.9748781, 30.059298700000003], [76.9750858, 30.0593136], [76.9771598, 30.059300500000003], [76.9771724, 30.059931799999998], [76.9771919, 30.0598684], [76.9772643, 30.0598582], [76.9775131, 30.059854499999997], [76.9776794, 30.05987], [76.9781874, 30.059862400000007], [76.9784255, 30.0598408], [76.978747, 30.059835900000003], [76.9787466, 30.059817900000002], [76.9786531, 30.0598103], [76.9786216, 30.05926939999999], [76.9792439, 30.059269099999995], [76.9792798, 30.059512100000003], [76.9792856, 30.059800800000005], [76.9790991, 30.05981259999999], [76.9792654, 30.059828099999997], [76.97975269999999, 30.059820799999997], [76.97995, 30.059835900000003], [76.9799494, 30.060323], [76.9794311, 30.0603399], [76.97922410000001, 30.060360999999997], [76.9774613, 30.060378500000002], [76.9773676, 30.060361900000004], [76.9772121, 30.060364300000003], [76.97718669999999, 30.0601301], [76.9765022, 30.0601313], [76.9764818, 30.060149700000004], [76.9764758, 30.0603663], [76.97644559999999, 30.0604119], [76.97484899999999, 30.0604449], [76.9745791, 30.060430900000004], [76.9741229, 30.0604378], [76.9741078, 30.060203399999992], [76.97461539999999, 30.060168700000002], [76.9752271, 30.060159499999994], [76.9754346, 30.060165400000002], [76.9754359, 30.0602286], [76.9754568, 30.060237299999997], [76.9754602, 30.059885400000002], [76.97600969999999, 30.05987709999999], [76.97612339999999, 30.0598574], [76.9745885, 30.0598624], [76.9736661, 30.0598943], [76.9736516, 30.059686999999997], [76.973689, 30.059478900000002], [76.9736863, 30.0593436], [76.97401769999999, 30.059320600000003]]]]}, "properties": {"field_id": "8J2R3X5G+WMVX", "centroid_lat": 30.05992, "centroid_lon": 76.976739, "area_sqm": 51599.1711, "source_cell": "390e4564", "ndvi_apr": 0.4170130344487753, "ndvi_may": 0.6034443496722298, "ndvi_june": 0.6176783560547844, "ndvi_apr_june_change": -0.20066532160600908, "ndre_apr": 0.26463745865288724, "ndre_may": 0.40125145939031237, "ndre_june": 0.43373802022012625, "ndwi_apr": 0.018932690442521077, "ndwi_may": 0.1511865286537321, "ndwi_june": 0.23634197516383057, "ndyi_apr": 0.2658114285086807, "ndyi_may": 0.33398743598926006, "ndyi_june": 0.22990730330183184, "valid_pixel_fraction": 0.75, "baseline_rule_pass": false, "sunflower_candidate_score": 0.3299, "candidate_tier": "D", "training_label": "NON_SUNFLOWER_TEMPORAL_NEGATIVE", "label_method": "cofounder_green_to_brown_temporal_heuristic", "label_provenance": "Weak label derived from the co-founder's Google Earth field observation (Delhi->Chandigarh drive, 2026-05-09, large sunflower areas in full bloom near Kurukshetra-Karnal) and her resulting Sentinel-2 temporal hypothesis (April green -> May flowering-period green -> June harvested/brown/ploughed). NOT independently confirmed sunflower ground truth. NOT derived from or cross-checked against AMED crop labels.", "real_pu_spent": 0.6933333539962768}}, {"type": "Feature", "id": "8J2V22WC+6VR5", "geometry": {"type": "MultiPolygon", "coordinates": [[[[77.02213100000002, 30.0455799], [77.0221725, 30.0455793], [77.0221834, 30.0456062], [77.0221632, 30.04563359999999], [77.02213189999999, 30.045624999999998], [77.02213100000002, 30.0455799]]]]}, "properties": {"field_id": "8J2V22WC+6VR5", "centroid_lat": 30.045601, "centroid_lon": 77.022152, "area_sqm": 24.0236, "source_cell": "390e5abc", "ndvi_apr": 0.22563371807336807, "ndvi_may": 0.2915138125419617, "ndvi_june": 0.3885895212491353, "ndvi_apr_june_change": -0.16295580317576724, "ndre_apr": 0.13020134717226028, "ndre_may": 0.1906251236796379, "ndre_june": 0.2708856612443924, "ndwi_apr": -0.12764346972107887, "ndwi_may": -0.059846068173646925, "ndwi_june": 0.053037699311971664, "ndyi_apr": 0.18001655489206314, "ndyi_may": 0.21500326693058014, "ndyi_june": 0.18076367179552713, "valid_pixel_fraction": 0.75, "baseline_rule_pass": false, "sunflower_candidate_score": 0.2061, "candidate_tier": "D", "training_label": "NON_SUNFLOWER_TEMPORAL_NEGATIVE", "label_method": "cofounder_green_to_brown_temporal_heuristic", "label_provenance": "Weak label derived from the co-founder's Google Earth field observation (Delhi->Chandigarh drive, 2026-05-09, large sunflower areas in full bloom near Kurukshetra-Karnal) and her resulting Sentinel-2 temporal hypothesis (April green -> May flowering-period green -> June harvested/brown/ploughed). NOT independently confirmed sunflower ground truth. NOT derived from or cross-checked against AMED crop labels.", "real_pu_spent": 0.6933333539962768}}, {"type": "Feature", "id": "8J2V22VJ+HHHW", "geometry": {"type": "MultiPolygon", "coordinates": [[[[77.0317902, 30.0437891], [77.03181719999999, 30.044095400000003], [77.03117449999999, 30.0441053], [77.0311682, 30.043798699999996], [77.0317902, 30.0437891]]]]}, "properties": {"field_id": "8J2V22VJ+HHHW", "centroid_lat": 30.043916, "centroid_lon": 77.031548, "area_sqm": 2076.0236, "source_cell": "390e5abc", "ndvi_apr": 0.19485818015204534, "ndvi_may": 0.14261581872900328, "ndvi_june": 0.12165409616298146, "ndvi_apr_june_change": 0.07320408398906388, "ndre_apr": 0.10175766485432784, "ndre_may": 0.08652129988703464, "ndre_june": 0.07507459219131206, "ndwi_apr": -0.04733851065652238, "ndwi_may": -0.09194869101047516, "ndwi_june": -0.0699066843458072, "ndyi_apr": 0.2071327774061097, "ndyi_may": 0.1680191623667876, "ndyi_june": 0.13935965437580042, "valid_pixel_fraction": 0.75, "baseline_rule_pass": false, "sunflower_candidate_score": 0.3034, "candidate_tier": "D", "training_label": "NON_SUNFLOWER_TEMPORAL_NEGATIVE", "label_method": "cofounder_green_to_brown_temporal_heuristic", "label_provenance": "Weak label derived from the co-founder's Google Earth field observation (Delhi->Chandigarh drive, 2026-05-09, large sunflower areas in full bloom near Kurukshetra-Karnal) and her resulting Sentinel-2 temporal hypothesis (April green -> May flowering-period green -> June harvested/brown/ploughed). NOT independently confirmed sunflower ground truth. NOT derived from or cross-checked against AMED crop labels.", "real_pu_spent": 0.6933333539962768}}, {"type": "Feature", "id": "8J2V22WG+Q4FW", "geometry": {"type": "MultiPolygon", "coordinates": [[[[77.02563789999999, 30.046689800000003], [77.0256483, 30.0472038], [77.02496409999999, 30.047214400000005], [77.0249535, 30.046691300000003], [77.02563789999999, 30.046689800000003]]]]}, "properties": {"field_id": "8J2V22WG+Q4FW", "centroid_lat": 30.046898, "centroid_lon": 77.025368, "area_sqm": 3798.7226, "source_cell": "390e5abc", "ndvi_apr": 0.1972141523091566, "ndvi_may": 0.19003613083845095, "ndvi_june": 0.13015580360615064, "ndvi_apr_june_change": 0.06705834870300595, "ndre_apr": 0.12212905305482091, "ndre_may": 0.10448301434627778, "ndre_june": 0.08548608756372851, "ndwi_apr": -0.10137427625955925, "ndwi_may": -0.08836175647226074, "ndwi_june": -0.08888669941012584, "ndyi_apr": 0.20104327035092173, "ndyi_may": 0.2225422185801324, "ndyi_june": 0.12930886429690178, "valid_pixel_fraction": 0.75, "baseline_rule_pass": false, "sunflower_candidate_score": 0.3039, "candidate_tier": "D", "training_label": "NON_SUNFLOWER_TEMPORAL_NEGATIVE", "label_method": "cofounder_green_to_brown_temporal_heuristic", "label_provenance": "Weak label derived from the co-founder's Google Earth field observation (Delhi->Chandigarh drive, 2026-05-09, large sunflower areas in full bloom near Kurukshetra-Karnal) and her resulting Sentinel-2 temporal hypothesis (April green -> May flowering-period green -> June harvested/brown/ploughed). NOT independently confirmed sunflower ground truth. NOT derived from or cross-checked against AMED crop labels.", "real_pu_spent": 0.6933333539962768}}, {"type": "Feature", "id": "8J2R4Q5G+7F42", "geometry": {"type": "MultiPolygon", "coordinates": [[[[76.77622989999999, 30.108101800000004], [76.7762308, 30.108155999999997], [76.7761582, 30.108156899999997], [76.7761572, 30.1081028], [76.77622989999999, 30.108101800000004]]]]}, "properties": {"field_id": "8J2R4Q5G+7F42", "centroid_lat": 30.108124, "centroid_lon": 76.776201, "area_sqm": 42.0498, "source_cell": "390e36f4", "ndvi_apr": 0.17290310064951578, "ndvi_may": 0.12490836158394814, "ndvi_june": 0.07093153987079859, "ndvi_apr_june_change": 0.10197156077871719, "ndre_apr": 0.09209986527760823, "ndre_may": 0.06371110677719116, "ndre_june": 0.013482076465152204, "ndwi_apr": -0.12789597858985266, "ndwi_may": -0.12260698154568672, "ndwi_june": -0.061999063938856125, "ndyi_apr": 0.18128799895445505, "ndyi_may": 0.12959835305809975, "ndyi_june": 0.1334246788173914, "valid_pixel_fraction": 0.85, "baseline_rule_pass": false, "sunflower_candidate_score": 0.3567, "candidate_tier": "D", "training_label": "NON_SUNFLOWER_TEMPORAL_NEGATIVE", "label_method": "cofounder_green_to_brown_temporal_heuristic", "label_provenance": "Weak label derived from the co-founder's Google Earth field observation (Delhi->Chandigarh drive, 2026-05-09, large sunflower areas in full bloom near Kurukshetra-Karnal) and her resulting Sentinel-2 temporal hypothesis (April green -> May flowering-period green -> June harvested/brown/ploughed). NOT independently confirmed sunflower ground truth. NOT derived from or cross-checked against AMED crop labels.", "real_pu_spent": 0.6933333539962768}}, {"type": "Feature", "id": "8J2R3QXC+FJV7", "geometry": {"type": "MultiPolygon", "coordinates": [[[[76.7718682, 30.098615199999994], [76.77187239999999, 30.0988497], [76.7713536, 30.098847700000004], [76.7712184, 30.098831399999998], [76.7711939, 30.098624299999997], [76.7718682, 30.098615199999994]]]]}, "properties": {"field_id": "8J2R3QXC+FJV7", "centroid_lat": 30.098731, "centroid_lon": 76.771562, "area_sqm": 1611.9199, "source_cell": "390e36f4", "ndvi_apr": 0.24093228531262234, "ndvi_may": 0.1846530739040602, "ndvi_june": 0.1784639521723702, "ndvi_apr_june_change": 0.06246833314025213, "ndre_apr": 0.1601724507553237, "ndre_may": 0.1267048736945504, "ndre_june": 0.10599264143300907, "ndwi_apr": -0.03472635416047914, "ndwi_may": -0.0023968231731227464, "ndwi_june": 0.0417513048076736, "ndyi_apr": 0.1877822464420682, "ndyi_may": 0.13925471165705294, "ndyi_june": 0.13430130756681874, "valid_pixel_fraction": 0.85, "baseline_rule_pass": false, "sunflower_candidate_score": 0.2863, "candidate_tier": "D", "training_label": "NON_SUNFLOWER_TEMPORAL_NEGATIVE", "label_method": "cofounder_green_to_brown_temporal_heuristic", "label_provenance": "Weak label derived from the co-founder's Google Earth field observation (Delhi->Chandigarh drive, 2026-05-09, large sunflower areas in full bloom near Kurukshetra-Karnal) and her resulting Sentinel-2 temporal hypothesis (April green -> May flowering-period green -> June harvested/brown/ploughed). NOT independently confirmed sunflower ground truth. NOT derived from or cross-checked against AMED crop labels.", "real_pu_spent": 0.6933333539962768}}, {"type": "Feature", "id": "8J2R4Q29+XVQ3", "geometry": {"type": "MultiPolygon", "coordinates": [[[[76.77024949999999, 30.102687999999997], [76.76922309999999, 30.1027379], [76.7692137, 30.1022057], [76.7695043, 30.102210799999998], [76.76985669999999, 30.102187999999998], [76.7702509, 30.102182699999997], [76.77024949999999, 30.102687999999997]]]]}, "properties": {"field_id": "8J2R4Q29+XVQ3", "centroid_lat": 30.102414, "centroid_lon": 76.769793, "area_sqm": 5700.7942, "source_cell": "390e36f4", "ndvi_apr": 0.7779626872804429, "ndvi_may": 0.707208186512192, "ndvi_june": 0.4204381480502585, "ndvi_apr_june_change": 0.35752453923018446, "ndre_apr": 0.5420852300193575, "ndre_may": 0.50696189062049, "ndre_june": 0.23226809799671172, "ndwi_apr": 0.29004943699368996, "ndwi_may": 0.2916862622601911, "ndwi_june": 0.12172301462475538, "ndyi_apr": 0.34523162618279457, "ndyi_may": 0.1976328852586448, "ndyi_june": 0.19075125980501373, "valid_pixel_fraction": 0.85, "baseline_rule_pass": false, "sunflower_candidate_score": 0.6399, "candidate_tier": "D", "training_label": "NON_SUNFLOWER_TEMPORAL_NEGATIVE", "label_method": "cofounder_green_to_brown_temporal_heuristic", "label_provenance": "Weak label derived from the co-founder's Google Earth field observation (Delhi->Chandigarh drive, 2026-05-09, large sunflower areas in full bloom near Kurukshetra-Karnal) and her resulting Sentinel-2 temporal hypothesis (April green -> May flowering-period green -> June harvested/brown/ploughed). NOT independently confirmed sunflower ground truth. NOT derived from or cross-checked against AMED crop labels.", "real_pu_spent": 0.6933333539962768}}, {"type": "Feature", "id": "8J2R4R64+58GC", "geometry": {"type": "MultiPolygon", "coordinates": [[[[76.80585700000002, 30.110422500000002], [76.80585769999999, 30.110458599999994], [76.8057955, 30.110459400000003], [76.8057637, 30.110423799999992], [76.80585700000002, 30.110422500000002]]]]}, "properties": {"field_id": "8J2R4R64+58GC", "centroid_lat": 30.110437, "centroid_lon": 76.805826, "area_sqm": 30.0349, "source_cell": "390e363c", "ndvi_apr": 0.2550549308458964, "ndvi_may": 0.19732388108968735, "ndvi_june": 0.18330647548039755, "ndvi_apr_june_change": 0.07174845536549887, "ndre_apr": 0.18017675479253134, "ndre_may": 0.12165645137429237, "ndre_june": 0.07768421123425166, "ndwi_apr": -0.07386214037736256, "ndwi_may": -0.14410819858312607, "ndwi_june": -0.08498543128371239, "ndyi_apr": 0.1837855726480484, "ndyi_may": 0.11720408871769905, "ndyi_june": 0.14730979750553766, "valid_pixel_fraction": 0.767, "baseline_rule_pass": false, "sunflower_candidate_score": 0.2855, "candidate_tier": "D", "training_label": "NON_SUNFLOWER_TEMPORAL_NEGATIVE", "label_method": "cofounder_green_to_brown_temporal_heuristic", "label_provenance": "Weak label derived from the co-founder's Google Earth field observation (Delhi->Chandigarh drive, 2026-05-09, large sunflower areas in full bloom near Kurukshetra-Karnal) and her resulting Sentinel-2 temporal hypothesis (April green -> May flowering-period green -> June harvested/brown/ploughed). NOT independently confirmed sunflower ground truth. NOT derived from or cross-checked against AMED crop labels.", "real_pu_spent": 0.6933333539962768}}, {"type": "Feature", "id": "8J2R4R55+CC5R", "geometry": {"type": "MultiPolygon", "coordinates": [[[[76.8084638, 30.1082574], [76.8089306, 30.108250899999998], [76.8089296, 30.108765199999993], [76.8086811, 30.1087957], [76.80827649999999, 30.108801300000003], [76.80825659999999, 30.108278300000002], [76.8084638, 30.1082574]]]]}, "properties": {"field_id": "8J2R4R55+CC5R", "centroid_lat": 30.108487, "centroid_lon": 76.808572, "area_sqm": 3787.8895, "source_cell": "390e363c", "ndvi_apr": 0.18234250184010573, "ndvi_may": 0.1420839072929488, "ndvi_june": 0.07199384134124825, "ndvi_apr_june_change": 0.11034866049885747, "ndre_apr": 0.09435050644808345, "ndre_may": 0.08233065535831784, "ndre_june": 0.022594945273508693, "ndwi_apr": -0.11266150560092043, "ndwi_may": -0.11430620319313474, "ndwi_june": -0.11062413661016357, "ndyi_apr": 0.18190563428733086, "ndyi_may": 0.13563551557146838, "ndyi_june": 0.13420321882047037, "valid_pixel_fraction": 0.767, "baseline_rule_pass": false, "sunflower_candidate_score": 0.3579, "candidate_tier": "D", "training_label": "NON_SUNFLOWER_TEMPORAL_NEGATIVE", "label_method": "cofounder_green_to_brown_temporal_heuristic", "label_provenance": "Weak label derived from the co-founder's Google Earth field observation (Delhi->Chandigarh drive, 2026-05-09, large sunflower areas in full bloom near Kurukshetra-Karnal) and her resulting Sentinel-2 temporal hypothesis (April green -> May flowering-period green -> June harvested/brown/ploughed). NOT independently confirmed sunflower ground truth. NOT derived from or cross-checked against AMED crop labels.", "real_pu_spent": 0.6933333539962768}}, {"type": "Feature", "id": "8J2R4R55+FVMH", "geometry": {"type": "MultiPolygon", "coordinates": [[[[76.81028409999999, 30.10735709999999], [76.8103106, 30.107672599999997], [76.81033169999999, 30.107690299999998], [76.8107154, 30.107676], [76.8107287, 30.1078382], [76.8108099, 30.1083063], [76.8107485, 30.108352199999995], [76.81063499999999, 30.108389900000002], [76.8105831, 30.1083906], [76.810457, 30.1083021], [76.8103628, 30.1082583], [76.8103514, 30.10820429999999], [76.8103307, 30.108204599999993], [76.8103155, 30.1085116], [76.8103452, 30.109566699999995], [76.810327, 30.1097113], [76.80968349999999, 30.109702199999997], [76.80965929999999, 30.10837619999999], [76.8096386, 30.108376499999995], [76.80968179999999, 30.1107488], [76.8093839, 30.110915300000002], [76.80908529999999, 30.1110457], [76.8089992, 30.1108755], [76.80898060000001, 30.1104246], [76.80894839999999, 30.108656699999997], [76.8089514, 30.107682299999997], [76.8096154, 30.107673099999992], [76.809646, 30.10764559999999], [76.8096264, 30.107140699999995], [76.8096363, 30.107113499999997], [76.809617, 30.10662649999999], [76.810063, 30.1066113], [76.81028119999999, 30.1066264], [76.81028409999999, 30.10735709999999]]]]}, "properties": {"field_id": "8J2R4R55+FVMH", "centroid_lat": 30.108413, "centroid_lon": 76.809983, "area_sqm": 48909.1343, "source_cell": "390e363c", "ndvi_apr": 0.15891623089421356, "ndvi_may": 0.11078267694808858, "ndvi_june": 0.07875175923719763, "ndvi_apr_june_change": 0.08016447165701593, "ndre_apr": 0.0865293884242455, "ndre_may": 0.05588420616265195, "ndre_june": 0.03214257426768829, "ndwi_apr": -0.10131085120882555, "ndwi_may": -0.08792036174726969, "ndwi_june": -0.07598866793029034, "ndyi_apr": 0.1690288486810764, "ndyi_may": 0.13068515252328738, "ndyi_june": 0.13898291077824457, "valid_pixel_fraction": 0.767, "baseline_rule_pass": false, "sunflower_candidate_score": 0.3246, "candidate_tier": "D", "training_label": "NON_SUNFLOWER_TEMPORAL_NEGATIVE", "label_method": "cofounder_green_to_brown_temporal_heuristic", "label_provenance": "Weak label derived from the co-founder's Google Earth field observation (Delhi->Chandigarh drive, 2026-05-09, large sunflower areas in full bloom near Kurukshetra-Karnal) and her resulting Sentinel-2 temporal hypothesis (April green -> May flowering-period green -> June harvested/brown/ploughed). NOT independently confirmed sunflower ground truth. NOT derived from or cross-checked against AMED crop labels.", "real_pu_spent": 0.6933333539962768}}, {"type": "Feature", "id": "8J2R4V65+JJ5G", "geometry": {"type": "MultiPolygon", "coordinates": [[[[76.85915279999999, 30.11145610000001], [76.8591446, 30.111573500000006], [76.85908239999999, 30.1115744], [76.8590802, 30.111457200000004], [76.85915279999999, 30.11145610000001]]]]}, "properties": {"field_id": "8J2R4V65+JJ5G", "centroid_lat": 30.111503, "centroid_lon": 76.859123, "area_sqm": 84.5944, "source_cell": "390e49bc", "ndvi_apr": 0.16690121839443842, "ndvi_may": 0.15109905302524568, "ndvi_june": 0.1285849343985319, "ndvi_apr_june_change": 0.0383162839959065, "ndre_apr": 0.07690323020021121, "ndre_may": 0.07833172976970673, "ndre_june": 0.062325109262019396, "ndwi_apr": -0.08042196184396744, "ndwi_may": -0.04038740787655115, "ndwi_june": 0.032567860558629036, "ndyi_apr": 0.1604855259259542, "ndyi_may": 0.1693397969007492, "ndyi_june": 0.12750361114740372, "valid_pixel_fraction": 0.917, "baseline_rule_pass": false, "sunflower_candidate_score": 0.2909, "candidate_tier": "D", "training_label": "NON_SUNFLOWER_TEMPORAL_NEGATIVE", "label_method": "cofounder_green_to_brown_temporal_heuristic", "label_provenance": "Weak label derived from the co-founder's Google Earth field observation (Delhi->Chandigarh drive, 2026-05-09, large sunflower areas in full bloom near Kurukshetra-Karnal) and her resulting Sentinel-2 temporal hypothesis (April green -> May flowering-period green -> June harvested/brown/ploughed). NOT independently confirmed sunflower ground truth. NOT derived from or cross-checked against AMED crop labels.", "real_pu_spent": 0.6933333539962768}}, {"type": "Feature", "id": "8J2R4V44+X33Q", "geometry": {"type": "MultiPolygon", "coordinates": [[[[76.8555439, 30.1071405], [76.8555428, 30.107636699999997], [76.8548373, 30.1076467], [76.8548177, 30.1071507], [76.8555439, 30.1071405]]]]}, "properties": {"field_id": "8J2R4V44+X33Q", "centroid_lat": 30.107343, "centroid_lon": 76.855257, "area_sqm": 3799.2551, "source_cell": "390e49bc", "ndvi_apr": 0.16123952468236288, "ndvi_may": 0.11595252559830746, "ndvi_june": 0.12538368452251666, "ndvi_apr_june_change": 0.03585584015984622, "ndre_apr": 0.09797290239542249, "ndre_may": 0.06973496079444885, "ndre_june": 0.03748224767193841, "ndwi_apr": -0.07811683442975793, "ndwi_may": -0.06025935493276588, "ndwi_june": 0.05208641661253448, "ndyi_apr": 0.17053186769286796, "ndyi_may": 0.1294414568248959, "ndyi_june": 0.14235282875597477, "valid_pixel_fraction": 0.85, "baseline_rule_pass": false, "sunflower_candidate_score": 0.2769, "candidate_tier": "D", "training_label": "NON_SUNFLOWER_TEMPORAL_NEGATIVE", "label_method": "cofounder_green_to_brown_temporal_heuristic", "label_provenance": "Weak label derived from the co-founder's Google Earth field observation (Delhi->Chandigarh drive, 2026-05-09, large sunflower areas in full bloom near Kurukshetra-Karnal) and her resulting Sentinel-2 temporal hypothesis (April green -> May flowering-period green -> June harvested/brown/ploughed). NOT independently confirmed sunflower ground truth. NOT derived from or cross-checked against AMED crop labels.", "real_pu_spent": 0.6933333539962768}}, {"type": "Feature", "id": "8J2R4V83+C4XW", "geometry": {"type": "MultiPolygon", "coordinates": [[[[76.85337369999999, 30.1159586], [76.8534437, 30.1163727], [76.8528522, 30.116371999999995], [76.8528212, 30.116381500000003], [76.8523232, 30.116388499999996], [76.85230340000001, 30.115883500000006], [76.8532887, 30.11585159999999], [76.8533719, 30.1158594], [76.85337369999999, 30.1159586]]]]}, "properties": {"field_id": "8J2R4V83+C4XW", "centroid_lat": 30.116114, "centroid_lon": 76.853017, "area_sqm": 5961.6789, "source_cell": "390e49bc", "ndvi_apr": 0.619136348667771, "ndvi_may": 0.7582161135294222, "ndvi_june": 0.6636201897353837, "ndvi_apr_june_change": -0.04448384106761272, "ndre_apr": 0.40822033004628294, "ndre_may": 0.5643070370636203, "ndre_june": 0.4482531942088495, "ndwi_apr": 0.18841302552909564, "ndwi_may": 0.3348755141381512, "ndwi_june": 0.3125898688184944, "ndyi_apr": 0.2570247515433967, "ndyi_may": 0.22245581470655673, "ndyi_june": 0.21941535510687213, "valid_pixel_fraction": 0.85, "baseline_rule_pass": false, "sunflower_candidate_score": 0.4365, "candidate_tier": "C", "training_label": "UNCERTAIN", "label_method": "cofounder_green_to_brown_temporal_heuristic", "label_provenance": "Weak label derived from the co-founder's Google Earth field observation (Delhi->Chandigarh drive, 2026-05-09, large sunflower areas in full bloom near Kurukshetra-Karnal) and her resulting Sentinel-2 temporal hypothesis (April green -> May flowering-period green -> June harvested/brown/ploughed). NOT independently confirmed sunflower ground truth. NOT derived from or cross-checked against AMED crop labels.", "real_pu_spent": 0.6933333539962768}}, {"type": "Feature", "id": "8J2R4W53+F3H5", "geometry": {"type": "MultiPolygon", "coordinates": [[[[76.9027347, 30.108639500000006], [76.9027656, 30.10863], [76.9027777, 30.108720099999996], [76.9027258, 30.1087208], [76.90272379999999, 30.108612599999997], [76.9027347, 30.108639500000006]]]]}, "properties": {"field_id": "8J2R4W53+F3H5", "centroid_lat": 30.10866, "centroid_lon": 76.902744, "area_sqm": 44.0475, "source_cell": "390e4924", "ndvi_apr": 0.45014992356300354, "ndvi_may": 0.41020542979240415, "ndvi_june": 0.3917683884501457, "ndvi_apr_june_change": 0.05838153511285782, "ndre_apr": 0.2744307219982147, "ndre_may": 0.2805271565914154, "ndre_june": 0.28106921538710594, "ndwi_apr": -0.0273353336378932, "ndwi_may": 0.049607012793421744, "ndwi_june": 0.08982301969081163, "ndyi_apr": 0.2223558947443962, "ndyi_may": 0.11443066895008087, "ndyi_june": 0.15967502258718014, "valid_pixel_fraction": 0.833, "baseline_rule_pass": false, "sunflower_candidate_score": 0.3383, "candidate_tier": "D", "training_label": "NON_SUNFLOWER_TEMPORAL_NEGATIVE", "label_method": "cofounder_green_to_brown_temporal_heuristic", "label_provenance": "Weak label derived from the co-founder's Google Earth field observation (Delhi->Chandigarh drive, 2026-05-09, large sunflower areas in full bloom near Kurukshetra-Karnal) and her resulting Sentinel-2 temporal hypothesis (April green -> May flowering-period green -> June harvested/brown/ploughed). NOT independently confirmed sunflower ground truth. NOT derived from or cross-checked against AMED crop labels.", "real_pu_spent": 0.6933333539962768}}, {"type": "Feature", "id": "8J2R4V2X+32RF", "geometry": {"type": "MultiPolygon", "coordinates": [[[[76.89784449999999, 30.1003559], [76.8971701, 30.100356599999998], [76.8971656, 30.1001221], [76.8977361, 30.1001139], [76.8978395, 30.1000944], [76.89784999999999, 30.100103199999992], [76.89784449999999, 30.1003559]]]]}, "properties": {"field_id": "8J2R4V2X+32RF", "centroid_lat": 30.100215, "centroid_lon": 76.897636, "area_sqm": 1748.8975, "source_cell": "390e4924", "ndvi_apr": 0.19845692363996356, "ndvi_may": 0.20723482322125206, "ndvi_june": 0.18277250044047832, "ndvi_apr_june_change": 0.015684423199485237, "ndre_apr": 0.12319281472573206, "ndre_may": 0.12085851517018109, "ndre_june": 0.1255307770555928, "ndwi_apr": -0.059720916998764834, "ndwi_may": -0.0735444752339806, "ndwi_june": -0.018253771643642155, "ndyi_apr": 0.20866219746688053, "ndyi_may": 0.17770699817509877, "ndyi_june": 0.11915393501874946, "valid_pixel_fraction": 0.917, "baseline_rule_pass": false, "sunflower_candidate_score": 0.2584, "candidate_tier": "D", "training_label": "NON_SUNFLOWER_TEMPORAL_NEGATIVE", "label_method": "cofounder_green_to_brown_temporal_heuristic", "label_provenance": "Weak label derived from the co-founder's Google Earth field observation (Delhi->Chandigarh drive, 2026-05-09, large sunflower areas in full bloom near Kurukshetra-Karnal) and her resulting Sentinel-2 temporal hypothesis (April green -> May flowering-period green -> June harvested/brown/ploughed). NOT independently confirmed sunflower ground truth. NOT derived from or cross-checked against AMED crop labels.", "real_pu_spent": 0.6933333539962768}}, {"type": "Feature", "id": "8J2R4W33+6656", "geometry": {"type": "MultiPolygon", "coordinates": [[[[76.9033894, 30.102738699999996], [76.9033994, 30.1032618], [76.9027978, 30.10327049999999], [76.90279810000001, 30.102747200000003], [76.9033894, 30.102738699999996]]]]}, "properties": {"field_id": "8J2R4W33+6656", "centroid_lat": 30.102951, "centroid_lon": 76.903155, "area_sqm": 3338.6043, "source_cell": "390e4924", "ndvi_apr": 0.1206301995035675, "ndvi_may": 0.10550365271046755, "ndvi_june": 0.06643933216454806, "ndvi_apr_june_change": 0.05419086733901944, "ndre_apr": 0.05203355580495015, "ndre_may": 0.04966208011036441, "ndre_june": 0.02134397012802462, "ndwi_apr": -0.11637882170853792, "ndwi_may": -0.12500053219911125, "ndwi_june": -0.12976349779853114, "ndyi_apr": 0.1679638006069042, "ndyi_may": 0.10919663692928022, "ndyi_june": 0.10703339524291179, "valid_pixel_fraction": 0.767, "baseline_rule_pass": false, "sunflower_candidate_score": 0.3089, "candidate_tier": "D", "training_label": "NON_SUNFLOWER_TEMPORAL_NEGATIVE", "label_method": "cofounder_green_to_brown_temporal_heuristic", "label_provenance": "Weak label derived from the co-founder's Google Earth field observation (Delhi->Chandigarh drive, 2026-05-09, large sunflower areas in full bloom near Kurukshetra-Karnal) and her resulting Sentinel-2 temporal hypothesis (April green -> May flowering-period green -> June harvested/brown/ploughed). NOT independently confirmed sunflower ground truth. NOT derived from or cross-checked against AMED crop labels.", "real_pu_spent": 0.6933333539962768}}, {"type": "Feature", "id": "8J2R3VXX+FHCG", "geometry": {"type": "MultiPolygon", "coordinates": [[[[76.8992596, 30.098937100000004], [76.8985335, 30.0989476], [76.8985342, 30.098442300000002], [76.8992394, 30.0984231], [76.8992596, 30.098937100000004]]]]}, "properties": {"field_id": "8J2R3VXX+FHCG", "centroid_lat": 30.098737, "centroid_lon": 76.898965, "area_sqm": 3902.7307, "source_cell": "390e4924", "ndvi_apr": 0.2222028203190319, "ndvi_may": 0.17950226379824535, "ndvi_june": 0.1993838698255995, "ndvi_apr_june_change": 0.02281895049343241, "ndre_apr": 0.14393968865393647, "ndre_may": 0.10195448568889073, "ndre_june": 0.10445201683329237, "ndwi_apr": -0.05514827843488468, "ndwi_may": -0.12672428306679995, "ndwi_june": -0.08059337610484256, "ndyi_apr": 0.24030535999271607, "ndyi_may": 0.11250475226413634, "ndyi_june": 0.1436191083718433, "valid_pixel_fraction": 0.85, "baseline_rule_pass": false, "sunflower_candidate_score": 0.244, "candidate_tier": "D", "training_label": "NON_SUNFLOWER_TEMPORAL_NEGATIVE", "label_method": "cofounder_green_to_brown_temporal_heuristic", "label_provenance": "Weak label derived from the co-founder's Google Earth field observation (Delhi->Chandigarh drive, 2026-05-09, large sunflower areas in full bloom near Kurukshetra-Karnal) and her resulting Sentinel-2 temporal hypothesis (April green -> May flowering-period green -> June harvested/brown/ploughed). NOT independently confirmed sunflower ground truth. NOT derived from or cross-checked against AMED crop labels.", "real_pu_spent": 0.6933333539962768}}, {"type": "Feature", "id": "8J2R4V4X+2667", "geometry": {"type": "MultiPolygon", "coordinates": [[[[76.89866260000001, 30.1040702], [76.8986506, 30.1050718], [76.89861259999999, 30.105252800000002], [76.8985325, 30.105407300000003], [76.8984917, 30.105444], [76.8984941, 30.1055703], [76.89851589999999, 30.1056241], [76.8985579, 30.1056505], [76.89855949999999, 30.105731699999996], [76.898592, 30.105803400000003], [76.898583, 30.105875699999995], [76.8984704, 30.1059586], [76.8983051, 30.105997000000002], [76.8976212, 30.106043], [76.8973098, 30.1060385], [76.89731549999999, 30.105794799999998], [76.89732529999999, 30.105767600000004], [76.8973231, 30.105650299999997], [76.8973504, 30.105451499999994], [76.89733489999999, 30.1046397], [76.8973094, 30.104387499999998], [76.89797329999999, 30.104377900000003], [76.8979935, 30.104350499999992], [76.89797399999999, 30.103872599999995], [76.8986482, 30.103862900000003], [76.89866260000001, 30.1040702]]]]}, "properties": {"field_id": "8J2R4V4X+2667", "centroid_lat": 30.105222, "centroid_lon": 76.898122, "area_sqm": 25858.0204, "source_cell": "390e4924", "ndvi_apr": 0.46099198280835885, "ndvi_may": 0.4659492628929822, "ndvi_june": 0.33057948445469937, "ndvi_apr_june_change": 0.13041249835365948, "ndre_apr": 0.29437301716626546, "ndre_may": 0.3124151396103868, "ndre_june": 0.18675714688697104, "ndwi_apr": 0.09362958934229552, "ndwi_may": 0.12214023593352932, "ndwi_june": 0.08937617812339073, "ndyi_apr": 0.29384180840899904, "ndyi_may": 0.2664154640407367, "ndyi_june": 0.18335366957289215, "valid_pixel_fraction": 0.917, "baseline_rule_pass": false, "sunflower_candidate_score": 0.3946, "candidate_tier": "C", "training_label": "UNCERTAIN", "label_method": "cofounder_green_to_brown_temporal_heuristic", "label_provenance": "Weak label derived from the co-founder's Google Earth field observation (Delhi->Chandigarh drive, 2026-05-09, large sunflower areas in full bloom near Kurukshetra-Karnal) and her resulting Sentinel-2 temporal hypothesis (April green -> May flowering-period green -> June harvested/brown/ploughed). NOT independently confirmed sunflower ground truth. NOT derived from or cross-checked against AMED crop labels.", "real_pu_spent": 0.6933333539962768}}, {"type": "Feature", "id": "8J2R4W3W+C76V", "geometry": {"type": "MultiPolygon", "coordinates": [[[[76.94574469999999, 30.1032728], [76.9457599, 30.103516199999998], [76.9457827, 30.1036241], [76.9457863, 30.103804499999992], [76.9455164, 30.103799499999997], [76.9455061, 30.1032763], [76.94574469999999, 30.1032728]]]]}, "properties": {"field_id": "8J2R4W3W+C76V", "centroid_lat": 30.103509, "centroid_lon": 76.945692, "area_sqm": 1443.0035, "source_cell": "390e4ee4", "ndvi_apr": 0.16123983843459022, "ndvi_may": 0.1873056436371472, "ndvi_june": 0.13865121743745276, "ndvi_apr_june_change": 0.02258862099713746, "ndre_apr": 0.09877975993893214, "ndre_may": 0.1004039735481557, "ndre_june": 0.06681041133210613, "ndwi_apr": -0.056678864509902074, "ndwi_may": -0.11211002194451997, "ndwi_june": -0.13063354955779183, "ndyi_apr": 0.1801224760711193, "ndyi_may": 0.13361477189593846, "ndyi_june": 0.1287482226336444, "valid_pixel_fraction": 0.683, "baseline_rule_pass": false, "sunflower_candidate_score": 0.2574, "candidate_tier": "D", "training_label": "NON_SUNFLOWER_TEMPORAL_NEGATIVE", "label_method": "cofounder_green_to_brown_temporal_heuristic", "label_provenance": "Weak label derived from the co-founder's Google Earth field observation (Delhi->Chandigarh drive, 2026-05-09, large sunflower areas in full bloom near Kurukshetra-Karnal) and her resulting Sentinel-2 temporal hypothesis (April green -> May flowering-period green -> June harvested/brown/ploughed). NOT independently confirmed sunflower ground truth. NOT derived from or cross-checked against AMED crop labels.", "real_pu_spent": 0.6933333539962768}}, {"type": "Feature", "id": "8J2R4W4W+FQFV", "geometry": {"type": "MultiPolygon", "coordinates": [[[[76.94733409999999, 30.1060099], [76.9472321, 30.106101699999996], [76.9471516, 30.106229199999998], [76.9468981, 30.106530599999992], [76.9466595, 30.106534199999995], [76.9466442, 30.1062818], [76.9466587, 30.1059658], [76.94737429999999, 30.105946200000005], [76.94733409999999, 30.1060099]]]]}, "properties": {"field_id": "8J2R4W4W+FQFV", "centroid_lat": 30.106179, "centroid_lon": 76.947032, "area_sqm": 2967.0869, "source_cell": "390e4ee4", "ndvi_apr": 0.6437213709860137, "ndvi_may": 0.5530634540500062, "ndvi_june": 0.2053713971617246, "ndvi_apr_june_change": 0.4383499738242891, "ndre_apr": 0.4585051344651164, "ndre_may": 0.3710076307144129, "ndre_june": 0.10754003338139467, "ndwi_apr": 0.22482156729198652, "ndwi_may": 0.20128877908626397, "ndwi_june": -0.04757421933152158, "ndyi_apr": 0.28325764112400287, "ndyi_may": 0.15908490821267618, "ndyi_june": 0.12036533386568826, "valid_pixel_fraction": 0.683, "baseline_rule_pass": true, "sunflower_candidate_score": 0.6268, "candidate_tier": "A", "training_label": "SUNFLOWER_WEAK_POSITIVE_HIGH", "label_method": "cofounder_green_to_brown_temporal_heuristic", "label_provenance": "Weak label derived from the co-founder's Google Earth field observation (Delhi->Chandigarh drive, 2026-05-09, large sunflower areas in full bloom near Kurukshetra-Karnal) and her resulting Sentinel-2 temporal hypothesis (April green -> May flowering-period green -> June harvested/brown/ploughed). NOT independently confirmed sunflower ground truth. NOT derived from or cross-checked against AMED crop labels.", "real_pu_spent": 0.6933333539962768}}, {"type": "Feature", "id": "8J2R4W5V+M7PR", "geometry": {"type": "MultiPolygon", "coordinates": [[[[76.94497059999999, 30.1087786], [76.9446851, 30.109035400000003], [76.94442169999999, 30.1093641], [76.9443301, 30.109455699999998], [76.94407679999999, 30.109766200000003], [76.943924, 30.1099128], [76.943882, 30.1098864], [76.94371249999999, 30.1097084], [76.9435544, 30.109584499999997], [76.94344029999999, 30.109586099999998], [76.94325429999999, 30.10962499999999], [76.9430575, 30.1096459], [76.94263269999999, 30.1096793], [76.9425485, 30.1096174], [76.9423614, 30.1096021], [76.9422165, 30.109622300000005], [76.9421991, 30.109794000000004], [76.9417634, 30.1098004], [76.94174579999999, 30.1094308], [76.9417643, 30.1093132], [76.9417697, 30.1090605], [76.94180589999999, 30.108789299999998], [76.94248069999999, 30.1088064], [76.9425124, 30.108833], [76.9427513, 30.1088475], [76.9431455, 30.1088417], [76.9435696, 30.108772300000002], [76.94422279999999, 30.108744599999998], [76.9443781, 30.108724199999997], [76.94488659999999, 30.108725699999997], [76.9449702, 30.1087606], [76.94497059999999, 30.1087786]]]]}, "properties": {"field_id": "8J2R4W5V+M7PR", "centroid_lat": 30.109278, "centroid_lon": 76.943313, "area_sqm": 26893.0526, "source_cell": "390e4ee4", "ndvi_apr": 0.1947067768499255, "ndvi_may": 0.28948759756982323, "ndvi_june": 0.3954189499467611, "ndvi_apr_june_change": -0.2007121730968356, "ndre_apr": 0.1131001809860269, "ndre_may": 0.1877916493080556, "ndre_june": 0.25415468358745175, "ndwi_apr": -0.07770167301855202, "ndwi_may": -0.02594638782782569, "ndwi_june": 0.10781784261688397, "ndyi_apr": 0.18616615126530334, "ndyi_may": 0.15839158720026414, "ndyi_june": 0.13174180062691454, "valid_pixel_fraction": 0.767, "baseline_rule_pass": false, "sunflower_candidate_score": 0.1972, "candidate_tier": "D", "training_label": "NON_SUNFLOWER_TEMPORAL_NEGATIVE", "label_method": "cofounder_green_to_brown_temporal_heuristic", "label_provenance": "Weak label derived from the co-founder's Google Earth field observation (Delhi->Chandigarh drive, 2026-05-09, large sunflower areas in full bloom near Kurukshetra-Karnal) and her resulting Sentinel-2 temporal hypothesis (April green -> May flowering-period green -> June harvested/brown/ploughed). NOT independently confirmed sunflower ground truth. NOT derived from or cross-checked against AMED crop labels.", "real_pu_spent": 0.6933333539962768}}, {"type": "Feature", "id": "8J2R4X8M+QC6C", "geometry": {"type": "MultiPolygon", "coordinates": [[[[76.983527, 30.116934900000004], [76.98346459999999, 30.1169268], [76.983526, 30.116880799999997], [76.983527, 30.116934900000004]]]]}, "properties": {"field_id": "8J2R4X8M+QC6C", "centroid_lat": 30.116919, "centroid_lon": 76.983511, "area_sqm": 18.0181, "source_cell": "390e4e4c", "ndvi_apr": 0.3502459079027176, "ndvi_may": 0.3359288513660431, "ndvi_june": 0.17370165139436722, "ndvi_apr_june_change": 0.17654425650835037, "ndre_apr": 0.2941028028726578, "ndre_may": 0.23605839312076568, "ndre_june": 0.10553771071135998, "ndwi_apr": 0.06592521443963051, "ndwi_may": 0.029903926234692336, "ndwi_june": -0.03583551663905382, "ndyi_apr": 0.2457384318113327, "ndyi_may": 0.30988157689571383, "ndyi_june": 0.14005083218216896, "valid_pixel_fraction": 0.833, "baseline_rule_pass": false, "sunflower_candidate_score": 0.4069, "candidate_tier": "C", "training_label": "UNCERTAIN", "label_method": "cofounder_green_to_brown_temporal_heuristic", "label_provenance": "Weak label derived from the co-founder's Google Earth field observation (Delhi->Chandigarh drive, 2026-05-09, large sunflower areas in full bloom near Kurukshetra-Karnal) and her resulting Sentinel-2 temporal hypothesis (April green -> May flowering-period green -> June harvested/brown/ploughed). NOT independently confirmed sunflower ground truth. NOT derived from or cross-checked against AMED crop labels.", "real_pu_spent": 0.6933333539962768}}, {"type": "Feature", "id": "8J2R4X6M+G36J", "geometry": {"type": "MultiPolygon", "coordinates": [[[[76.98294059999999, 30.1114766], [76.9821522, 30.1114885], [76.9820792, 30.111471599999998], [76.9822427, 30.1113428], [76.9825195, 30.1111762], [76.98276489999999, 30.1109921], [76.9828266, 30.110964100000004], [76.98292, 30.1109627], [76.98294059999999, 30.1114766]]]]}, "properties": {"field_id": "8J2R4X6M+G36J", "centroid_lat": 30.111261, "centroid_lon": 76.982598, "area_sqm": 2745.2653, "source_cell": "390e4e4c", "ndvi_apr": 0.6219166951144443, "ndvi_may": 0.4921566707246444, "ndvi_june": 0.15517868271426244, "ndvi_apr_june_change": 0.4667380124001818, "ndre_apr": 0.377632239504772, "ndre_may": 0.2817481037886703, "ndre_june": 0.0858915926724234, "ndwi_apr": 0.14030360318172508, "ndwi_may": 0.061575244263033645, "ndwi_june": -0.06424775999724207, "ndyi_apr": 0.33402753084459724, "ndyi_may": 0.2819242279319202, "ndyi_june": 0.08250129483948353, "valid_pixel_fraction": 0.833, "baseline_rule_pass": true, "sunflower_candidate_score": 0.6761, "candidate_tier": "A", "training_label": "SUNFLOWER_WEAK_POSITIVE_HIGH", "label_method": "cofounder_green_to_brown_temporal_heuristic", "label_provenance": "Weak label derived from the co-founder's Google Earth field observation (Delhi->Chandigarh drive, 2026-05-09, large sunflower areas in full bloom near Kurukshetra-Karnal) and her resulting Sentinel-2 temporal hypothesis (April green -> May flowering-period green -> June harvested/brown/ploughed). NOT independently confirmed sunflower ground truth. NOT derived from or cross-checked against AMED crop labels.", "real_pu_spent": 0.6933333539962768}}, {"type": "Feature", "id": "8J2R4X7J+R678", "geometry": {"type": "MultiPolygon", "coordinates": [[[[76.9806096, 30.1142634], [76.9809006, 30.114286099999998], [76.9809207, 30.114773000000003], [76.9808173, 30.114792599999994], [76.9801947, 30.1147929], [76.9801842, 30.114269799999995], [76.9806096, 30.1142634]]]]}, "properties": {"field_id": "8J2R4X7J+R678", "centroid_lat": 30.114492, "centroid_lon": 76.980605, "area_sqm": 4022.0566, "source_cell": "390e4e4c", "ndvi_apr": 0.8217728840453284, "ndvi_may": 0.6603923404500598, "ndvi_june": 0.25491487331705037, "ndvi_apr_june_change": 0.5668580107282781, "ndre_apr": 0.5547544392091888, "ndre_may": 0.4622309844763506, "ndre_june": 0.13304022886344075, "ndwi_apr": 0.31501682280074983, "ndwi_may": 0.2557278656001602, "ndwi_june": 0.038618572666780975, "ndyi_apr": 0.43789958244278315, "ndyi_may": 0.19703553377517632, "ndyi_june": 0.13152854610580972, "valid_pixel_fraction": 0.767, "baseline_rule_pass": false, "sunflower_candidate_score": 0.7196, "candidate_tier": "B", "training_label": "SUNFLOWER_WEAK_POSITIVE_MEDIUM", "label_method": "cofounder_green_to_brown_temporal_heuristic", "label_provenance": "Weak label derived from the co-founder's Google Earth field observation (Delhi->Chandigarh drive, 2026-05-09, large sunflower areas in full bloom near Kurukshetra-Karnal) and her resulting Sentinel-2 temporal hypothesis (April green -> May flowering-period green -> June harvested/brown/ploughed). NOT independently confirmed sunflower ground truth. NOT derived from or cross-checked against AMED crop labels.", "real_pu_spent": 0.6933333539962768}}, {"type": "Feature", "id": "8J2V423H+5C8R", "geometry": {"type": "MultiPolygon", "coordinates": [[[[77.028641, 30.102902600000004], [77.0286414, 30.102920599999997], [77.0286106, 30.102939199999998], [77.0284965, 30.1029409], [77.0284856, 30.102914], [77.028641, 30.102902600000004]]]]}, "properties": {"field_id": "8J2V423H+5C8R", "centroid_lat": 30.10292, "centroid_lon": 77.028586, "area_sqm": 48.0464, "source_cell": "390e5034", "ndvi_apr": 0.5801992565393448, "ndvi_may": 0.5040626645088195, "ndvi_june": 0.6000963598489761, "ndvi_apr_june_change": -0.019897103309631348, "ndre_apr": 0.360486164689064, "ndre_may": 0.3052783563733101, "ndre_june": 0.3876947984099388, "ndwi_apr": 0.058673303574323654, "ndwi_may": 0.07787819355726242, "ndwi_june": 0.18943263590335846, "ndyi_apr": 0.33672507107257843, "ndyi_may": 0.3038629084825516, "ndyi_june": 0.20327556878328323, "valid_pixel_fraction": 0.667, "baseline_rule_pass": false, "sunflower_candidate_score": 0.3555, "candidate_tier": "C", "training_label": "UNCERTAIN", "label_method": "cofounder_green_to_brown_temporal_heuristic", "label_provenance": "Weak label derived from the co-founder's Google Earth field observation (Delhi->Chandigarh drive, 2026-05-09, large sunflower areas in full bloom near Kurukshetra-Karnal) and her resulting Sentinel-2 temporal hypothesis (April green -> May flowering-period green -> June harvested/brown/ploughed). NOT independently confirmed sunflower ground truth. NOT derived from or cross-checked against AMED crop labels.", "real_pu_spent": 0.6933333539962768}}, {"type": "Feature", "id": "8J2V422H+FQ58", "geometry": {"type": "MultiPolygon", "coordinates": [[[[77.02973089999999, 30.10089200000001], [77.0297825, 30.10138740000001], [77.02934669999999, 30.1013851], [77.0293039, 30.101322600000003], [77.02911929999999, 30.1009195], [77.02973089999999, 30.10089200000001]]]]}, "properties": {"field_id": "8J2V422H+FQ58", "centroid_lat": 30.101133, "centroid_lon": 77.029502, "area_sqm": 2741.1483, "source_cell": "390e5034", "ndvi_apr": 0.22749501919107779, "ndvi_may": 0.172117879986763, "ndvi_june": 0.1330904383212328, "ndvi_apr_june_change": 0.09440458086984499, "ndre_apr": 0.11414909795192735, "ndre_may": 0.09487790251815958, "ndre_june": 0.07380614589367596, "ndwi_apr": -0.055267897667363286, "ndwi_may": -0.10186403508497668, "ndwi_june": -0.10466665718039231, "ndyi_apr": 0.2063914407044649, "ndyi_may": 0.16160914504102294, "ndyi_june": 0.11262931781155722, "valid_pixel_fraction": 0.667, "baseline_rule_pass": false, "sunflower_candidate_score": 0.3123, "candidate_tier": "D", "training_label": "NON_SUNFLOWER_TEMPORAL_NEGATIVE", "label_method": "cofounder_green_to_brown_temporal_heuristic", "label_provenance": "Weak label derived from the co-founder's Google Earth field observation (Delhi->Chandigarh drive, 2026-05-09, large sunflower areas in full bloom near Kurukshetra-Karnal) and her resulting Sentinel-2 temporal hypothesis (April green -> May flowering-period green -> June harvested/brown/ploughed). NOT independently confirmed sunflower ground truth. NOT derived from or cross-checked against AMED crop labels.", "real_pu_spent": 0.6933333539962768}}, {"type": "Feature", "id": "8J2V425F+3GGR", "geometry": {"type": "MultiPolygon", "coordinates": [[[[77.0241269, 30.1079612], [77.0235458, 30.1079612], [77.0235088, 30.107672999999995], [77.0235043, 30.107447599999997], [77.0240951, 30.107420399999995], [77.0241269, 30.1079612]]]]}, "properties": {"field_id": "8J2V425F+3GGR", "centroid_lat": 30.107737, "centroid_lon": 77.023818, "area_sqm": 3347.2475, "source_cell": "390e5034", "ndvi_apr": 0.3354808137648635, "ndvi_may": 0.3063297857013013, "ndvi_june": 0.5258375552517397, "ndvi_apr_june_change": -0.1903567414868762, "ndre_apr": 0.15820716853098324, "ndre_may": 0.17195657541354498, "ndre_june": 0.3515334608102287, "ndwi_apr": -0.06109227165062394, "ndwi_may": -0.03699072079681274, "ndwi_june": 0.13709023491375974, "ndyi_apr": 0.26534597761929035, "ndyi_may": 0.1922032605028815, "ndyi_june": 0.18855569849687592, "valid_pixel_fraction": 0.75, "baseline_rule_pass": false, "sunflower_candidate_score": 0.2449, "candidate_tier": "D", "training_label": "NON_SUNFLOWER_TEMPORAL_NEGATIVE", "label_method": "cofounder_green_to_brown_temporal_heuristic", "label_provenance": "Weak label derived from the co-founder's Google Earth field observation (Delhi->Chandigarh drive, 2026-05-09, large sunflower areas in full bloom near Kurukshetra-Karnal) and her resulting Sentinel-2 temporal hypothesis (April green -> May flowering-period green -> June harvested/brown/ploughed). NOT independently confirmed sunflower ground truth. NOT derived from or cross-checked against AMED crop labels.", "real_pu_spent": 0.6933333539962768}}, {"type": "Feature", "id": "8J2V423J+VXJQ", "geometry": {"type": "MultiPolygon", "coordinates": [[[[77.0328036, 30.104011], [77.03283549999999, 30.104046600000004], [77.0328798, 30.10418129999999], [77.03289219999999, 30.1042803], [77.0329242, 30.104324899999995], [77.0329663, 30.10435139999999], [77.0330376, 30.1042871], [77.03308919999999, 30.1042773], [77.03311149999999, 30.104349100000004], [77.033132, 30.1043398], [77.0331324, 30.104357800000002], [77.0331633, 30.10434829999999], [77.0331637, 30.104366299999995], [77.03319479999999, 30.104365899999998], [77.0331848, 30.104384099999997], [77.0331641, 30.104384399999997], [77.0331654, 30.104447500000003], [77.0331861, 30.104447200000003], [77.0331865, 30.104465200000003], [77.03320699999999, 30.104455899999998], [77.0332076, 30.104482899999997], [77.03318680000001, 30.104483300000002], [77.0331976, 30.1045011], [77.03317679999999, 30.104501499999998], [77.0330264, 30.104756399999996], [77.0328847, 30.104929999999996], [77.03286779999999, 30.105119700000003], [77.0328893, 30.105155500000002], [77.0328904, 30.1052096], [77.0327791, 30.105346599999997], [77.0326874, 30.105429199999996], [77.0324905, 30.105441299999992], [77.0324377, 30.105397000000004], [77.0324157, 30.105334199999998], [77.0324129, 30.105198899999998], [77.0323916, 30.1051722], [77.03234979999999, 30.105154799999998], [77.03226839999999, 30.10523729999999], [77.03222989999999, 30.105382199999998], [77.0321584, 30.1054374], [77.03208579999999, 30.1054386], [77.0320247, 30.1054936], [77.03198259999999, 30.105467200000003], [77.0319184, 30.105369], [77.0316995, 30.104812999999996], [77.0316974, 30.104713799999995], [77.0317373, 30.104632], [77.0317752, 30.10446], [77.0318343, 30.104305699999994], [77.03190459999999, 30.1041874], [77.03194549999999, 30.104159700000004], [77.0320498, 30.1041851], [77.0321742, 30.1041832], [77.0322265, 30.1042004], [77.03231799999999, 30.104108799999995], [77.0324617, 30.104034399999993], [77.03263710000002, 30.103986600000002], [77.0327409, 30.103984999999998], [77.0328036, 30.104011]]]]}, "properties": {"field_id": "8J2V423J+VXJQ", "centroid_lat": 30.104642, "centroid_lon": 77.032634, "area_sqm": 16117.3595, "source_cell": "390e5034", "ndvi_apr": 0.7075703037420504, "ndvi_may": 0.6675402240704763, "ndvi_june": 0.6060264407832008, "ndvi_apr_june_change": 0.10154386295884965, "ndre_apr": 0.45830079633269827, "ndre_may": 0.4219082309056056, "ndre_june": 0.39515801341400547, "ndwi_apr": 0.17228581998402703, "ndwi_may": 0.20978032773937366, "ndwi_june": 0.21985418512131355, "ndyi_apr": 0.5063762984375663, "ndyi_may": 0.33017987748214034, "ndyi_june": 0.22215969741420086, "valid_pixel_fraction": 0.667, "baseline_rule_pass": false, "sunflower_candidate_score": 0.4764, "candidate_tier": "C", "training_label": "UNCERTAIN", "label_method": "cofounder_green_to_brown_temporal_heuristic", "label_provenance": "Weak label derived from the co-founder's Google Earth field observation (Delhi->Chandigarh drive, 2026-05-09, large sunflower areas in full bloom near Kurukshetra-Karnal) and her resulting Sentinel-2 temporal hypothesis (April green -> May flowering-period green -> June harvested/brown/ploughed). NOT independently confirmed sunflower ground truth. NOT derived from or cross-checked against AMED crop labels.", "real_pu_spent": 0.6933333539962768}}, {"type": "Feature", "id": "8J2R5Q7G+HWMW", "geometry": {"type": "MultiPolygon", "coordinates": [[[[76.7774982, 30.163824199999997], [76.7775032, 30.1641038], [76.7770986, 30.1641183], [76.7770875, 30.1640824], [76.77710379999999, 30.163829499999995], [76.7774982, 30.163824199999997]]]]}, "properties": {"field_id": "8J2R5Q7G+HWMW", "centroid_lat": 30.163964, "centroid_lon": 76.777298, "area_sqm": 1231.9464, "source_cell": "390e344c", "ndvi_apr": 0.7203856971528796, "ndvi_may": 0.7356776781380177, "ndvi_june": 0.6176111325621604, "ndvi_apr_june_change": 0.10277456459071921, "ndre_apr": 0.506883732146687, "ndre_may": 0.5329832981030145, "ndre_june": 0.40055110553900397, "ndwi_apr": 0.2298051379621029, "ndwi_may": 0.3059334621454279, "ndwi_june": 0.26352880972748, "ndyi_apr": 0.27727368101477623, "ndyi_may": 0.20960668846964836, "ndyi_june": 0.19742058698708811, "valid_pixel_fraction": 0.85, "baseline_rule_pass": false, "sunflower_candidate_score": 0.5129, "candidate_tier": "C", "training_label": "UNCERTAIN", "label_method": "cofounder_green_to_brown_temporal_heuristic", "label_provenance": "Weak label derived from the co-founder's Google Earth field observation (Delhi->Chandigarh drive, 2026-05-09, large sunflower areas in full bloom near Kurukshetra-Karnal) and her resulting Sentinel-2 temporal hypothesis (April green -> May flowering-period green -> June harvested/brown/ploughed). NOT independently confirmed sunflower ground truth. NOT derived from or cross-checked against AMED crop labels.", "real_pu_spent": 0.6933333539962768}}, {"type": "Feature", "id": "8J2R5Q3F+FQXR", "geometry": {"type": "MultiPolygon", "coordinates": [[[[76.7742827, 30.153564299999996], [76.7748227, 30.1535751], [76.7748288, 30.153917800000002], [76.7741336, 30.1539362], [76.7741167, 30.153575600000003], [76.7742827, 30.153564299999996]]]]}, "properties": {"field_id": "8J2R5Q3F+FQXR", "centroid_lat": 30.153689, "centroid_lon": 76.774411, "area_sqm": 2677.6551, "source_cell": "390e344c", "ndvi_apr": 0.7527547450292679, "ndvi_may": 0.7080505399831704, "ndvi_june": 0.5384998675435781, "ndvi_apr_june_change": 0.21425487748568972, "ndre_apr": 0.5345341038136254, "ndre_may": 0.5255092762942826, "ndre_june": 0.3236278336761253, "ndwi_apr": 0.2847470687258811, "ndwi_may": 0.32704344578087335, "ndwi_june": 0.2484053997322917, "ndyi_apr": 0.29410569476229803, "ndyi_may": 0.20746071696547524, "ndyi_june": 0.19066363819209592, "valid_pixel_fraction": 0.85, "baseline_rule_pass": false, "sunflower_candidate_score": 0.5698, "candidate_tier": "C", "training_label": "UNCERTAIN", "label_method": "cofounder_green_to_brown_temporal_heuristic", "label_provenance": "Weak label derived from the co-founder's Google Earth field observation (Delhi->Chandigarh drive, 2026-05-09, large sunflower areas in full bloom near Kurukshetra-Karnal) and her resulting Sentinel-2 temporal hypothesis (April green -> May flowering-period green -> June harvested/brown/ploughed). NOT independently confirmed sunflower ground truth. NOT derived from or cross-checked against AMED crop labels.", "real_pu_spent": 0.6933333539962768}}, {"type": "Feature", "id": "8J2R5Q69+FJW8", "geometry": {"type": "MultiPolygon", "coordinates": [[[[76.76941, 30.161506499999998], [76.7687457, 30.1615155], [76.76874629999999, 30.1609651], [76.7694104, 30.160947099999998], [76.76941, 30.161506499999998]]]]}, "properties": {"field_id": "8J2R5Q69+FJW8", "centroid_lat": 30.161288, "centroid_lon": 76.769144, "area_sqm": 3940.1543, "source_cell": "390e344c", "ndvi_apr": 0.8070290375638892, "ndvi_may": 0.6820234027173784, "ndvi_june": 0.1556551961435212, "ndvi_apr_june_change": 0.651373841420368, "ndre_apr": 0.5792036459401803, "ndre_may": 0.46996551524433827, "ndre_june": 0.078796000750218, "ndwi_apr": 0.34369757164407666, "ndwi_may": 0.3060717603398694, "ndwi_june": -0.02207301061328811, "ndyi_apr": 0.3437167502663754, "ndyi_may": 0.19536436897599035, "ndyi_june": 0.12368499935190709, "valid_pixel_fraction": 0.85, "baseline_rule_pass": true, "sunflower_candidate_score": 0.8444, "candidate_tier": "A", "training_label": "SUNFLOWER_WEAK_POSITIVE_HIGH", "label_method": "cofounder_green_to_brown_temporal_heuristic", "label_provenance": "Weak label derived from the co-founder's Google Earth field observation (Delhi->Chandigarh drive, 2026-05-09, large sunflower areas in full bloom near Kurukshetra-Karnal) and her resulting Sentinel-2 temporal hypothesis (April green -> May flowering-period green -> June harvested/brown/ploughed). NOT independently confirmed sunflower ground truth. NOT derived from or cross-checked against AMED crop labels.", "real_pu_spent": 0.6933333539962768}}, {"type": "Feature", "id": "8J2R5R63+6QJ3", "geometry": {"type": "MultiPolygon", "coordinates": [[[[76.80441350000001, 30.1605606], [76.8044142, 30.160596700000003], [76.8043726, 30.16059719999999], [76.8043616, 30.160561299999998], [76.80441350000001, 30.1605606]]]]}, "properties": {"field_id": "8J2R5R63+6QJ3", "centroid_lat": 30.160575, "centroid_lon": 76.804395, "area_sqm": 18.0208, "source_cell": "390e3594", "ndvi_apr": 0.7108229200045267, "ndvi_may": 0.5746384561061859, "ndvi_june": 0.19519615670045218, "ndvi_apr_june_change": 0.5156267633040745, "ndre_apr": 0.5530728499094645, "ndre_may": 0.4247051998972893, "ndre_june": 0.19165011743704477, "ndwi_apr": 0.27704604466756183, "ndwi_may": 0.21646413579583168, "ndwi_june": -0.003997619263827801, "ndyi_apr": 0.28795957565307617, "ndyi_may": 0.16982224956154823, "ndyi_june": 0.1281359096368154, "valid_pixel_fraction": 0.767, "baseline_rule_pass": true, "sunflower_candidate_score": 0.7054, "candidate_tier": "A", "training_label": "SUNFLOWER_WEAK_POSITIVE_HIGH", "label_method": "cofounder_green_to_brown_temporal_heuristic", "label_provenance": "Weak label derived from the co-founder's Google Earth field observation (Delhi->Chandigarh drive, 2026-05-09, large sunflower areas in full bloom near Kurukshetra-Karnal) and her resulting Sentinel-2 temporal hypothesis (April green -> May flowering-period green -> June harvested/brown/ploughed). NOT independently confirmed sunflower ground truth. NOT derived from or cross-checked against AMED crop labels.", "real_pu_spent": 0.6933333539962768}}, {"type": "Feature", "id": "8J2R5R57+J4MM", "geometry": {"type": "MultiPolygon", "coordinates": [[[[76.8127707, 30.1588214], [76.8130408, 30.1588267], [76.8130505, 30.1593589], [76.8125523, 30.1593657], [76.812522, 30.1588429], [76.8127707, 30.1588214]]]]}, "properties": {"field_id": "8J2R5R57+J4MM", "centroid_lat": 30.159006, "centroid_lon": 76.812784, "area_sqm": 2908.3325, "source_cell": "390e3594", "ndvi_apr": 0.7542912410365211, "ndvi_may": 0.5702073943614959, "ndvi_june": 0.13097568874557813, "ndvi_apr_june_change": 0.623315552290943, "ndre_apr": 0.5515391965707143, "ndre_may": 0.3456097603638967, "ndre_june": 0.07472187639214098, "ndwi_apr": 0.35113353596793284, "ndwi_may": 0.2160647400766611, "ndwi_june": -0.05475742913937817, "ndyi_apr": 0.34300311091873376, "ndyi_may": 0.33790237589677175, "ndyi_june": 0.11907735870530206, "valid_pixel_fraction": 0.917, "baseline_rule_pass": true, "sunflower_candidate_score": 0.8351, "candidate_tier": "A", "training_label": "SUNFLOWER_WEAK_POSITIVE_HIGH", "label_method": "cofounder_green_to_brown_temporal_heuristic", "label_provenance": "Weak label derived from the co-founder's Google Earth field observation (Delhi->Chandigarh drive, 2026-05-09, large sunflower areas in full bloom near Kurukshetra-Karnal) and her resulting Sentinel-2 temporal hypothesis (April green -> May flowering-period green -> June harvested/brown/ploughed). NOT independently confirmed sunflower ground truth. NOT derived from or cross-checked against AMED crop labels.", "real_pu_spent": 0.6933333539962768}}, {"type": "Feature", "id": "8J2R5R96+FR6M", "geometry": {"type": "MultiPolygon", "coordinates": [[[[76.81182989999999, 30.16811819999999], [76.8126396, 30.168107000000003], [76.8126389, 30.1686393], [76.8119019, 30.168649499999997], [76.8118088, 30.168668800000003], [76.81208939999999, 30.168683], [76.8124112, 30.1686785], [76.81279500000001, 30.168655200000003], [76.81279380000001, 30.169160399999996], [76.8123064, 30.169194200000003], [76.81202619999999, 30.1691981], [76.8118597, 30.1691824], [76.8113199, 30.16918980000001], [76.811301, 30.168152499999998], [76.81182989999999, 30.16811819999999]]]]}, "properties": {"field_id": "8J2R5R96+FR6M", "centroid_lat": 30.168693, "centroid_lon": 76.812103, "area_sqm": 15717.0934, "source_cell": "390e3594", "ndvi_apr": 0.5020455236588853, "ndvi_may": 0.4887279600473633, "ndvi_june": 0.2949368086655013, "ndvi_apr_june_change": 0.207108714993384, "ndre_apr": 0.3592597658040746, "ndre_may": 0.3260396258698569, "ndre_june": 0.16017036376532492, "ndwi_apr": 0.18424232888855652, "ndwi_may": 0.18860333513942265, "ndwi_june": 0.05413425696602689, "ndyi_apr": 0.24829292832394692, "ndyi_may": 0.18686443003005318, "ndyi_june": 0.16783758212329342, "valid_pixel_fraction": 0.917, "baseline_rule_pass": false, "sunflower_candidate_score": 0.4481, "candidate_tier": "C", "training_label": "UNCERTAIN", "label_method": "cofounder_green_to_brown_temporal_heuristic", "label_provenance": "Weak label derived from the co-founder's Google Earth field observation (Delhi->Chandigarh drive, 2026-05-09, large sunflower areas in full bloom near Kurukshetra-Karnal) and her resulting Sentinel-2 temporal hypothesis (April green -> May flowering-period green -> June harvested/brown/ploughed). NOT independently confirmed sunflower ground truth. NOT derived from or cross-checked against AMED crop labels.", "real_pu_spent": 0.6933333539962768}}, {"type": "Feature", "id": "8J2R5V85+388P", "geometry": {"type": "MultiPolygon", "coordinates": [[[[76.85826999999999, 30.165140800000003], [76.8582911, 30.165158499999997], [76.85838439999999, 30.165148199999997], [76.8584058, 30.165184000000004], [76.8582916, 30.1651856], [76.85826019999999, 30.165167999999998], [76.85826999999999, 30.165140800000003]]]]}, "properties": {"field_id": "8J2R5V85+388P", "centroid_lat": 30.165161, "centroid_lon": 76.85831, "area_sqm": 44.0487, "source_cell": "390e4a44", "ndvi_apr": 0.4324576059977214, "ndvi_may": 0.4504796266555786, "ndvi_june": 0.3754992038011551, "ndvi_apr_june_change": 0.05695840219656628, "ndre_apr": 0.21155019104480743, "ndre_may": 0.23729192838072777, "ndre_june": 0.1784190759062767, "ndwi_apr": 0.04076852587362131, "ndwi_may": 0.06030822731554508, "ndwi_june": 0.06965036038309336, "ndyi_apr": 0.19138199090957642, "ndyi_may": 0.15474886260926723, "ndyi_june": 0.13791074231266975, "valid_pixel_fraction": 0.85, "baseline_rule_pass": false, "sunflower_candidate_score": 0.3414, "candidate_tier": "D", "training_label": "NON_SUNFLOWER_TEMPORAL_NEGATIVE", "label_method": "cofounder_green_to_brown_temporal_heuristic", "label_provenance": "Weak label derived from the co-founder's Google Earth field observation (Delhi->Chandigarh drive, 2026-05-09, large sunflower areas in full bloom near Kurukshetra-Karnal) and her resulting Sentinel-2 temporal hypothesis (April green -> May flowering-period green -> June harvested/brown/ploughed). NOT independently confirmed sunflower ground truth. NOT derived from or cross-checked against AMED crop labels.", "real_pu_spent": 0.6933333539962768}}, {"type": "Feature", "id": "8J2R5V75+X78X", "geometry": {"type": "MultiPolygon", "coordinates": [[[[76.8580254, 30.164828499999995], [76.85846149999999, 30.1648313], [76.8584642, 30.1649757], [76.8582673, 30.164996499999997], [76.8582558, 30.164933500000004], [76.8582347, 30.164915700000005], [76.8582266, 30.165042199999995], [76.858019, 30.165045099999997], [76.8580049, 30.164846800000003], [76.8580254, 30.164828499999995]]]]}, "properties": {"field_id": "8J2R5V75+X78X", "centroid_lat": 30.164924, "centroid_lon": 76.858198, "area_sqm": 867.46, "source_cell": "390e4a44", "ndvi_apr": 0.551516767591238, "ndvi_may": 0.37436633463948965, "ndvi_june": 0.3831342081539333, "ndvi_apr_june_change": 0.16838255943730474, "ndre_apr": 0.35839451228578884, "ndre_may": 0.26528600603342056, "ndre_june": 0.26391733903437853, "ndwi_apr": 0.1062719492862622, "ndwi_may": 0.08900416630785912, "ndwi_june": 0.1270472665783018, "ndyi_apr": 0.25485686771571636, "ndyi_may": 0.14101370074786246, "ndyi_june": 0.14704853971488774, "valid_pixel_fraction": 0.85, "baseline_rule_pass": false, "sunflower_candidate_score": 0.4172, "candidate_tier": "C", "training_label": "UNCERTAIN", "label_method": "cofounder_green_to_brown_temporal_heuristic", "label_provenance": "Weak label derived from the co-founder's Google Earth field observation (Delhi->Chandigarh drive, 2026-05-09, large sunflower areas in full bloom near Kurukshetra-Karnal) and her resulting Sentinel-2 temporal hypothesis (April green -> May flowering-period green -> June harvested/brown/ploughed). NOT independently confirmed sunflower ground truth. NOT derived from or cross-checked against AMED crop labels.", "real_pu_spent": 0.6933333539962768}}, {"type": "Feature", "id": "8J2R5R6X+JP8G", "geometry": {"type": "MultiPolygon", "coordinates": [[[[76.8498875, 30.1616144], [76.8487774, 30.1616571], [76.8487638, 30.161485900000006], [76.84890879999999, 30.1614658], [76.84929269999999, 30.1614513], [76.8495203, 30.161412], [76.8497381, 30.161399999999997], [76.84979059999999, 30.161426299999995], [76.8498329, 30.1614708], [76.849887, 30.161587299999997], [76.8498875, 30.1616144]]]]}, "properties": {"field_id": "8J2R5R6X+JP8G", "centroid_lat": 30.161508, "centroid_lon": 76.849481, "area_sqm": 2268.5289, "source_cell": "390e4a44", "ndvi_apr": 0.3003091568296606, "ndvi_may": 0.32451840015974914, "ndvi_june": 0.2899121144842921, "ndvi_apr_june_change": 0.010397042345368479, "ndre_apr": 0.20068600036279116, "ndre_may": 0.2365521618136854, "ndre_june": 0.21317739750851283, "ndwi_apr": 0.018709399224719914, "ndwi_may": 0.08374406648517557, "ndwi_june": 0.10820436053627144, "ndyi_apr": 0.19859561896083333, "ndyi_may": 0.14421763129983886, "ndyi_june": 0.14470245542399812, "valid_pixel_fraction": 0.85, "baseline_rule_pass": false, "sunflower_candidate_score": 0.2518, "candidate_tier": "D", "training_label": "NON_SUNFLOWER_TEMPORAL_NEGATIVE", "label_method": "cofounder_green_to_brown_temporal_heuristic", "label_provenance": "Weak label derived from the co-founder's Google Earth field observation (Delhi->Chandigarh drive, 2026-05-09, large sunflower areas in full bloom near Kurukshetra-Karnal) and her resulting Sentinel-2 temporal hypothesis (April green -> May flowering-period green -> June harvested/brown/ploughed). NOT independently confirmed sunflower ground truth. NOT derived from or cross-checked against AMED crop labels.", "real_pu_spent": 0.6933333539962768}}, {"type": "Feature", "id": "8J2R5V85+6MGF", "geometry": {"type": "MultiPolygon", "coordinates": [[[[76.85932799999999, 30.164530399999997], [76.8597332, 30.164542700000005], [76.85974209999999, 30.165020699999996], [76.8597324, 30.165056899999993], [76.8597174, 30.1653639], [76.8597196, 30.166031500000003], [76.85974139999999, 30.166085299999995], [76.8597657, 30.1662744], [76.8597704, 30.166527000000002], [76.8585231, 30.166454399999996], [76.85855839999999, 30.1661201], [76.8586156, 30.1658486], [76.8586697, 30.165414799999997], [76.8587462, 30.165061900000005], [76.8587988, 30.164546899999998], [76.85932799999999, 30.164530399999997]]]]}, "properties": {"field_id": "8J2R5V85+6MGF", "centroid_lat": 30.165463, "centroid_lon": 76.859281, "area_sqm": 22375.2399, "source_cell": "390e4a44", "ndvi_apr": 0.3797650830680821, "ndvi_may": 0.35140043121515485, "ndvi_june": 0.14158039391991128, "ndvi_apr_june_change": 0.23818468914817081, "ndre_apr": 0.2507964855509804, "ndre_may": 0.23697832225137674, "ndre_june": 0.07177748131240264, "ndwi_apr": 0.06482906336230893, "ndwi_may": 0.06923778695719582, "ndwi_june": -0.05283459391592224, "ndyi_apr": 0.23636888531195058, "ndyi_may": 0.16330334035565658, "ndyi_june": 0.13497686068318332, "valid_pixel_fraction": 0.85, "baseline_rule_pass": false, "sunflower_candidate_score": 0.4756, "candidate_tier": "C", "training_label": "UNCERTAIN", "label_method": "cofounder_green_to_brown_temporal_heuristic", "label_provenance": "Weak label derived from the co-founder's Google Earth field observation (Delhi->Chandigarh drive, 2026-05-09, large sunflower areas in full bloom near Kurukshetra-Karnal) and her resulting Sentinel-2 temporal hypothesis (April green -> May flowering-period green -> June harvested/brown/ploughed). NOT independently confirmed sunflower ground truth. NOT derived from or cross-checked against AMED crop labels.", "real_pu_spent": 0.6933333539962768}}, {"type": "Feature", "id": "8J2R5W84+7J8W", "geometry": {"type": "MultiPolygon", "coordinates": [[[[76.90661170000001, 30.165656], [76.9066122, 30.165683100000003], [76.9065605, 30.165692800000002], [76.9065598, 30.1656568], [76.90661170000001, 30.165656]]]]}, "properties": {"field_id": "8J2R5W84+7J8W", "centroid_lat": 30.165669, "centroid_lon": 76.906591, "area_sqm": 17.5187, "source_cell": "390e4bec", "ndvi_apr": 0.30923033754030865, "ndvi_may": 0.21471932530403137, "ndvi_june": 0.12013452500104904, "ndvi_apr_june_change": 0.1890958125392596, "ndre_apr": 0.21942511200904846, "ndre_may": 0.174667838960886, "ndre_june": 0.07790166605263948, "ndwi_apr": 0.10108687976996104, "ndwi_may": 0.09564202092587948, "ndwi_june": -0.05732579214964062, "ndyi_apr": 0.15764049688975015, "ndyi_may": 0.1299305111169815, "ndyi_june": 0.12644819915294647, "valid_pixel_fraction": 0.85, "baseline_rule_pass": false, "sunflower_candidate_score": 0.4201, "candidate_tier": "C", "training_label": "UNCERTAIN", "label_method": "cofounder_green_to_brown_temporal_heuristic", "label_provenance": "Weak label derived from the co-founder's Google Earth field observation (Delhi->Chandigarh drive, 2026-05-09, large sunflower areas in full bloom near Kurukshetra-Karnal) and her resulting Sentinel-2 temporal hypothesis (April green -> May flowering-period green -> June harvested/brown/ploughed). NOT independently confirmed sunflower ground truth. NOT derived from or cross-checked against AMED crop labels.", "real_pu_spent": 0.6933333539962768}}, {"type": "Feature", "id": "8J2R5W62+R5MJ", "geometry": {"type": "MultiPolygon", "coordinates": [[[[76.9005133, 30.162216899999997], [76.9002642, 30.162220500000007], [76.9002628, 30.1621484], [76.9002824, 30.162084900000004], [76.9003965, 30.162083299999992], [76.90041699999999, 30.162065], [76.90041350000001, 30.161884599999993], [76.90049619999999, 30.161865300000002], [76.9005133, 30.162216899999997]]]]}, "properties": {"field_id": "8J2R5W62+R5MJ", "centroid_lat": 30.162087, "centroid_lon": 76.900395, "area_sqm": 544.0827, "source_cell": "390e4bec", "ndvi_apr": 0.7105808953444163, "ndvi_may": 0.6346133003632228, "ndvi_june": 0.19560457952320578, "ndvi_apr_june_change": 0.5149763158212105, "ndre_apr": 0.519694017039405, "ndre_may": 0.43174156670769054, "ndre_june": 0.12710483527431887, "ndwi_apr": 0.29619425866338944, "ndwi_may": 0.272004979973038, "ndwi_june": -0.0053663288708776236, "ndyi_apr": 0.28748155385255814, "ndyi_may": 0.2038924265652895, "ndyi_june": 0.13420817473282418, "valid_pixel_fraction": 0.85, "baseline_rule_pass": true, "sunflower_candidate_score": 0.7248, "candidate_tier": "A", "training_label": "SUNFLOWER_WEAK_POSITIVE_HIGH", "label_method": "cofounder_green_to_brown_temporal_heuristic", "label_provenance": "Weak label derived from the co-founder's Google Earth field observation (Delhi->Chandigarh drive, 2026-05-09, large sunflower areas in full bloom near Kurukshetra-Karnal) and her resulting Sentinel-2 temporal hypothesis (April green -> May flowering-period green -> June harvested/brown/ploughed). NOT independently confirmed sunflower ground truth. NOT derived from or cross-checked against AMED crop labels.", "real_pu_spent": 0.6933333539962768}}, {"type": "Feature", "id": "8J2R5W63+XMJC", "geometry": {"type": "MultiPolygon", "coordinates": [[[[76.9044515, 30.1623854], [76.90445439999999, 30.162538700000002], [76.9038109, 30.162548], [76.9038078, 30.162385699999994], [76.9044515, 30.1623854]]]]}, "properties": {"field_id": "8J2R5W63+XMJC", "centroid_lat": 30.162449, "centroid_lon": 76.904195, "area_sqm": 1086.1596, "source_cell": "390e4bec", "ndvi_apr": 0.8097843378782272, "ndvi_may": 0.7287544483939807, "ndvi_june": 0.4088850241775314, "ndvi_apr_june_change": 0.4008993137006958, "ndre_apr": 0.5696372621589236, "ndre_may": 0.5168633088469505, "ndre_june": 0.21985834883525965, "ndwi_apr": 0.35331716057327056, "ndwi_may": 0.3561219039062659, "ndwi_june": 0.13361786270979792, "ndyi_apr": 0.3487488329410553, "ndyi_may": 0.23149548160533112, "ndyi_june": 0.18792416978006563, "valid_pixel_fraction": 0.85, "baseline_rule_pass": false, "sunflower_candidate_score": 0.6643, "candidate_tier": "D", "training_label": "NON_SUNFLOWER_TEMPORAL_NEGATIVE", "label_method": "cofounder_green_to_brown_temporal_heuristic", "label_provenance": "Weak label derived from the co-founder's Google Earth field observation (Delhi->Chandigarh drive, 2026-05-09, large sunflower areas in full bloom near Kurukshetra-Karnal) and her resulting Sentinel-2 temporal hypothesis (April green -> May flowering-period green -> June harvested/brown/ploughed). NOT independently confirmed sunflower ground truth. NOT derived from or cross-checked against AMED crop labels.", "real_pu_spent": 0.6933333539962768}}, {"type": "Feature", "id": "8J2R5W42+Q66X", "geometry": {"type": "MultiPolygon", "coordinates": [[[[76.90084259999999, 30.1566547], [76.90086289999999, 30.1571686], [76.9006453, 30.1571898], [76.9002094, 30.1571961], [76.90018859999999, 30.1566551], [76.90084259999999, 30.1566547]]]]}, "properties": {"field_id": "8J2R5W42+Q66X", "centroid_lat": 30.15692, "centroid_lon": 76.900599, "area_sqm": 3731.9999, "source_cell": "390e4bec", "ndvi_apr": 0.23063476742417724, "ndvi_may": 0.3978653751934568, "ndvi_june": 0.5806911022712786, "ndvi_apr_june_change": -0.3500563348471014, "ndre_apr": 0.13043481883316957, "ndre_may": 0.24822967458102438, "ndre_june": 0.38817987280587357, "ndwi_apr": -0.004314732403145162, "ndwi_may": 0.08477911612701267, "ndwi_june": 0.2300177828098337, "ndyi_apr": 0.18598646353240367, "ndyi_may": 0.16825294003097546, "ndyi_june": 0.19127636930594843, "valid_pixel_fraction": 0.85, "baseline_rule_pass": false, "sunflower_candidate_score": 0.2386, "candidate_tier": "D", "training_label": "NON_SUNFLOWER_TEMPORAL_NEGATIVE", "label_method": "cofounder_green_to_brown_temporal_heuristic", "label_provenance": "Weak label derived from the co-founder's Google Earth field observation (Delhi->Chandigarh drive, 2026-05-09, large sunflower areas in full bloom near Kurukshetra-Karnal) and her resulting Sentinel-2 temporal hypothesis (April green -> May flowering-period green -> June harvested/brown/ploughed). NOT independently confirmed sunflower ground truth. NOT derived from or cross-checked against AMED crop labels.", "real_pu_spent": 0.6933333539962768}}, {"type": "Feature", "id": "8J2R5W72+RH32", "geometry": {"type": "MultiPolygon", "coordinates": [[[[76.8998843, 30.164066499999997], [76.9002466, 30.164007099999996], [76.9010667, 30.16400429999999], [76.9012856, 30.164046199999994], [76.9016202, 30.1641677], [76.9020075, 30.164333499999998], [76.9023519, 30.16442769999999], [76.9028088, 30.164430099999997], [76.9031001, 30.164461999999997], [76.9036193, 30.164463500000004], [76.903615, 30.1647793], [76.9032417, 30.164802699999996], [76.9030863, 30.164823], [76.90299340000001, 30.164851499999997], [76.90256769999999, 30.164848599999996], [76.90217249999999, 30.164818299999993], [76.9012072, 30.1648322], [76.900886, 30.164863999999998], [76.9004502, 30.1648793], [76.9000777, 30.1649479], [76.9000234, 30.164822299999997], [76.89990139999999, 30.1644181], [76.8998431, 30.1640852], [76.8998843, 30.164066499999997]]]]}, "properties": {"field_id": "8J2R5W72+RH32", "centroid_lat": 30.16451, "centroid_lon": 76.901581, "area_sqm": 24203.8883, "source_cell": "390e4bec", "ndvi_apr": 0.763007236297593, "ndvi_may": 0.34489777827982443, "ndvi_june": 0.13219677415382497, "ndvi_apr_june_change": 0.630810462143768, "ndre_apr": 0.5368251082486223, "ndre_may": 0.2118567680752351, "ndre_june": 0.07157855101995182, "ndwi_apr": 0.3427607964804568, "ndwi_may": 0.0762863848358393, "ndwi_june": -0.045994862157828435, "ndyi_apr": 0.32644114765150917, "ndyi_may": 0.15129111424626732, "ndyi_june": 0.11901033977790249, "valid_pixel_fraction": 0.85, "baseline_rule_pass": true, "sunflower_candidate_score": 0.7896, "candidate_tier": "A", "training_label": "SUNFLOWER_WEAK_POSITIVE_HIGH", "label_method": "cofounder_green_to_brown_temporal_heuristic", "label_provenance": "Weak label derived from the co-founder's Google Earth field observation (Delhi->Chandigarh drive, 2026-05-09, large sunflower areas in full bloom near Kurukshetra-Karnal) and her resulting Sentinel-2 temporal hypothesis (April green -> May flowering-period green -> June harvested/brown/ploughed). NOT independently confirmed sunflower ground truth. NOT derived from or cross-checked against AMED crop labels.", "real_pu_spent": 0.6933333539962768}}, {"type": "Feature", "id": "8J2R5W6R+4JQV", "geometry": {"type": "MultiPolygon", "coordinates": [[[[76.9418682, 30.160203900000006], [76.94187339999999, 30.1604654], [76.94134439999999, 30.1604913], [76.9413287, 30.1602209], [76.9418682, 30.160203900000006]]]]}, "properties": {"field_id": "8J2R5W6R+4JQV", "centroid_lat": 30.160317, "centroid_lon": 76.941657, "area_sqm": 1521.5749, "source_cell": "390e4c3c", "ndvi_apr": 0.17500065548552404, "ndvi_may": 0.16246612233420213, "ndvi_june": 0.12219886742532254, "ndvi_apr_june_change": 0.0528017880602015, "ndre_apr": 0.09820213144024213, "ndre_may": 0.09581364567081133, "ndre_june": 0.06792030557990075, "ndwi_apr": -0.07365288477804925, "ndwi_may": -0.1220109992971023, "ndwi_june": -0.0627498541919825, "ndyi_apr": 0.17298595077461668, "ndyi_may": 0.1240688865383466, "ndyi_june": 0.12476537525653839, "valid_pixel_fraction": 0.85, "baseline_rule_pass": false, "sunflower_candidate_score": 0.3009, "candidate_tier": "D", "training_label": "NON_SUNFLOWER_TEMPORAL_NEGATIVE", "label_method": "cofounder_green_to_brown_temporal_heuristic", "label_provenance": "Weak label derived from the co-founder's Google Earth field observation (Delhi->Chandigarh drive, 2026-05-09, large sunflower areas in full bloom near Kurukshetra-Karnal) and her resulting Sentinel-2 temporal hypothesis (April green -> May flowering-period green -> June harvested/brown/ploughed). NOT independently confirmed sunflower ground truth. NOT derived from or cross-checked against AMED crop labels.", "real_pu_spent": 0.6933333539962768}}, {"type": "Feature", "id": "8J2R5X62+WH33", "geometry": {"type": "MultiPolygon", "coordinates": [[[[76.95175610000001, 30.1619968], [76.95173489999999, 30.162502299999996], [76.95110199999999, 30.1625208], [76.9510918, 30.162006700000003], [76.95175610000001, 30.1619968]]]]}, "properties": {"field_id": "8J2R5X62+WH33", "centroid_lat": 30.162205, "centroid_lon": 76.951488, "area_sqm": 3534.1259, "source_cell": "390e4c3c", "ndvi_apr": 0.178097615984303, "ndvi_may": 0.12756592966616154, "ndvi_june": 0.14459497942071822, "ndvi_apr_june_change": 0.033502636563584764, "ndre_apr": 0.0972690596072762, "ndre_may": 0.07293706373052879, "ndre_june": 0.05446015703596964, "ndwi_apr": -0.0804699049503715, "ndwi_may": -0.11355045163590048, "ndwi_june": -0.023586948712666825, "ndyi_apr": 0.18598642876302754, "ndyi_may": 0.11825368656880327, "ndyi_june": 0.1274068616330624, "valid_pixel_fraction": 0.85, "baseline_rule_pass": false, "sunflower_candidate_score": 0.2682, "candidate_tier": "D", "training_label": "NON_SUNFLOWER_TEMPORAL_NEGATIVE", "label_method": "cofounder_green_to_brown_temporal_heuristic", "label_provenance": "Weak label derived from the co-founder's Google Earth field observation (Delhi->Chandigarh drive, 2026-05-09, large sunflower areas in full bloom near Kurukshetra-Karnal) and her resulting Sentinel-2 temporal hypothesis (April green -> May flowering-period green -> June harvested/brown/ploughed). NOT independently confirmed sunflower ground truth. NOT derived from or cross-checked against AMED crop labels.", "real_pu_spent": 0.6933333539962768}}, {"type": "Feature", "id": "8J2R5W8W+W945", "geometry": {"type": "MultiPolygon", "coordinates": [[[[76.9463203, 30.167508700000003], [76.94561449999999, 30.167519200000008], [76.94560419999999, 30.166995999999997], [76.9463099, 30.1669766], [76.9463203, 30.167508700000003]]]]}, "properties": {"field_id": "8J2R5W8W+W945", "centroid_lat": 30.167302, "centroid_lon": 76.946034, "area_sqm": 3982.1011, "source_cell": "390e4c3c", "ndvi_apr": 0.17459954244513357, "ndvi_may": 0.14952464911731936, "ndvi_june": 0.11550816720617668, "ndvi_apr_june_change": 0.059091375238956884, "ndre_apr": 0.09773422209989457, "ndre_may": 0.07878054068645551, "ndre_june": 0.062078563152768065, "ndwi_apr": -0.07386506130061453, "ndwi_may": -0.12696330271483885, "ndwi_june": -0.0764039941021197, "ndyi_apr": 0.1841529987397648, "ndyi_may": 0.13051771603169898, "ndyi_june": 0.11962186629396111, "valid_pixel_fraction": 0.85, "baseline_rule_pass": false, "sunflower_candidate_score": 0.3065, "candidate_tier": "D", "training_label": "NON_SUNFLOWER_TEMPORAL_NEGATIVE", "label_method": "cofounder_green_to_brown_temporal_heuristic", "label_provenance": "Weak label derived from the co-founder's Google Earth field observation (Delhi->Chandigarh drive, 2026-05-09, large sunflower areas in full bloom near Kurukshetra-Karnal) and her resulting Sentinel-2 temporal hypothesis (April green -> May flowering-period green -> June harvested/brown/ploughed). NOT independently confirmed sunflower ground truth. NOT derived from or cross-checked against AMED crop labels.", "real_pu_spent": 0.6933333539962768}}, {"type": "Feature", "id": "8J2R5W8V+772F", "geometry": {"type": "MultiPolygon", "coordinates": [[[[76.9440185, 30.165025699999994], [76.9441148, 30.165168699999995], [76.94417229999999, 30.165456499999998], [76.9441806, 30.165880400000006], [76.94417039999999, 30.165889599999996], [76.9436096, 30.165879899999997], [76.9433818, 30.165910299999997], [76.9432479, 30.165966399999995], [76.9430736, 30.166077299999998], [76.94295009999999, 30.166133199999997], [76.9426202, 30.166255399999997], [76.94234139999999, 30.166331699999994], [76.9421352, 30.1664069], [76.942076, 30.165505599999992], [76.94208429999999, 30.1653972], [76.94217750000001, 30.1653868], [76.94283250000001, 30.165431299999998], [76.9436523, 30.165410099999995], [76.94365189999999, 30.165391999999997], [76.94347549999999, 30.165394700000004], [76.9434643, 30.164826499999993], [76.94349489999999, 30.164798899999997], [76.9437644, 30.1647769], [76.9440185, 30.165025699999994]]]]}, "properties": {"field_id": "8J2R5W8V+772F", "centroid_lat": 30.165572, "centroid_lon": 76.94328, "area_sqm": 18340.9985, "source_cell": "390e4c3c", "ndvi_apr": 0.25806109306676944, "ndvi_may": 0.21334711402870607, "ndvi_june": 0.21344048331901067, "ndvi_apr_june_change": 0.04462060974775878, "ndre_apr": 0.15161782274684074, "ndre_may": 0.12255818344785381, "ndre_june": 0.12250600470193994, "ndwi_apr": -0.04388401241528378, "ndwi_may": -0.053257991976536606, "ndwi_june": -0.025532110427744715, "ndyi_apr": 0.19037814730487393, "ndyi_may": 0.13665552280735282, "ndyi_june": 0.13413072824658118, "valid_pixel_fraction": 0.85, "baseline_rule_pass": false, "sunflower_candidate_score": 0.2613, "candidate_tier": "D", "training_label": "NON_SUNFLOWER_TEMPORAL_NEGATIVE", "label_method": "cofounder_green_to_brown_temporal_heuristic", "label_provenance": "Weak label derived from the co-founder's Google Earth field observation (Delhi->Chandigarh drive, 2026-05-09, large sunflower areas in full bloom near Kurukshetra-Karnal) and her resulting Sentinel-2 temporal hypothesis (April green -> May flowering-period green -> June harvested/brown/ploughed). NOT independently confirmed sunflower ground truth. NOT derived from or cross-checked against AMED crop labels.", "real_pu_spent": 0.6933333539962768}}, {"type": "Feature", "id": "8J2R5X9M+8GVF", "geometry": {"type": "MultiPolygon", "coordinates": [[[[76.9838299, 30.1683812], [76.9837573, 30.168382299999994], [76.9837362, 30.168364500000003], [76.98381859999999, 30.1683362], [76.98382939999999, 30.1683541], [76.98383940000001, 30.1683359], [76.9838299, 30.1683812]]]]}, "properties": {"field_id": "8J2R5X9M+8GVF", "centroid_lat": 30.168362, "centroid_lon": 76.983806, "area_sqm": 31.5314, "source_cell": "390e4dc4", "ndvi_apr": 0.15641916791598, "ndvi_may": 0.12895791977643967, "ndvi_june": 0.12163401146729787, "ndvi_apr_june_change": 0.034785156448682145, "ndre_apr": 0.08518272638320923, "ndre_may": 0.06819953992962838, "ndre_june": 0.06671848520636559, "ndwi_apr": -0.10538626213868459, "ndwi_may": -0.10978595316410064, "ndwi_june": -0.06489793273309867, "ndyi_apr": 0.1687521090110143, "ndyi_may": 0.11973579898476601, "ndyi_june": 0.12795750548442206, "valid_pixel_fraction": 0.833, "baseline_rule_pass": false, "sunflower_candidate_score": 0.2787, "candidate_tier": "D", "training_label": "NON_SUNFLOWER_TEMPORAL_NEGATIVE", "label_method": "cofounder_green_to_brown_temporal_heuristic", "label_provenance": "Weak label derived from the co-founder's Google Earth field observation (Delhi->Chandigarh drive, 2026-05-09, large sunflower areas in full bloom near Kurukshetra-Karnal) and her resulting Sentinel-2 temporal hypothesis (April green -> May flowering-period green -> June harvested/brown/ploughed). NOT independently confirmed sunflower ground truth. NOT derived from or cross-checked against AMED crop labels.", "real_pu_spent": 0.6933333539962768}}, {"type": "Feature", "id": "8J2R5X8G+Q92H", "geometry": {"type": "MultiPolygon", "coordinates": [[[[76.9762366, 30.166646399999998], [76.97624619999999, 30.1671244], [76.9755717, 30.1671435], [76.9755514, 30.166647699999995], [76.9762366, 30.166646399999998]]]]}, "properties": {"field_id": "8J2R5X8G+Q92H", "centroid_lat": 30.166842, "centroid_lon": 76.975968, "area_sqm": 3540.5516, "source_cell": "390e4dc4", "ndvi_apr": 0.17738900837444124, "ndvi_may": 0.14001055019242423, "ndvi_june": 0.13624592267331623, "ndvi_apr_june_change": 0.041143085701125015, "ndre_apr": 0.11426245846918652, "ndre_may": 0.08614917808611477, "ndre_june": 0.07580959913986068, "ndwi_apr": -0.10544184446334837, "ndwi_may": -0.07822549518729958, "ndwi_june": -0.07025895166388225, "ndyi_apr": 0.17932867088488172, "ndyi_may": 0.1320084490946361, "ndyi_june": 0.12589238505987896, "valid_pixel_fraction": 0.767, "baseline_rule_pass": false, "sunflower_candidate_score": 0.2723, "candidate_tier": "D", "training_label": "NON_SUNFLOWER_TEMPORAL_NEGATIVE", "label_method": "cofounder_green_to_brown_temporal_heuristic", "label_provenance": "Weak label derived from the co-founder's Google Earth field observation (Delhi->Chandigarh drive, 2026-05-09, large sunflower areas in full bloom near Kurukshetra-Karnal) and her resulting Sentinel-2 temporal hypothesis (April green -> May flowering-period green -> June harvested/brown/ploughed). NOT independently confirmed sunflower ground truth. NOT derived from or cross-checked against AMED crop labels.", "real_pu_spent": 0.6933333539962768}}, {"type": "Feature", "id": "8J2R5XCJ+2QM3", "geometry": {"type": "MultiPolygon", "coordinates": [[[[76.9827188, 30.1694084], [76.9828411, 30.169812499999995], [76.9824601, 30.169971699999998], [76.98223320000001, 30.1700473], [76.9820056, 30.1700868], [76.981798, 30.170089899999994], [76.9817952, 30.1704689], [76.98181629999999, 30.1704866], [76.9818298, 30.170125500000005], [76.9821199, 30.1700941], [76.9823576, 30.1700364], [76.98245589999999, 30.170278500000002], [76.9824915, 30.1705035], [76.9825082, 30.170818999999995], [76.9818335, 30.170829199999996], [76.9816678, 30.170849699999994], [76.98117979999999, 30.170848099999997], [76.981183, 30.169972899999998], [76.9811341, 30.169603799999997], [76.9816713, 30.1694693], [76.9820119, 30.16936500000001], [76.9822393, 30.169316400000003], [76.98248679999999, 30.169231500000002], [76.9825695, 30.169212199999997], [76.9826112, 30.1692206], [76.9827188, 30.1694084]]]]}, "properties": {"field_id": "8J2R5XCJ+2QM3", "centroid_lat": 30.169983, "centroid_lon": 76.982105, "area_sqm": 21236.3899, "source_cell": "390e4dc4", "ndvi_apr": 0.18418112316186167, "ndvi_may": 0.14728016441560104, "ndvi_june": 0.1362485306521342, "ndvi_apr_june_change": 0.04793259250972748, "ndre_apr": 0.10637681763912306, "ndre_may": 0.08563079252491745, "ndre_june": 0.074858137674214, "ndwi_apr": -0.08075626262694126, "ndwi_may": -0.11667906190996791, "ndwi_june": -0.07835371116441388, "ndyi_apr": 0.18479720593692575, "ndyi_may": 0.0988229310611506, "ndyi_june": 0.11435650871301839, "valid_pixel_fraction": 0.833, "baseline_rule_pass": false, "sunflower_candidate_score": 0.2858, "candidate_tier": "D", "training_label": "NON_SUNFLOWER_TEMPORAL_NEGATIVE", "label_method": "cofounder_green_to_brown_temporal_heuristic", "label_provenance": "Weak label derived from the co-founder's Google Earth field observation (Delhi->Chandigarh drive, 2026-05-09, large sunflower areas in full bloom near Kurukshetra-Karnal) and her resulting Sentinel-2 temporal hypothesis (April green -> May flowering-period green -> June harvested/brown/ploughed). NOT independently confirmed sunflower ground truth. NOT derived from or cross-checked against AMED crop labels.", "real_pu_spent": 0.6933333539962768}}, {"type": "Feature", "id": "8J2V525C+5WG8", "geometry": {"type": "MultiPolygon", "coordinates": [[[[77.0226839, 30.157791800000002], [77.02269869999999, 30.158008100000004], [77.02242919999999, 30.158030300000004], [77.02224369999999, 30.158096300000004], [77.0220369, 30.15813559999999], [77.02203, 30.157801900000003], [77.0226839, 30.157791800000002]]]]}, "properties": {"field_id": "8J2V525C+5WG8", "centroid_lat": 30.157951, "centroid_lon": 77.022401, "area_sqm": 1870.8003, "source_cell": "390e521c", "ndvi_apr": 0.12978008495909824, "ndvi_may": 0.1333929717540741, "ndvi_june": 0.13301037518041478, "ndvi_apr_june_change": -0.003230290221316545, "ndre_apr": 0.061738889574790234, "ndre_may": 0.07473869522412617, "ndre_june": 0.06563626850644748, "ndwi_apr": -0.12178881750220344, "ndwi_may": -0.09232571514633794, "ndwi_june": -0.09036768826522998, "ndyi_apr": 0.17894589924623094, "ndyi_may": 0.13196847240130108, "ndyi_june": 0.13535198249987196, "valid_pixel_fraction": 0.75, "baseline_rule_pass": false, "sunflower_candidate_score": 0.2372, "candidate_tier": "D", "training_label": "NON_SUNFLOWER_TEMPORAL_NEGATIVE", "label_method": "cofounder_green_to_brown_temporal_heuristic", "label_provenance": "Weak label derived from the co-founder's Google Earth field observation (Delhi->Chandigarh drive, 2026-05-09, large sunflower areas in full bloom near Kurukshetra-Karnal) and her resulting Sentinel-2 temporal hypothesis (April green -> May flowering-period green -> June harvested/brown/ploughed). NOT independently confirmed sunflower ground truth. NOT derived from or cross-checked against AMED crop labels.", "real_pu_spent": 0.6933333539962768}}, {"type": "Feature", "id": "8J2V526C+8X6H", "geometry": {"type": "MultiPolygon", "coordinates": [[[[77.0227602, 30.160515199999995], [77.02276069999999, 30.161047399999998], [77.022055, 30.161058299999997], [77.0220441, 30.160526200000003], [77.0227602, 30.160515199999995]]]]}, "properties": {"field_id": "8J2V526C+8X6H", "centroid_lat": 30.160732, "centroid_lon": 77.022476, "area_sqm": 4045.3906, "source_cell": "390e521c", "ndvi_apr": 0.147912288114192, "ndvi_may": 0.11045578756325303, "ndvi_june": 0.10681460904223578, "ndvi_apr_june_change": 0.04109767907195622, "ndre_apr": 0.07983072827910147, "ndre_may": 0.058614429274928714, "ndre_june": 0.049704295649592375, "ndwi_apr": -0.09826434912189604, "ndwi_may": -0.1350402706967933, "ndwi_june": -0.13035194841878756, "ndyi_apr": 0.17371083778284846, "ndyi_may": 0.1182859174552418, "ndyi_june": 0.12401815565923849, "valid_pixel_fraction": 0.683, "baseline_rule_pass": false, "sunflower_candidate_score": 0.2721, "candidate_tier": "D", "training_label": "NON_SUNFLOWER_TEMPORAL_NEGATIVE", "label_method": "cofounder_green_to_brown_temporal_heuristic", "label_provenance": "Weak label derived from the co-founder's Google Earth field observation (Delhi->Chandigarh drive, 2026-05-09, large sunflower areas in full bloom near Kurukshetra-Karnal) and her resulting Sentinel-2 temporal hypothesis (April green -> May flowering-period green -> June harvested/brown/ploughed). NOT independently confirmed sunflower ground truth. NOT derived from or cross-checked against AMED crop labels.", "real_pu_spent": 0.6933333539962768}}, {"type": "Feature", "id": "8J2V526H+2X8P", "geometry": {"type": "MultiPolygon", "coordinates": [[[[77.0299617, 30.1593304], [77.03021430000001, 30.159497899999995], [77.03045780000001, 30.1597286], [77.030768, 30.1601749], [77.0307701, 30.1602741], [77.0307514, 30.160373699999997], [77.03032619999999, 30.160398300000004], [77.0304304, 30.160414700000008], [77.03044109999999, 30.1609378], [77.02974569999999, 30.160948599999994], [77.0297504, 30.160668799999996], [77.0302068, 30.160652700000007], [77.0301442, 30.160635700000004], [77.02976020000001, 30.160641599999998], [77.0297447, 30.159883999999998], [77.02920499999999, 30.159892400000004], [77.0290489, 30.159876699999998], [77.02905899999999, 30.1593533], [77.0299617, 30.1593304]]]]}, "properties": {"field_id": "8J2V526H+2X8P", "centroid_lat": 30.160159, "centroid_lon": 77.030039, "area_sqm": 16432.0097, "source_cell": "390e521c", "ndvi_apr": 0.1957981164883885, "ndvi_may": 0.12645525830713183, "ndvi_june": 0.10662203771297377, "ndvi_apr_june_change": 0.08917607877541472, "ndre_apr": 0.10375226449271546, "ndre_may": 0.06697771604727916, "ndre_june": 0.05134061578957533, "ndwi_apr": -0.07539711154445454, "ndwi_may": -0.13778383415756804, "ndwi_june": -0.13876241152033658, "ndyi_apr": 0.18887593218373125, "ndyi_may": 0.12883332671992714, "ndyi_june": 0.12925191865199148, "valid_pixel_fraction": 0.75, "baseline_rule_pass": false, "sunflower_candidate_score": 0.32, "candidate_tier": "D", "training_label": "NON_SUNFLOWER_TEMPORAL_NEGATIVE", "label_method": "cofounder_green_to_brown_temporal_heuristic", "label_provenance": "Weak label derived from the co-founder's Google Earth field observation (Delhi->Chandigarh drive, 2026-05-09, large sunflower areas in full bloom near Kurukshetra-Karnal) and her resulting Sentinel-2 temporal hypothesis (April green -> May flowering-period green -> June harvested/brown/ploughed). NOT independently confirmed sunflower ground truth. NOT derived from or cross-checked against AMED crop labels.", "real_pu_spent": 0.6933333539962768}}, {"type": "Feature", "id": "8J2R6Q9G+F766", "geometry": {"type": "MultiPolygon", "coordinates": [[[[76.775679, 30.218676699999996], [76.77556469999999, 30.2186782], [76.7755641, 30.2186421], [76.7756885, 30.2186314], [76.775679, 30.218676699999996]]]]}, "properties": {"field_id": "8J2R6Q9G+F766", "centroid_lat": 30.218661, "centroid_lon": 76.775635, "area_sqm": 51.5601, "source_cell": "390e34d4", "ndvi_apr": 0.4581955671310425, "ndvi_may": 0.3337235525250435, "ndvi_june": 0.4779919385910034, "ndvi_apr_june_change": -0.019796371459960938, "ndre_apr": 0.23149688045183817, "ndre_may": 0.1544657051563263, "ndre_june": 0.27259133756160736, "ndwi_apr": 0.07173511137564977, "ndwi_may": 0.04171552648767829, "ndwi_june": 0.1605773369471232, "ndyi_apr": 0.28311487038930255, "ndyi_may": 0.17302224412560463, "ndyi_june": 0.20514343678951263, "valid_pixel_fraction": 0.767, "baseline_rule_pass": false, "sunflower_candidate_score": 0.2921, "candidate_tier": "D", "training_label": "NON_SUNFLOWER_TEMPORAL_NEGATIVE", "label_method": "cofounder_green_to_brown_temporal_heuristic", "label_provenance": "Weak label derived from the co-founder's Google Earth field observation (Delhi->Chandigarh drive, 2026-05-09, large sunflower areas in full bloom near Kurukshetra-Karnal) and her resulting Sentinel-2 temporal hypothesis (April green -> May flowering-period green -> June harvested/brown/ploughed). NOT independently confirmed sunflower ground truth. NOT derived from or cross-checked against AMED crop labels.", "real_pu_spent": 0.6933333539962768}}, {"type": "Feature", "id": "8J2R6Q9G+44G4", "geometry": {"type": "MultiPolygon", "coordinates": [[[[76.77538899999999, 30.217570899999995], [76.775401, 30.2176609], [76.7754537, 30.2177053], [76.7754757, 30.217768199999995], [76.7754901, 30.217993499999995], [76.7751993, 30.217997499999992], [76.7752228, 30.217573099999996], [76.77538899999999, 30.217570899999995]]]]}, "properties": {"field_id": "8J2R6Q9G+44G4", "centroid_lat": 30.21773, "centroid_lon": 76.775378, "area_sqm": 1107.7911, "source_cell": "390e34d4", "ndvi_apr": 0.4525935308800803, "ndvi_may": 0.2549492547909419, "ndvi_june": 0.33804920845561554, "ndvi_apr_june_change": 0.11454432242446477, "ndre_apr": 0.26055219819148384, "ndre_may": 0.14879482487837475, "ndre_june": 0.18268623492783972, "ndwi_apr": 0.009943440810052882, "ndwi_may": -0.019624251732602717, "ndwi_june": 0.07010645870533254, "ndyi_apr": 0.23471486270427702, "ndyi_may": 0.1469865204145511, "ndyi_june": 0.1675788703891966, "valid_pixel_fraction": 0.767, "baseline_rule_pass": false, "sunflower_candidate_score": 0.328, "candidate_tier": "D", "training_label": "NON_SUNFLOWER_TEMPORAL_NEGATIVE", "label_method": "cofounder_green_to_brown_temporal_heuristic", "label_provenance": "Weak label derived from the co-founder's Google Earth field observation (Delhi->Chandigarh drive, 2026-05-09, large sunflower areas in full bloom near Kurukshetra-Karnal) and her resulting Sentinel-2 temporal hypothesis (April green -> May flowering-period green -> June harvested/brown/ploughed). NOT independently confirmed sunflower ground truth. NOT derived from or cross-checked against AMED crop labels.", "real_pu_spent": 0.6933333539962768}}, {"type": "Feature", "id": "8J2R6Q9H+XVJ4", "geometry": {"type": "MultiPolygon", "coordinates": [[[[76.779894, 30.219675100000007], [76.7799039, 30.220225300000003], [76.779395, 30.220232200000005], [76.7793812, 30.220042899999996], [76.7793992, 30.219889300000002], [76.77939529999999, 30.219672799999998], [76.779894, 30.219675100000007]]]]}, "properties": {"field_id": "8J2R6Q9H+XVJ4", "centroid_lat": 30.219916, "centroid_lon": 76.779609, "area_sqm": 3003.9895, "source_cell": "390e34d4", "ndvi_apr": 0.3110744797521167, "ndvi_may": 0.4334938568373521, "ndvi_june": 0.43523965842194023, "ndvi_apr_june_change": -0.12416517866982352, "ndre_apr": 0.16780466064810753, "ndre_may": 0.2505715219924848, "ndre_june": 0.2281403359439638, "ndwi_apr": 0.0018624398857355125, "ndwi_may": 0.07028249883417932, "ndwi_june": 0.08043006089929906, "ndyi_apr": 0.21611193021138506, "ndyi_may": 0.1812557612856229, "ndyi_june": 0.19244586394892796, "valid_pixel_fraction": 0.767, "baseline_rule_pass": false, "sunflower_candidate_score": 0.2636, "candidate_tier": "D", "training_label": "NON_SUNFLOWER_TEMPORAL_NEGATIVE", "label_method": "cofounder_green_to_brown_temporal_heuristic", "label_provenance": "Weak label derived from the co-founder's Google Earth field observation (Delhi->Chandigarh drive, 2026-05-09, large sunflower areas in full bloom near Kurukshetra-Karnal) and her resulting Sentinel-2 temporal hypothesis (April green -> May flowering-period green -> June harvested/brown/ploughed). NOT independently confirmed sunflower ground truth. NOT derived from or cross-checked against AMED crop labels.", "real_pu_spent": 0.6933333539962768}}, {"type": "Feature", "id": "8J2R6Q7C+R6PW", "geometry": {"type": "MultiPolygon", "coordinates": [[[[76.7709359, 30.214870299999998], [76.7702398, 30.214870700000002], [76.7702303, 30.214338499999997], [76.770926, 30.2143201], [76.7709359, 30.214870299999998]]]]}, "properties": {"field_id": "8J2R6Q7C+R6PW", "centroid_lat": 30.214654, "centroid_lon": 76.770654, "area_sqm": 4024.7088, "source_cell": "390e34d4", "ndvi_apr": 0.5939118504997284, "ndvi_may": 0.706043108765568, "ndvi_june": 0.5883524293700854, "ndvi_apr_june_change": 0.005559421129643027, "ndre_apr": 0.3800704355041186, "ndre_may": 0.5083402677306107, "ndre_june": 0.3651055280296576, "ndwi_apr": 0.16564220022447115, "ndwi_may": 0.28588563066330697, "ndwi_june": 0.27404185971393, "ndyi_apr": 0.29266603503908434, "ndyi_may": 0.21278906480542253, "ndyi_june": 0.19167706755817762, "valid_pixel_fraction": 0.85, "baseline_rule_pass": false, "sunflower_candidate_score": 0.4205, "candidate_tier": "C", "training_label": "UNCERTAIN", "label_method": "cofounder_green_to_brown_temporal_heuristic", "label_provenance": "Weak label derived from the co-founder's Google Earth field observation (Delhi->Chandigarh drive, 2026-05-09, large sunflower areas in full bloom near Kurukshetra-Karnal) and her resulting Sentinel-2 temporal hypothesis (April green -> May flowering-period green -> June harvested/brown/ploughed). NOT independently confirmed sunflower ground truth. NOT derived from or cross-checked against AMED crop labels.", "real_pu_spent": 0.6933333539962768}}, {"type": "Feature", "id": "8J2R6Q9H+4QHF", "geometry": {"type": "MultiPolygon", "coordinates": [[[[76.78144, 30.217263199999998], [76.78143089999999, 30.217335499999994], [76.7814106, 30.2173628], [76.78111249999999, 30.2175383], [76.78094759999999, 30.2176127], [76.7805054, 30.21786230000001], [76.78027949999999, 30.2180098], [76.77981609999999, 30.218232600000004], [76.7793432, 30.218509699999995], [76.7786947, 30.218843300000003], [76.7786634, 30.218834700000002], [76.7786411, 30.218753799999998], [76.7786152, 30.2184654], [76.7782726, 30.2184791], [76.77793989999999, 30.218465599999995], [76.7779432, 30.217491100000004], [76.77864919999999, 30.217472500000003], [76.77899169999999, 30.2174498], [76.7801755, 30.2174247], [76.78038289999999, 30.217403899999994], [76.7804033, 30.21738550000001], [76.7803955, 30.2169526], [76.7814234, 30.216920599999998], [76.78144, 30.217263199999998]]]]}, "properties": {"field_id": "8J2R6Q9H+4QHF", "centroid_lat": 30.217806, "centroid_lon": 76.779872, "area_sqm": 33306.4369, "source_cell": "390e34d4", "ndvi_apr": 0.39712937495538164, "ndvi_may": 0.5447269104353325, "ndvi_june": 0.6129970077261236, "ndvi_apr_june_change": -0.215867632770742, "ndre_apr": 0.24756900859228523, "ndre_may": 0.35233632052362085, "ndre_june": 0.4244507971250677, "ndwi_apr": 0.0349295626587744, "ndwi_may": 0.15912990733525587, "ndwi_june": 0.25726574651230893, "ndyi_apr": 0.22869492350321896, "ndyi_may": 0.2199741452113031, "ndyi_june": 0.19371677416996816, "valid_pixel_fraction": 0.833, "baseline_rule_pass": false, "sunflower_candidate_score": 0.3202, "candidate_tier": "D", "training_label": "NON_SUNFLOWER_TEMPORAL_NEGATIVE", "label_method": "cofounder_green_to_brown_temporal_heuristic", "label_provenance": "Weak label derived from the co-founder's Google Earth field observation (Delhi->Chandigarh drive, 2026-05-09, large sunflower areas in full bloom near Kurukshetra-Karnal) and her resulting Sentinel-2 temporal hypothesis (April green -> May flowering-period green -> June harvested/brown/ploughed). NOT independently confirmed sunflower ground truth. NOT derived from or cross-checked against AMED crop labels.", "real_pu_spent": 0.6933333539962768}}, {"type": "Feature", "id": "8J2R6RC9+5379", "geometry": {"type": "MultiPolygon", "coordinates": [[[[76.8177324, 30.2203826], [76.8177228, 30.2204279], [76.8176503, 30.2204379], [76.8176493, 30.2203838], [76.8177324, 30.2203826]]]]}, "properties": {"field_id": "8J2R6RC9+5379", "centroid_lat": 30.220403, "centroid_lon": 76.817697, "area_sqm": 41.0464, "source_cell": "390e3554", "ndvi_apr": 0.5537809530893961, "ndvi_may": 0.5098818600177765, "ndvi_june": 0.42537132650613785, "ndvi_apr_june_change": 0.12840962658325827, "ndre_apr": 0.39586105942726135, "ndre_may": 0.3706563591957092, "ndre_june": 0.28591837733983994, "ndwi_apr": 0.16755032539367676, "ndwi_may": 0.16464329957962037, "ndwi_june": 0.08584400825202465, "ndyi_apr": 0.2697472870349884, "ndyi_may": 0.19612805247306825, "ndyi_june": 0.17804335989058018, "valid_pixel_fraction": 0.917, "baseline_rule_pass": false, "sunflower_candidate_score": 0.4326, "candidate_tier": "C", "training_label": "UNCERTAIN", "label_method": "cofounder_green_to_brown_temporal_heuristic", "label_provenance": "Weak label derived from the co-founder's Google Earth field observation (Delhi->Chandigarh drive, 2026-05-09, large sunflower areas in full bloom near Kurukshetra-Karnal) and her resulting Sentinel-2 temporal hypothesis (April green -> May flowering-period green -> June harvested/brown/ploughed). NOT independently confirmed sunflower ground truth. NOT derived from or cross-checked against AMED crop labels.", "real_pu_spent": 0.6933333539962768}}, {"type": "Feature", "id": "8J2R6RFC+WHFG", "geometry": {"type": "MultiPolygon", "coordinates": [[[[76.8215652, 30.224858500000003], [76.8214201, 30.2248785], [76.8214084, 30.2248065], [76.8213876, 30.2248068], [76.8214027, 30.225059199999997], [76.8213822, 30.225077600000002], [76.8213382, 30.224942799999997], [76.8213129, 30.224699599999997], [76.821479, 30.224688300000004], [76.8215306, 30.2246695], [76.8215652, 30.224858500000003]]]]}, "properties": {"field_id": "8J2R6RFC+WHFG", "centroid_lat": 30.22485, "centroid_lon": 76.821436, "area_sqm": 523.0892, "source_cell": "390e3554", "ndvi_apr": 0.6772391969958941, "ndvi_may": 0.6255464725196361, "ndvi_june": 0.38658155128359795, "ndvi_apr_june_change": 0.29065764571229613, "ndre_apr": 0.4949292466044426, "ndre_may": 0.42110372260212897, "ndre_june": 0.2247031987644732, "ndwi_apr": 0.2071282888452212, "ndwi_may": 0.1973670467734337, "ndwi_june": 0.0590792786097154, "ndyi_apr": 0.29192974356313545, "ndyi_may": 0.1973632862791419, "ndyi_june": 0.1669139910954982, "valid_pixel_fraction": 0.917, "baseline_rule_pass": false, "sunflower_candidate_score": 0.5711, "candidate_tier": "C", "training_label": "UNCERTAIN", "label_method": "cofounder_green_to_brown_temporal_heuristic", "label_provenance": "Weak label derived from the co-founder's Google Earth field observation (Delhi->Chandigarh drive, 2026-05-09, large sunflower areas in full bloom near Kurukshetra-Karnal) and her resulting Sentinel-2 temporal hypothesis (April green -> May flowering-period green -> June harvested/brown/ploughed). NOT independently confirmed sunflower ground truth. NOT derived from or cross-checked against AMED crop labels.", "real_pu_spent": 0.6933333539962768}}, {"type": "Feature", "id": "8J2R6RCC+7JFC", "geometry": {"type": "MultiPolygon", "coordinates": [[[[76.82182209999999, 30.220758899999996], [76.8214174, 30.220782599999996], [76.82116789999999, 30.220777], [76.8211659, 30.2206688], [76.8213628, 30.220639], [76.8217456, 30.2205525], [76.8218286, 30.2205513], [76.82182209999999, 30.220758899999996]]]]}, "properties": {"field_id": "8J2R6RCC+7JFC", "centroid_lat": 30.220686, "centroid_lon": 76.821542, "area_sqm": 1170.8195, "source_cell": "390e3554", "ndvi_apr": 0.1611891002394259, "ndvi_may": 0.1302211619913578, "ndvi_june": 0.11260506953112781, "ndvi_apr_june_change": 0.04858403070829809, "ndre_apr": 0.08237276202999057, "ndre_may": 0.056274712094455025, "ndre_june": 0.05634625893435441, "ndwi_apr": -0.11051216038564841, "ndwi_may": -0.09807032481767237, "ndwi_june": -0.04327489609083083, "ndyi_apr": 0.1856833091005683, "ndyi_may": 0.152584592346102, "ndyi_june": 0.1405392635303239, "valid_pixel_fraction": 0.917, "baseline_rule_pass": false, "sunflower_candidate_score": 0.3025, "candidate_tier": "D", "training_label": "NON_SUNFLOWER_TEMPORAL_NEGATIVE", "label_method": "cofounder_green_to_brown_temporal_heuristic", "label_provenance": "Weak label derived from the co-founder's Google Earth field observation (Delhi->Chandigarh drive, 2026-05-09, large sunflower areas in full bloom near Kurukshetra-Karnal) and her resulting Sentinel-2 temporal hypothesis (April green -> May flowering-period green -> June harvested/brown/ploughed). NOT independently confirmed sunflower ground truth. NOT derived from or cross-checked against AMED crop labels.", "real_pu_spent": 0.6933333539962768}}, {"type": "Feature", "id": "8J2R6RF9+3PX4", "geometry": {"type": "MultiPolygon", "coordinates": [[[[76.819589, 30.222477099999992], [76.8196088, 30.222990999999997], [76.81914139999999, 30.222997499999998], [76.8191135, 30.22261], [76.81912109999999, 30.222456500000003], [76.819589, 30.222477099999992]]]]}, "properties": {"field_id": "8J2R6RF9+3PX4", "centroid_lat": 30.222668, "centroid_lon": 76.81936, "area_sqm": 2672.5158, "source_cell": "390e3554", "ndvi_apr": 0.16224374936686622, "ndvi_may": 0.12354672034581504, "ndvi_june": 0.08675839736436805, "ndvi_apr_june_change": 0.07548535200249817, "ndre_apr": 0.09201954590777556, "ndre_may": 0.0644580878689885, "ndre_june": 0.03594155377165104, "ndwi_apr": -0.09826684726609125, "ndwi_may": -0.08536370067236324, "ndwi_june": -0.08066919865086675, "ndyi_apr": 0.1630744583076901, "ndyi_may": 0.14230788588523866, "ndyi_june": 0.13833837099373342, "valid_pixel_fraction": 0.917, "baseline_rule_pass": false, "sunflower_candidate_score": 0.3347, "candidate_tier": "D", "training_label": "NON_SUNFLOWER_TEMPORAL_NEGATIVE", "label_method": "cofounder_green_to_brown_temporal_heuristic", "label_provenance": "Weak label derived from the co-founder's Google Earth field observation (Delhi->Chandigarh drive, 2026-05-09, large sunflower areas in full bloom near Kurukshetra-Karnal) and her resulting Sentinel-2 temporal hypothesis (April green -> May flowering-period green -> June harvested/brown/ploughed). NOT independently confirmed sunflower ground truth. NOT derived from or cross-checked against AMED crop labels.", "real_pu_spent": 0.6933333539962768}}, {"type": "Feature", "id": "8J2R6R8F+M4XC", "geometry": {"type": "MultiPolygon", "coordinates": [[[[76.8231279, 30.214957599999998], [76.82316349999999, 30.2168878], [76.82318409999999, 30.217437900000004], [76.82318459999999, 30.217464999999997], [76.8231837, 30.217979200000002], [76.82317379999999, 30.218006399999997], [76.8231741, 30.2180245], [76.8231857, 30.2180875], [76.8231809, 30.218394299999996], [76.8225683, 30.218411800000002], [76.8225343, 30.217131199999997], [76.822496, 30.2167437], [76.8224915, 30.216500200000002], [76.82252070000001, 30.216391500000004], [76.822536, 30.2160936], [76.82250069999999, 30.2153092], [76.822644, 30.2151899], [76.82293109999999, 30.214987400000002], [76.82303399999999, 30.214931899999996], [76.82310629999999, 30.214912799999993], [76.8231279, 30.214957599999998]]]]}, "properties": {"field_id": "8J2R6R8F+M4XC", "centroid_lat": 30.21661, "centroid_lon": 76.822907, "area_sqm": 22507.3608, "source_cell": "390e3554", "ndvi_apr": 0.5458669891522362, "ndvi_may": 0.5579244409529668, "ndvi_june": 0.3764252555076584, "ndvi_apr_june_change": 0.16944173364457782, "ndre_apr": 0.37425874795928693, "ndre_may": 0.371957748007943, "ndre_june": 0.2057830979477666, "ndwi_apr": 0.1566098930074031, "ndwi_may": 0.19358079244253085, "ndwi_june": 0.08299573466114599, "ndyi_apr": 0.23807385949031365, "ndyi_may": 0.26400547842372146, "ndyi_june": 0.1692831986882684, "valid_pixel_fraction": 0.917, "baseline_rule_pass": false, "sunflower_candidate_score": 0.4585, "candidate_tier": "C", "training_label": "UNCERTAIN", "label_method": "cofounder_green_to_brown_temporal_heuristic", "label_provenance": "Weak label derived from the co-founder's Google Earth field observation (Delhi->Chandigarh drive, 2026-05-09, large sunflower areas in full bloom near Kurukshetra-Karnal) and her resulting Sentinel-2 temporal hypothesis (April green -> May flowering-period green -> June harvested/brown/ploughed). NOT independently confirmed sunflower ground truth. NOT derived from or cross-checked against AMED crop labels.", "real_pu_spent": 0.6933333539962768}}, {"type": "Feature", "id": "8J2R6VG4+9M6J", "geometry": {"type": "MultiPolygon", "coordinates": [[[[76.8566482, 30.225899799999997], [76.8566489, 30.2259358], [76.8566073, 30.2259364], [76.8566065, 30.225891299999997], [76.8566482, 30.225899799999997]]]]}, "properties": {"field_id": "8J2R6VG4+9M6J", "centroid_lat": 30.225913, "centroid_lon": 76.856632, "area_sqm": 18.0198, "source_cell": "390e4acc", "ndvi_apr": 0.1849176287651062, "ndvi_may": 0.16714540496468544, "ndvi_june": 0.08547869821389516, "ndvi_apr_june_change": 0.09943893055121104, "ndre_apr": 0.11709952851136525, "ndre_may": 0.09531196905300021, "ndre_june": 0.02441748386869828, "ndwi_apr": -0.060352729012568794, "ndwi_may": -0.10962728038430214, "ndwi_june": -0.10422466695308685, "ndyi_apr": 0.18318740030129751, "ndyi_may": 0.1364719681441784, "ndyi_june": 0.14874260624249777, "valid_pixel_fraction": 0.767, "baseline_rule_pass": false, "sunflower_candidate_score": 0.3478, "candidate_tier": "D", "training_label": "NON_SUNFLOWER_TEMPORAL_NEGATIVE", "label_method": "cofounder_green_to_brown_temporal_heuristic", "label_provenance": "Weak label derived from the co-founder's Google Earth field observation (Delhi->Chandigarh drive, 2026-05-09, large sunflower areas in full bloom near Kurukshetra-Karnal) and her resulting Sentinel-2 temporal hypothesis (April green -> May flowering-period green -> June harvested/brown/ploughed). NOT independently confirmed sunflower ground truth. NOT derived from or cross-checked against AMED crop labels.", "real_pu_spent": 0.6933333539962768}}, {"type": "Feature", "id": "8J2R6VG4+C6V3", "geometry": {"type": "MultiPolygon", "coordinates": [[[[76.8556395, 30.225850899999998], [76.8556388, 30.226365199999996], [76.85546219999999, 30.226367699999997], [76.85543179999999, 30.2258538], [76.8556395, 30.225850899999998]]]]}, "properties": {"field_id": "8J2R6VG4+C6V3", "centroid_lat": 30.226058, "centroid_lon": 76.855562, "area_sqm": 1055.6585, "source_cell": "390e4acc", "ndvi_apr": 0.20853481524520448, "ndvi_may": 0.20081419482206303, "ndvi_june": 0.1186011323912276, "ndvi_apr_june_change": 0.08993368285397688, "ndre_apr": 0.12927845720615652, "ndre_may": 0.12360469550670433, "ndre_june": 0.06684100498548812, "ndwi_apr": -0.055341434044142566, "ndwi_may": -0.08950238282947491, "ndwi_june": -0.07084263385170037, "ndyi_apr": 0.1788762534658114, "ndyi_may": 0.13936231533686322, "ndyi_june": 0.14993952504462665, "valid_pixel_fraction": 0.767, "baseline_rule_pass": false, "sunflower_candidate_score": 0.3312, "candidate_tier": "D", "training_label": "NON_SUNFLOWER_TEMPORAL_NEGATIVE", "label_method": "cofounder_green_to_brown_temporal_heuristic", "label_provenance": "Weak label derived from the co-founder's Google Earth field observation (Delhi->Chandigarh drive, 2026-05-09, large sunflower areas in full bloom near Kurukshetra-Karnal) and her resulting Sentinel-2 temporal hypothesis (April green -> May flowering-period green -> June harvested/brown/ploughed). NOT independently confirmed sunflower ground truth. NOT derived from or cross-checked against AMED crop labels.", "real_pu_spent": 0.6933333539962768}}, {"type": "Feature", "id": "8J2R6VG4+6JG3", "geometry": {"type": "MultiPolygon", "coordinates": [[[[76.8569067, 30.2252826], [76.8569271, 30.225814600000003], [76.8562728, 30.225823899999998], [76.8562595, 30.2256707], [76.8562489, 30.225661799999997], [76.8562389, 30.225679999999993], [76.8562077, 30.225680500000003], [76.85622359999999, 30.225418599999994], [76.85624279999999, 30.225337099999997], [76.8562316, 30.225292200000002], [76.8569067, 30.2252826]]]]}, "properties": {"field_id": "8J2R6VG4+6JG3", "centroid_lat": 30.22554, "centroid_lon": 76.856424, "area_sqm": 3881.2566, "source_cell": "390e4acc", "ndvi_apr": 0.26623880177263226, "ndvi_may": 0.1720033519945684, "ndvi_june": 0.08293579959325374, "ndvi_apr_june_change": 0.1833030021793785, "ndre_apr": 0.16424046391769057, "ndre_may": 0.10426607987444317, "ndre_june": 0.03506319992436421, "ndwi_apr": -0.02716961191109722, "ndwi_may": -0.05874657130334526, "ndwi_june": -0.10450439095970183, "ndyi_apr": 0.2033247205000075, "ndyi_may": 0.14723794432800438, "ndyi_june": 0.15153702360297008, "valid_pixel_fraction": 0.767, "baseline_rule_pass": false, "sunflower_candidate_score": 0.4163, "candidate_tier": "D", "training_label": "NON_SUNFLOWER_TEMPORAL_NEGATIVE", "label_method": "cofounder_green_to_brown_temporal_heuristic", "label_provenance": "Weak label derived from the co-founder's Google Earth field observation (Delhi->Chandigarh drive, 2026-05-09, large sunflower areas in full bloom near Kurukshetra-Karnal) and her resulting Sentinel-2 temporal hypothesis (April green -> May flowering-period green -> June harvested/brown/ploughed). NOT independently confirmed sunflower ground truth. NOT derived from or cross-checked against AMED crop labels.", "real_pu_spent": 0.6933333539962768}}, {"type": "Feature", "id": "8J2R6W92+HM7F", "geometry": {"type": "MultiPolygon", "coordinates": [[[[76.90168539999999, 30.2188934], [76.9016965, 30.2189293], [76.90164469999999, 30.218939099999997], [76.9016335, 30.218894199999994], [76.90168539999999, 30.2188934]]]]}, "properties": {"field_id": "8J2R6W92+HM7F", "centroid_lat": 30.21891, "centroid_lon": 76.901669, "area_sqm": 23.0244, "source_cell": "390e4b44", "ndvi_apr": 0.14002367854118347, "ndvi_may": 0.10946954600512981, "ndvi_june": 0.0953143189350764, "ndvi_apr_june_change": 0.04470935960610707, "ndre_apr": 0.06542609259486198, "ndre_may": 0.05983229726552963, "ndre_june": 0.04003753140568733, "ndwi_apr": -0.07817856967449188, "ndwi_may": -0.08890950866043568, "ndwi_june": -0.0761771189669768, "ndyi_apr": 0.18735836446285248, "ndyi_may": 0.13392032869160175, "ndyi_june": 0.1320375402768453, "valid_pixel_fraction": 0.683, "baseline_rule_pass": false, "sunflower_candidate_score": 0.2802, "candidate_tier": "D", "training_label": "NON_SUNFLOWER_TEMPORAL_NEGATIVE", "label_method": "cofounder_green_to_brown_temporal_heuristic", "label_provenance": "Weak label derived from the co-founder's Google Earth field observation (Delhi->Chandigarh drive, 2026-05-09, large sunflower areas in full bloom near Kurukshetra-Karnal) and her resulting Sentinel-2 temporal hypothesis (April green -> May flowering-period green -> June harvested/brown/ploughed). NOT independently confirmed sunflower ground truth. NOT derived from or cross-checked against AMED crop labels.", "real_pu_spent": 0.6933333539962768}}, {"type": "Feature", "id": "8J2R6W73+84WC", "geometry": {"type": "MultiPolygon", "coordinates": [[[[76.90272019999999, 30.213284800000007], [76.9031361, 30.213305899999998], [76.9031588, 30.2134048], [76.9028685, 30.2134361], [76.9025362, 30.2134409], [76.902523, 30.213296699999994], [76.90272019999999, 30.213284800000007]]]]}, "properties": {"field_id": "8J2R6W73+84WC", "centroid_lat": 30.213351, "centroid_lon": 76.902809, "area_sqm": 901.4549, "source_cell": "390e4b44", "ndvi_apr": 0.2573817869027456, "ndvi_may": 0.16223107200736803, "ndvi_june": 0.11965017289751106, "ndvi_apr_june_change": 0.13773161400523454, "ndre_apr": 0.1623574135204156, "ndre_may": 0.13297394888165098, "ndre_june": 0.07726174644711944, "ndwi_apr": -0.11107547821787496, "ndwi_may": -0.043972876291566834, "ndwi_june": -0.0679751635891282, "ndyi_apr": 0.2463176492601633, "ndyi_may": 0.12629420605177683, "ndyi_june": 0.12581385982533297, "valid_pixel_fraction": 0.683, "baseline_rule_pass": false, "sunflower_candidate_score": 0.3526, "candidate_tier": "D", "training_label": "NON_SUNFLOWER_TEMPORAL_NEGATIVE", "label_method": "cofounder_green_to_brown_temporal_heuristic", "label_provenance": "Weak label derived from the co-founder's Google Earth field observation (Delhi->Chandigarh drive, 2026-05-09, large sunflower areas in full bloom near Kurukshetra-Karnal) and her resulting Sentinel-2 temporal hypothesis (April green -> May flowering-period green -> June harvested/brown/ploughed). NOT independently confirmed sunflower ground truth. NOT derived from or cross-checked against AMED crop labels.", "real_pu_spent": 0.6933333539962768}}, {"type": "Feature", "id": "8J2R6W93+3CCR", "geometry": {"type": "MultiPolygon", "coordinates": [[[[76.9030003, 30.2175842], [76.9040078, 30.2175786], [76.9039796, 30.217732400000003], [76.903981, 30.2178045], [76.9031088, 30.217826200000005], [76.9029695, 30.217602699999997], [76.9030003, 30.2175842]]]]}, "properties": {"field_id": "8J2R6W93+3CCR", "centroid_lat": 30.217673, "centroid_lon": 76.903435, "area_sqm": 2394.0326, "source_cell": "390e4b44", "ndvi_apr": 0.6335071136554081, "ndvi_may": 0.5738507923980554, "ndvi_june": 0.14829179880519705, "ndvi_apr_june_change": 0.4852153148502111, "ndre_apr": 0.4334091052412987, "ndre_may": 0.37854350792864966, "ndre_june": 0.05632339000391463, "ndwi_apr": 0.19204900364081068, "ndwi_may": 0.20196655904874206, "ndwi_june": -0.009744826999182502, "ndyi_apr": 0.33036676521102587, "ndyi_may": 0.18781168721616265, "ndyi_june": 0.14915154290695984, "valid_pixel_fraction": 0.6, "baseline_rule_pass": true, "sunflower_candidate_score": 0.6867, "candidate_tier": "A", "training_label": "SUNFLOWER_WEAK_POSITIVE_HIGH", "label_method": "cofounder_green_to_brown_temporal_heuristic", "label_provenance": "Weak label derived from the co-founder's Google Earth field observation (Delhi->Chandigarh drive, 2026-05-09, large sunflower areas in full bloom near Kurukshetra-Karnal) and her resulting Sentinel-2 temporal hypothesis (April green -> May flowering-period green -> June harvested/brown/ploughed). NOT independently confirmed sunflower ground truth. NOT derived from or cross-checked against AMED crop labels.", "real_pu_spent": 0.6933333539962768}}, {"type": "Feature", "id": "8J2R6WC2+6WW3", "geometry": {"type": "MultiPolygon", "coordinates": [[[[76.9026688, 30.2203316], [76.9026791, 30.220863800000007], [76.90198319999999, 30.2208739], [76.90198319999999, 30.2203326], [76.9026688, 30.2203316]]]]}, "properties": {"field_id": "8J2R6WC2+6WW3", "centroid_lat": 30.220547, "centroid_lon": 76.902397, "area_sqm": 3961.1923, "source_cell": "390e4b44", "ndvi_apr": 0.11675001969117493, "ndvi_may": 0.19385709196683903, "ndvi_june": 0.3371343975738874, "ndvi_apr_june_change": -0.22038437788271248, "ndre_apr": 0.05995124305731485, "ndre_may": 0.10965216474696285, "ndre_june": 0.19053596505037848, "ndwi_apr": -0.07668212051725104, "ndwi_may": -0.04188301506274867, "ndwi_june": 0.07581167653321273, "ndyi_apr": 0.1507408098273334, "ndyi_may": 0.13817898600938772, "ndyi_june": 0.16399749433473934, "valid_pixel_fraction": 0.683, "baseline_rule_pass": false, "sunflower_candidate_score": 0.1446, "candidate_tier": "D", "training_label": "NON_SUNFLOWER_TEMPORAL_NEGATIVE", "label_method": "cofounder_green_to_brown_temporal_heuristic", "label_provenance": "Weak label derived from the co-founder's Google Earth field observation (Delhi->Chandigarh drive, 2026-05-09, large sunflower areas in full bloom near Kurukshetra-Karnal) and her resulting Sentinel-2 temporal hypothesis (April green -> May flowering-period green -> June harvested/brown/ploughed). NOT independently confirmed sunflower ground truth. NOT derived from or cross-checked against AMED crop labels.", "real_pu_spent": 0.6933333539962768}}, {"type": "Feature", "id": "8J2R6W8R+PJ9H", "geometry": {"type": "MultiPolygon", "coordinates": [[[[76.9416385, 30.216764800000007], [76.94163940000001, 30.216809800000004], [76.94159789999999, 30.2168105], [76.94159680000001, 30.216756399999998], [76.9416385, 30.216764800000007]]]]}, "properties": {"field_id": "8J2R6W8R+PJ9H", "centroid_lat": 30.216781, "centroid_lon": 76.941622, "area_sqm": 22.0226, "source_cell": "390e4cc4", "ndvi_apr": 0.2071891650557518, "ndvi_may": 0.570619136095047, "ndvi_june": 0.6744517882664999, "ndvi_apr_june_change": -0.4672626232107481, "ndre_apr": 0.13178276643157005, "ndre_may": 0.2985280863940716, "ndre_june": 0.4214362899462382, "ndwi_apr": -0.0003120005130767822, "ndwi_may": 0.08839345816522837, "ndwi_june": 0.15970431764920553, "ndyi_apr": 0.1650344431400299, "ndyi_may": 0.2019660770893097, "ndyi_june": 0.24327022830645242, "valid_pixel_fraction": 0.683, "baseline_rule_pass": false, "sunflower_candidate_score": 0.2482, "candidate_tier": "D", "training_label": "NON_SUNFLOWER_TEMPORAL_NEGATIVE", "label_method": "cofounder_green_to_brown_temporal_heuristic", "label_provenance": "Weak label derived from the co-founder's Google Earth field observation (Delhi->Chandigarh drive, 2026-05-09, large sunflower areas in full bloom near Kurukshetra-Karnal) and her resulting Sentinel-2 temporal hypothesis (April green -> May flowering-period green -> June harvested/brown/ploughed). NOT independently confirmed sunflower ground truth. NOT derived from or cross-checked against AMED crop labels.", "real_pu_spent": 0.6933333539962768}}, {"type": "Feature", "id": "8J2R6WCR+XH56", "geometry": {"type": "MultiPolygon", "coordinates": [[[[76.9415588, 30.2222241], [76.941565, 30.2225398], [76.941378, 30.2225425], [76.9413822, 30.2222267], [76.9415588, 30.2222241]]]]}, "properties": {"field_id": "8J2R6WCR+XH56", "centroid_lat": 30.222351, "centroid_lon": 76.941489, "area_sqm": 613.1276, "source_cell": "390e4cc4", "ndvi_apr": 0.38357093278318644, "ndvi_may": 0.3090287819504738, "ndvi_june": 0.40158943583567935, "ndvi_apr_june_change": -0.018018503052492918, "ndre_apr": 0.23784397542476654, "ndre_may": 0.19371633091941476, "ndre_june": 0.25501839506129426, "ndwi_apr": 0.0030070939101278778, "ndwi_may": 0.026558914629276842, "ndwi_june": 0.08624786976724863, "ndyi_apr": 0.23100942187011242, "ndyi_may": 0.14801452937535942, "ndyi_june": 0.15317074116319418, "valid_pixel_fraction": 0.683, "baseline_rule_pass": false, "sunflower_candidate_score": 0.2545, "candidate_tier": "D", "training_label": "NON_SUNFLOWER_TEMPORAL_NEGATIVE", "label_method": "cofounder_green_to_brown_temporal_heuristic", "label_provenance": "Weak label derived from the co-founder's Google Earth field observation (Delhi->Chandigarh drive, 2026-05-09, large sunflower areas in full bloom near Kurukshetra-Karnal) and her resulting Sentinel-2 temporal hypothesis (April green -> May flowering-period green -> June harvested/brown/ploughed). NOT independently confirmed sunflower ground truth. NOT derived from or cross-checked against AMED crop labels.", "real_pu_spent": 0.6933333539962768}}, {"type": "Feature", "id": "8J2R6WFX+X938", "geometry": {"type": "MultiPolygon", "coordinates": [[[[76.9479978, 30.224762799999997], [76.9481631, 30.224715300000003], [76.9482661, 30.2246686], [76.94837869999999, 30.2245858], [76.94844979999999, 30.224503499999997], [76.9486938, 30.2247615], [76.94869539999999, 30.2248427], [76.9487513, 30.225040300000003], [76.9487547, 30.225211700000003], [76.948557, 30.2251966], [76.9483786, 30.225109000000007], [76.94809479999999, 30.2249418], [76.9480207, 30.224870799999994], [76.9479774, 30.2247812], [76.9479978, 30.224762799999997]]]]}, "properties": {"field_id": "8J2R6WFX+X938", "centroid_lat": 30.22485, "centroid_lon": 76.948345, "area_sqm": 3280.3361, "source_cell": "390e4cc4", "ndvi_apr": 0.4184171926407587, "ndvi_may": 0.4021219738005173, "ndvi_june": 0.28755684007727905, "ndvi_apr_june_change": 0.13086035256347966, "ndre_apr": 0.26671796070323106, "ndre_may": 0.24148352594957467, "ndre_june": 0.17492260006330315, "ndwi_apr": 0.040192373407383755, "ndwi_may": 0.05098943525393095, "ndwi_june": -0.0025306854522713098, "ndyi_apr": 0.2765555449184917, "ndyi_may": 0.1669952404197483, "ndyi_june": 0.147245965602379, "valid_pixel_fraction": 0.683, "baseline_rule_pass": false, "sunflower_candidate_score": 0.345, "candidate_tier": "D", "training_label": "NON_SUNFLOWER_TEMPORAL_NEGATIVE", "label_method": "cofounder_green_to_brown_temporal_heuristic", "label_provenance": "Weak label derived from the co-founder's Google Earth field observation (Delhi->Chandigarh drive, 2026-05-09, large sunflower areas in full bloom near Kurukshetra-Karnal) and her resulting Sentinel-2 temporal hypothesis (April green -> May flowering-period green -> June harvested/brown/ploughed). NOT independently confirmed sunflower ground truth. NOT derived from or cross-checked against AMED crop labels.", "real_pu_spent": 0.6933333539962768}}, {"type": "Feature", "id": "8J2R6W9X+2V9C", "geometry": {"type": "MultiPolygon", "coordinates": [[[[76.95053539999999, 30.2175348], [76.95044659999999, 30.2177707], [76.95039109999999, 30.2181143], [76.9502555, 30.218089299999992], [76.94979479999999, 30.217906700000004], [76.94943959999999, 30.217803699999997], [76.948613, 30.2175002], [76.9486877, 30.2170751], [76.9489593, 30.217152300000002], [76.9490119, 30.2171876], [76.9492214, 30.217274699999997], [76.95007939999999, 30.2175867], [76.9501106, 30.217586200000003], [76.9501102, 30.217568199999995], [76.9500058, 30.217542700000003], [76.9497229, 30.217420599999997], [76.94986329999999, 30.217165899999994], [76.94997529999999, 30.217046900000003], [76.950499, 30.2172647], [76.950593, 30.217290399999996], [76.95053539999999, 30.2175348]]]]}, "properties": {"field_id": "8J2R6W9X+2V9C", "centroid_lat": 30.217496, "centroid_lon": 76.94985, "area_sqm": 11988.1946, "source_cell": "390e4cc4", "ndvi_apr": 0.21082625694965065, "ndvi_may": 0.15850773598312545, "ndvi_june": 0.10817396152241711, "ndvi_apr_june_change": 0.10265229542723354, "ndre_apr": 0.133113506078524, "ndre_may": 0.08916242719605133, "ndre_june": 0.049532466103412644, "ndwi_apr": -0.050770296853060184, "ndwi_may": -0.018346647629521998, "ndwi_june": -0.06053660603101249, "ndyi_apr": 0.2016620425703494, "ndyi_may": 0.13339691112847307, "ndyi_june": 0.1221420005241638, "valid_pixel_fraction": 0.683, "baseline_rule_pass": false, "sunflower_candidate_score": 0.3296, "candidate_tier": "D", "training_label": "NON_SUNFLOWER_TEMPORAL_NEGATIVE", "label_method": "cofounder_green_to_brown_temporal_heuristic", "label_provenance": "Weak label derived from the co-founder's Google Earth field observation (Delhi->Chandigarh drive, 2026-05-09, large sunflower areas in full bloom near Kurukshetra-Karnal) and her resulting Sentinel-2 temporal hypothesis (April green -> May flowering-period green -> June harvested/brown/ploughed). NOT independently confirmed sunflower ground truth. NOT derived from or cross-checked against AMED crop labels.", "real_pu_spent": 0.6933333539962768}}, {"type": "Feature", "id": "8J2R6XHG+R9QG", "geometry": {"type": "MultiPolygon", "coordinates": [[[[76.9760293, 30.2295666], [76.9760508, 30.229602399999997], [76.97594699999999, 30.229603900000004], [76.975926, 30.2295952], [76.97592569999999, 30.22957719999999], [76.9760293, 30.2295666]]]]}, "properties": {"field_id": "8J2R6XHG+R9QG", "centroid_lat": 30.229585, "centroid_lon": 76.975985, "area_sqm": 38.0377, "source_cell": "390e4d3c", "ndvi_apr": 0.5596784353256226, "ndvi_may": 0.45656440407037735, "ndvi_june": 0.36055608093738556, "ndvi_apr_june_change": 0.199122354388237, "ndre_apr": 0.34772443771362305, "ndre_may": 0.2673526369035244, "ndre_june": 0.2830473929643631, "ndwi_apr": -0.008399067912250757, "ndwi_may": -0.049928899854421616, "ndwi_june": -0.21120182424783707, "ndyi_apr": 0.3428015112876892, "ndyi_may": 0.1676248088479042, "ndyi_june": 0.14323683828115463, "valid_pixel_fraction": 0.6, "baseline_rule_pass": false, "sunflower_candidate_score": 0.4253, "candidate_tier": "C", "training_label": "UNCERTAIN", "label_method": "cofounder_green_to_brown_temporal_heuristic", "label_provenance": "Weak label derived from the co-founder's Google Earth field observation (Delhi->Chandigarh drive, 2026-05-09, large sunflower areas in full bloom near Kurukshetra-Karnal) and her resulting Sentinel-2 temporal hypothesis (April green -> May flowering-period green -> June harvested/brown/ploughed). NOT independently confirmed sunflower ground truth. NOT derived from or cross-checked against AMED crop labels.", "real_pu_spent": 0.6933333539962768}}, {"type": "Feature", "id": "8J2R6XHM+3FHP", "geometry": {"type": "MultiPolygon", "coordinates": [[[[76.98400699999999, 30.227434199999998], [76.98401729999999, 30.227948300000005], [76.9834669, 30.2279566], [76.9834564, 30.2274335], [76.98400699999999, 30.227434199999998]]]]}, "properties": {"field_id": "8J2R6XHM+3FHP", "centroid_lat": 30.227641, "centroid_lon": 76.983791, "area_sqm": 3050.5041, "source_cell": "390e4d3c", "ndvi_apr": 0.1655458432932695, "ndvi_may": 0.15209430406490962, "ndvi_june": 0.120443611467878, "ndvi_apr_june_change": 0.045102231825391484, "ndre_apr": 0.11250894914070766, "ndre_may": 0.10098199395773311, "ndre_june": 0.07722824945424994, "ndwi_apr": -0.07573846026013295, "ndwi_may": -0.07936518254282418, "ndwi_june": -0.045888041829069456, "ndyi_apr": 0.19085669542352357, "ndyi_may": 0.13066743345310294, "ndyi_june": 0.14386364420255024, "valid_pixel_fraction": 0.6, "baseline_rule_pass": false, "sunflower_candidate_score": 0.2686, "candidate_tier": "D", "training_label": "NON_SUNFLOWER_TEMPORAL_NEGATIVE", "label_method": "cofounder_green_to_brown_temporal_heuristic", "label_provenance": "Weak label derived from the co-founder's Google Earth field observation (Delhi->Chandigarh drive, 2026-05-09, large sunflower areas in full bloom near Kurukshetra-Karnal) and her resulting Sentinel-2 temporal hypothesis (April green -> May flowering-period green -> June harvested/brown/ploughed). NOT independently confirmed sunflower ground truth. NOT derived from or cross-checked against AMED crop labels.", "real_pu_spent": 0.6933333539962768}}, {"type": "Feature", "id": "8J2R6XCH+6GQJ", "geometry": {"type": "MultiPolygon", "coordinates": [[[[76.97915859999999, 30.22033529999999], [76.9791765, 30.220713999999994], [76.9791583, 30.2208406], [76.97854559999999, 30.220849800000003], [76.97851469999999, 30.220345099999996], [76.97915859999999, 30.22033529999999]]]]}, "properties": {"field_id": "8J2R6XCH+6GQJ", "centroid_lat": 30.22057, "centroid_lon": 76.978952, "area_sqm": 3440.4077, "source_cell": "390e4d3c", "ndvi_apr": 0.2123438593828016, "ndvi_may": 0.17868615107403862, "ndvi_june": 0.6163228009310033, "ndvi_apr_june_change": -0.40397894154820174, "ndre_apr": 0.13693173840228054, "ndre_may": 0.09389439421809384, "ndre_june": 0.3789222778545486, "ndwi_apr": -0.06364832782290047, "ndwi_may": -0.06340013733521725, "ndwi_june": 0.22894032237430417, "ndyi_apr": 0.19641078967187142, "ndyi_may": 0.1304872111003432, "ndyi_june": 0.19268318482985097, "valid_pixel_fraction": 0.6, "baseline_rule_pass": false, "sunflower_candidate_score": 0.1646, "candidate_tier": "D", "training_label": "NON_SUNFLOWER_TEMPORAL_NEGATIVE", "label_method": "cofounder_green_to_brown_temporal_heuristic", "label_provenance": "Weak label derived from the co-founder's Google Earth field observation (Delhi->Chandigarh drive, 2026-05-09, large sunflower areas in full bloom near Kurukshetra-Karnal) and her resulting Sentinel-2 temporal hypothesis (April green -> May flowering-period green -> June harvested/brown/ploughed). NOT independently confirmed sunflower ground truth. NOT derived from or cross-checked against AMED crop labels.", "real_pu_spent": 0.6933333539962768}}, {"type": "Feature", "id": "8J2R6XGH+QW79", "geometry": {"type": "MultiPolygon", "coordinates": [[[[76.97928089999999, 30.2264411], [76.980361, 30.2264248], [76.9803932, 30.2269927], [76.98038129999999, 30.227434900000002], [76.9799456, 30.227468599999998], [76.9794988, 30.227466300000003], [76.97932469999999, 30.227072000000003], [76.9791097, 30.226714399999995], [76.9789906, 30.226472599999997], [76.97928089999999, 30.2264411]]]]}, "properties": {"field_id": "8J2R6XGH+QW79", "centroid_lat": 30.226893, "centroid_lon": 76.979657, "area_sqm": 12427.1695, "source_cell": "390e4d3c", "ndvi_apr": 0.35697844988769956, "ndvi_may": 0.679370188381937, "ndvi_june": 0.6886979180353658, "ndvi_apr_june_change": -0.3317194681476663, "ndre_apr": 0.18305068494821042, "ndre_may": 0.4635709656057535, "ndre_june": 0.44276468094300336, "ndwi_apr": 0.016716428571898072, "ndwi_may": 0.2562286128307244, "ndwi_june": 0.2971637869529701, "ndyi_apr": 0.2475348723155481, "ndyi_may": 0.21374641712065098, "ndyi_june": 0.2575796448522144, "valid_pixel_fraction": 0.6, "baseline_rule_pass": false, "sunflower_candidate_score": 0.3102, "candidate_tier": "D", "training_label": "NON_SUNFLOWER_TEMPORAL_NEGATIVE", "label_method": "cofounder_green_to_brown_temporal_heuristic", "label_provenance": "Weak label derived from the co-founder's Google Earth field observation (Delhi->Chandigarh drive, 2026-05-09, large sunflower areas in full bloom near Kurukshetra-Karnal) and her resulting Sentinel-2 temporal hypothesis (April green -> May flowering-period green -> June harvested/brown/ploughed). NOT independently confirmed sunflower ground truth. NOT derived from or cross-checked against AMED crop labels.", "real_pu_spent": 0.6933333539962768}}, {"type": "Feature", "id": "8J2V629H+FQCG", "geometry": {"type": "MultiPolygon", "coordinates": [[[[77.0293514, 30.2186744], [77.02947619999999, 30.2186815], [77.0293521, 30.2187105], [77.0293514, 30.2186744]]]]}, "properties": {"field_id": "8J2V629H+FQCG", "centroid_lat": 30.218685, "centroid_lon": 77.029383, "area_sqm": 24.0227, "source_cell": "390e5294", "ndvi_apr": 0.4182654917240143, "ndvi_may": 0.4041428193449974, "ndvi_june": 0.3503789007663727, "ndvi_apr_june_change": 0.0678865909576416, "ndre_apr": 0.22975295782089233, "ndre_may": 0.25356190651655197, "ndre_june": 0.2099456712603569, "ndwi_apr": -0.01907399483025074, "ndwi_may": 0.009313239075709134, "ndwi_june": -0.0009770684118848294, "ndyi_apr": 0.2183743417263031, "ndyi_may": 0.13725702464580536, "ndyi_june": 0.08285276032984257, "valid_pixel_fraction": 0.6, "baseline_rule_pass": false, "sunflower_candidate_score": 0.3077, "candidate_tier": "D", "training_label": "NON_SUNFLOWER_TEMPORAL_NEGATIVE", "label_method": "cofounder_green_to_brown_temporal_heuristic", "label_provenance": "Weak label derived from the co-founder's Google Earth field observation (Delhi->Chandigarh drive, 2026-05-09, large sunflower areas in full bloom near Kurukshetra-Karnal) and her resulting Sentinel-2 temporal hypothesis (April green -> May flowering-period green -> June harvested/brown/ploughed). NOT independently confirmed sunflower ground truth. NOT derived from or cross-checked against AMED crop labels.", "real_pu_spent": 0.6933333539962768}}, {"type": "Feature", "id": "8J2V628F+Q3JR", "geometry": {"type": "MultiPolygon", "coordinates": [[[[77.0228826, 30.2167897], [77.0228728, 30.216816899999994], [77.0226378, 30.21701], [77.0225273, 30.2171921], [77.02250649999999, 30.217192499999996], [77.02248449999999, 30.217129699999997], [77.02247129999999, 30.216994500000002], [77.0228613, 30.216763000000004], [77.0228826, 30.2167897]]]]}, "properties": {"field_id": "8J2V628F+Q3JR", "centroid_lat": 30.216964, "centroid_lon": 77.022681, "area_sqm": 527.0013, "source_cell": "390e5294", "ndvi_apr": 0.34727495705539535, "ndvi_may": 0.2632071057503874, "ndvi_june": 0.17390002242543479, "ndvi_apr_june_change": 0.17337493462996056, "ndre_apr": 0.18725147572430698, "ndre_may": 0.14804929867386818, "ndre_june": 0.10009820759296417, "ndwi_apr": -0.07477850179103289, "ndwi_may": -0.11691108777780423, "ndwi_june": -0.12141205133362251, "ndyi_apr": 0.23374543271281503, "ndyi_may": 0.13329949280755085, "ndyi_june": 0.13911539112979715, "valid_pixel_fraction": 0.6, "baseline_rule_pass": false, "sunflower_candidate_score": 0.3667, "candidate_tier": "C", "training_label": "UNCERTAIN", "label_method": "cofounder_green_to_brown_temporal_heuristic", "label_provenance": "Weak label derived from the co-founder's Google Earth field observation (Delhi->Chandigarh drive, 2026-05-09, large sunflower areas in full bloom near Kurukshetra-Karnal) and her resulting Sentinel-2 temporal hypothesis (April green -> May flowering-period green -> June harvested/brown/ploughed). NOT independently confirmed sunflower ground truth. NOT derived from or cross-checked against AMED crop labels.", "real_pu_spent": 0.6933333539962768}}, {"type": "Feature", "id": "8J2V628C+PX53", "geometry": {"type": "MultiPolygon", "coordinates": [[[[77.0229186, 30.216518500000003], [77.0229312, 30.2166266], [77.02295269999999, 30.216662299999996], [77.0226662, 30.216874299999997], [77.0224298, 30.2169952], [77.022285, 30.2170245], [77.0219944, 30.217038000000002], [77.02197939999999, 30.2168127], [77.0219996, 30.216785299999994], [77.0221956, 30.2167191], [77.02238249999999, 30.216716199999997], [77.02240239999999, 30.2166708], [77.0224228, 30.2166525], [77.02244189999999, 30.216571000000002], [77.0225444, 30.2165062], [77.02287419999999, 30.216374899999998], [77.0229186, 30.216518500000003]]]]}, "properties": {"field_id": "8J2V628C+PX53", "centroid_lat": 30.21671, "centroid_lon": 77.022491, "area_sqm": 3448.781, "source_cell": "390e5294", "ndvi_apr": 0.27444064598984835, "ndvi_may": 0.2321807687602392, "ndvi_june": 0.19220946311223797, "ndvi_apr_june_change": 0.08223118287761039, "ndre_apr": 0.1666584822644548, "ndre_may": 0.1425413797586793, "ndre_june": 0.10276948422102666, "ndwi_apr": -0.03795438365536606, "ndwi_may": -0.06240205668912427, "ndwi_june": -0.03140175104050374, "ndyi_apr": 0.23561796764048137, "ndyi_may": 0.1356077133564324, "ndyi_june": 0.11293071862764475, "valid_pixel_fraction": 0.6, "baseline_rule_pass": false, "sunflower_candidate_score": 0.2798, "candidate_tier": "D", "training_label": "NON_SUNFLOWER_TEMPORAL_NEGATIVE", "label_method": "cofounder_green_to_brown_temporal_heuristic", "label_provenance": "Weak label derived from the co-founder's Google Earth field observation (Delhi->Chandigarh drive, 2026-05-09, large sunflower areas in full bloom near Kurukshetra-Karnal) and her resulting Sentinel-2 temporal hypothesis (April green -> May flowering-period green -> June harvested/brown/ploughed). NOT independently confirmed sunflower ground truth. NOT derived from or cross-checked against AMED crop labels.", "real_pu_spent": 0.6933333539962768}}, {"type": "Feature", "id": "8J2V627C+VR4C", "geometry": {"type": "MultiPolygon", "coordinates": [[[[77.02110739999999, 30.2143001], [77.0213366, 30.2143327], [77.0220123, 30.214358299999997], [77.023217, 30.214348700000006], [77.02324949999999, 30.214411400000007], [77.0232654, 30.21468179999999], [77.0232079, 30.214917200000002], [77.0209335, 30.2149433], [77.0209209, 30.214835300000008], [77.0209449, 30.214483], [77.020941, 30.2142937], [77.02110739999999, 30.2143001]]]]}, "properties": {"field_id": "8J2V627C+VR4C", "centroid_lat": 30.214517, "centroid_lon": 77.021854, "area_sqm": 14492.2981, "source_cell": "390e5294", "ndvi_apr": 0.7895929291381598, "ndvi_may": 0.7165314097952398, "ndvi_june": 0.38133028728066026, "ndvi_apr_june_change": 0.40826264185749955, "ndre_apr": 0.5416407939625083, "ndre_may": 0.5066861177545896, "ndre_june": 0.21587144773217026, "ndwi_apr": 0.28757151818446663, "ndwi_may": 0.2965631167627062, "ndwi_june": 0.09689120545416424, "ndyi_apr": 0.379864258564407, "ndyi_may": 0.21236644831040627, "ndyi_june": 0.17326244857648143, "valid_pixel_fraction": 0.6, "baseline_rule_pass": false, "sunflower_candidate_score": 0.6403, "candidate_tier": "D", "training_label": "NON_SUNFLOWER_TEMPORAL_NEGATIVE", "label_method": "cofounder_green_to_brown_temporal_heuristic", "label_provenance": "Weak label derived from the co-founder's Google Earth field observation (Delhi->Chandigarh drive, 2026-05-09, large sunflower areas in full bloom near Kurukshetra-Karnal) and her resulting Sentinel-2 temporal hypothesis (April green -> May flowering-period green -> June harvested/brown/ploughed). NOT independently confirmed sunflower ground truth. NOT derived from or cross-checked against AMED crop labels.", "real_pu_spent": 0.6933333539962768}}]}