field_id,centroid_lat,centroid_lon,area_sqm,source_cell,ndvi_apr,ndvi_may,ndvi_june,ndvi_apr_june_change,ndre_apr,ndre_may,ndre_june,ndwi_apr,ndwi_may,ndwi_june,ndyi_apr,ndyi_may,ndyi_june,valid_pixel_fraction,baseline_rule_pass,sunflower_candidate_score,candidate_tier,training_label,label_method,label_provenance,real_pu_spent
7JXRVQCG+JVGR,29.871555,76.777187,3828.7059,390e3e34,0.1534280924806519,0.13166769629433042,0.09324092453434354,0.06018716794630835,0.08328579280466314,0.08860072463396049,0.05042209504782001,-0.12359143834975032,-0.1371401954974447,-0.08927643374218383,0.17032488116196223,0.15920611882493613,0.11503770911977404,0.917,False,0.3211,D,NON_SUNFLOWER_TEMPORAL_NEGATIVE,cofounder_green_to_brown_temporal_heuristic,"Weak label derived from the co-founder's Google Earth field observation (Delhi->Chandigarh drive, 2026-05-09, large sunflower areas in full bloom near Kurukshetra-Karnal) and her resulting Sentinel-2 temporal hypothesis (April green -> May flowering-period green -> June harvested/brown/ploughed). NOT independently confirmed sunflower ground truth. NOT derived from or cross-checked against AMED crop labels.",0.6933333539962768
7JXRVRM6+9H6R,29.883322,76.81149,8253.3926,390e3fec,0.1409514191604796,0.09957361263888223,0.0693254813938568,0.0716259377666228,0.07110505981282109,0.053367185710175416,0.021110704426800592,-0.11150353189025604,-0.14508033978442353,-0.13678019874108335,0.16506534309259482,0.13501511365175248,0.0694751300962664,0.917,False,0.3351,D,NON_SUNFLOWER_TEMPORAL_NEGATIVE,cofounder_green_to_brown_temporal_heuristic,"Weak label derived from the co-founder's Google Earth field observation (Delhi->Chandigarh drive, 2026-05-09, large sunflower areas in full bloom near Kurukshetra-Karnal) and her resulting Sentinel-2 temporal hypothesis (April green -> May flowering-period green -> June harvested/brown/ploughed). NOT independently confirmed sunflower ground truth. NOT derived from or cross-checked against AMED crop labels.",0.6933333539962768
7JXRVVHW+GCCC,29.878868,76.896072,4119.1439,390e41e4,0.14999985369661498,0.10834545684712274,0.07380440600571177,0.07619544769090321,0.07437244048785595,0.05505295354107927,0.03093186745213138,-0.12178838004668552,-0.16514585472288584,-0.13598585542705327,0.16446107939358742,0.16152666814270472,0.10633584833334364,0.833,False,0.33,D,NON_SUNFLOWER_TEMPORAL_NEGATIVE,cofounder_green_to_brown_temporal_heuristic,"Weak label derived from the co-founder's Google Earth field observation (Delhi->Chandigarh drive, 2026-05-09, large sunflower areas in full bloom near Kurukshetra-Karnal) and her resulting Sentinel-2 temporal hypothesis (April green -> May flowering-period green -> June harvested/brown/ploughed). NOT independently confirmed sunflower ground truth. NOT derived from or cross-checked against AMED crop labels.",0.6933333539962768
7JXRVVM2+5W8F,29.882806,76.852425,7660.4183,390e403c,0.1585852972098759,0.1039389405931745,0.06777950887120023,0.09080578833867568,0.08064415235634124,0.049329064295549556,0.023667933880031463,-0.14001302580748287,-0.18121939752073515,-0.1322399410676187,0.17599714476437792,0.18656515026731152,0.09643744987947664,0.917,False,0.3519,D,NON_SUNFLOWER_TEMPORAL_NEGATIVE,cofounder_green_to_brown_temporal_heuristic,"Weak label derived from the co-founder's Google Earth field observation (Delhi->Chandigarh drive, 2026-05-09, large sunflower areas in full bloom near Kurukshetra-Karnal) and her resulting Sentinel-2 temporal hypothesis (April green -> May flowering-period green -> June harvested/brown/ploughed). NOT independently confirmed sunflower ground truth. NOT derived from or cross-checked against AMED crop labels.",0.6933333539962768
7JXRVWMV+97Q5,29.883413,76.943297,4822.2312,390e4274,0.14789912690009388,0.10580016617872282,0.07471310984039184,0.07318601705970204,0.07937854414387627,0.054916967774684335,0.030441270600671748,-0.11043812397259231,-0.1391888501388686,-0.10341796227635777,0.1562619254145087,0.15551205745765143,0.10807400231002548,1.0,False,0.3434,D,NON_SUNFLOWER_TEMPORAL_NEGATIVE,cofounder_green_to_brown_temporal_heuristic,"Weak label derived from the co-founder's Google Earth field observation (Delhi->Chandigarh drive, 2026-05-09, large sunflower areas in full bloom near Kurukshetra-Karnal) and her resulting Sentinel-2 temporal hypothesis (April green -> May flowering-period green -> June harvested/brown/ploughed). NOT independently confirmed sunflower ground truth. NOT derived from or cross-checked against AMED crop labels.",0.6933333539962768
7JXRVXCP+2C5C,29.869959,76.986163,3840.0266,390e6824,0.14612301661529473,0.11734267349044483,0.06498930020380714,0.08113371641148759,0.10024760360506156,0.08516980307952811,-0.011080749282781546,-0.12757022144715946,-0.13149220226849948,0.13561136989543834,0.16119055279220146,0.14594366807076664,0.14188266173005104,0.833,False,0.3399,D,NON_SUNFLOWER_TEMPORAL_NEGATIVE,cofounder_green_to_brown_temporal_heuristic,"Weak label derived from the co-founder's Google Earth field observation (Delhi->Chandigarh drive, 2026-05-09, large sunflower areas in full bloom near Kurukshetra-Karnal) and her resulting Sentinel-2 temporal hypothesis (April green -> May flowering-period green -> June harvested/brown/ploughed). NOT independently confirmed sunflower ground truth. NOT derived from or cross-checked against AMED crop labels.",0.6933333539962768
7JXRWQHC+GVM6,29.928772,76.772286,8480.8675,390e3edc,0.18832570726509057,0.11459237084120182,0.09348066343547225,0.09484504382961832,0.10691021413341052,0.05583841211026904,0.047341845093767036,-0.12533233090962245,-0.10317730662760909,-0.14851234831775612,0.18894638129315533,0.18391727747825476,0.12838853641853232,0.75,False,0.3284,D,NON_SUNFLOWER_TEMPORAL_NEGATIVE,cofounder_green_to_brown_temporal_heuristic,"Weak label derived from the co-founder's Google Earth field observation (Delhi->Chandigarh drive, 2026-05-09, large sunflower areas in full bloom near Kurukshetra-Karnal) and her resulting Sentinel-2 temporal hypothesis (April green -> May flowering-period green -> June harvested/brown/ploughed). NOT independently confirmed sunflower ground truth. NOT derived from or cross-checked against AMED crop labels.",0.6933333539962768
7JXRWRP3+J6FJ,29.936565,76.803069,5906.0616,390e3f44,0.1593463061584367,0.10276041465500992,0.08852485058208306,0.07082145557635364,0.08758486565202474,0.05755820954296116,0.04199586485822996,-0.08747019864062572,-0.13192087809244793,-0.1391675164923072,0.1741595947080188,0.15443524919450285,0.14158015530556442,0.75,False,0.3094,D,NON_SUNFLOWER_TEMPORAL_NEGATIVE,cofounder_green_to_brown_temporal_heuristic,"Weak label derived from the co-founder's Google Earth field observation (Delhi->Chandigarh drive, 2026-05-09, large sunflower areas in full bloom near Kurukshetra-Karnal) and her resulting Sentinel-2 temporal hypothesis (April green -> May flowering-period green -> June harvested/brown/ploughed). NOT independently confirmed sunflower ground truth. NOT derived from or cross-checked against AMED crop labels.",0.6933333539962768
7JXRWRRX+PVWG,29.941881,76.849825,9420.8848,390e40c4,0.628985256968457,0.5908855043075703,0.12725175806769615,0.5017334989007608,0.4031252085150759,0.3399747881348486,0.06914692117317356,0.2222579053838818,0.16742505448292594,-0.07991779878854828,0.33176525134915186,0.3594379248685957,0.13115772549752833,0.833,True,0.7364,A,SUNFLOWER_WEAK_POSITIVE_HIGH,cofounder_green_to_brown_temporal_heuristic,"Weak label derived from the co-founder's Google Earth field observation (Delhi->Chandigarh drive, 2026-05-09, large sunflower areas in full bloom near Kurukshetra-Karnal) and her resulting Sentinel-2 temporal hypothesis (April green -> May flowering-period green -> June harvested/brown/ploughed). NOT independently confirmed sunflower ground truth. NOT derived from or cross-checked against AMED crop labels.",0.6933333539962768
7JXRWVPW+9Q5M,29.935796,76.896979,3158.5248,390e416c,0.15133563739558062,0.1079133581618468,0.07361671634846265,0.07771892104711797,0.08947194971454639,0.06186342454204957,0.029136458365246656,-0.0640445043410485,-0.12692075168093045,-0.12217699777748849,0.18479540919264154,0.14840733145674073,0.11081619511047998,0.917,False,0.3396,D,NON_SUNFLOWER_TEMPORAL_NEGATIVE,cofounder_green_to_brown_temporal_heuristic,"Weak label derived from the co-founder's Google Earth field observation (Delhi->Chandigarh drive, 2026-05-09, large sunflower areas in full bloom near Kurukshetra-Karnal) and her resulting Sentinel-2 temporal hypothesis (April green -> May flowering-period green -> June harvested/brown/ploughed). NOT independently confirmed sunflower ground truth. NOT derived from or cross-checked against AMED crop labels.",0.6933333539962768
7JXRWWPV+H9P3,29.936471,76.943448,3189.9287,390e43bc,0.7270207648475966,0.7544639364878338,0.5067217497362031,0.2202990151113935,0.5644521430134773,0.5691354423761369,0.32842176937394674,0.25045212983774645,0.27750216268002986,0.17626092636750804,0.2512308170708517,0.3470590704182784,0.20561305930217103,0.917,False,0.58,C,UNCERTAIN,cofounder_green_to_brown_temporal_heuristic,"Weak label derived from the co-founder's Google Earth field observation (Delhi->Chandigarh drive, 2026-05-09, large sunflower areas in full bloom near Kurukshetra-Karnal) and her resulting Sentinel-2 temporal hypothesis (April green -> May flowering-period green -> June harvested/brown/ploughed). NOT independently confirmed sunflower ground truth. NOT derived from or cross-checked against AMED crop labels.",0.6933333539962768
7JXRWXJP+7946,29.930757,76.986037,9652.5151,390e431c,0.3434595321700757,0.30252482968348043,0.1827140711452202,0.16074546102485548,0.24575894399422318,0.21065054443768325,0.10461323777274306,0.0008642987676524328,-0.005982597368872823,0.006489228310504171,0.2160624448778889,0.1925921955503914,0.12890325050870696,1.0,False,0.4003,C,UNCERTAIN,cofounder_green_to_brown_temporal_heuristic,"Weak label derived from the co-founder's Google Earth field observation (Delhi->Chandigarh drive, 2026-05-09, large sunflower areas in full bloom near Kurukshetra-Karnal) and her resulting Sentinel-2 temporal hypothesis (April green -> May flowering-period green -> June harvested/brown/ploughed). NOT independently confirmed sunflower ground truth. NOT derived from or cross-checked against AMED crop labels.",0.6933333539962768
7JXRXQPG+9P3H,29.985813,76.776884,4354.7603,390e3904,0.1365202913681666,0.0904459585213945,0.0772701372348127,0.0592501541333539,0.0729193656690537,0.044937028423217784,0.030157438102400024,-0.10579822981168353,-0.13840919002181007,-0.13574108173922886,0.16015395084543835,0.12465371333417437,0.10943258216693286,0.833,False,0.3115,D,NON_SUNFLOWER_TEMPORAL_NEGATIVE,cofounder_green_to_brown_temporal_heuristic,"Weak label derived from the co-founder's Google Earth field observation (Delhi->Chandigarh drive, 2026-05-09, large sunflower areas in full bloom near Kurukshetra-Karnal) and her resulting Sentinel-2 temporal hypothesis (April green -> May flowering-period green -> June harvested/brown/ploughed). NOT independently confirmed sunflower ground truth. NOT derived from or cross-checked against AMED crop labels.",0.6933333539962768
7JXRXRV4+2PG7,29.992442,76.806781,3905.6166,390e388c,0.1514829338661262,0.09144498718281587,0.07352572502124878,0.07795720884487743,0.08275702608461004,0.04355472691601053,0.019658795520727936,-0.06540289665904961,-0.15127136558294296,-0.14890785184171465,0.18246188218749707,0.11405716494967538,0.10284271064613548,0.85,False,0.3299,D,NON_SUNFLOWER_TEMPORAL_NEGATIVE,cofounder_green_to_brown_temporal_heuristic,"Weak label derived from the co-founder's Google Earth field observation (Delhi->Chandigarh drive, 2026-05-09, large sunflower areas in full bloom near Kurukshetra-Karnal) and her resulting Sentinel-2 temporal hypothesis (April green -> May flowering-period green -> June harvested/brown/ploughed). NOT independently confirmed sunflower ground truth. NOT derived from or cross-checked against AMED crop labels.",0.6933333539962768
7JXRXVMX+X39H,29.984854,76.897812,4050.4806,390e4694,0.17480484662311419,0.1193205495675405,0.09180391298991347,0.08300093363320071,0.09083910357384453,0.06792368934977622,0.0356947128498827,-0.09513851166481065,-0.14200263640710284,-0.09419376169523548,0.22191775164433888,0.16793460434391383,0.1176310816173634,0.75,False,0.3207,D,NON_SUNFLOWER_TEMPORAL_NEGATIVE,cofounder_green_to_brown_temporal_heuristic,"Weak label derived from the co-founder's Google Earth field observation (Delhi->Chandigarh drive, 2026-05-09, large sunflower areas in full bloom near Kurukshetra-Karnal) and her resulting Sentinel-2 temporal hypothesis (April green -> May flowering-period green -> June harvested/brown/ploughed). NOT independently confirmed sunflower ground truth. NOT derived from or cross-checked against AMED crop labels.",0.6933333539962768
7JXRXWVX+MFHQ,29.994191,76.948759,3414.1171,390e4444,0.1462129078529499,0.13605475342935988,0.11008486262074224,0.03612804523220767,0.07531786511471082,0.06829728493887362,0.0546576913928018,-0.11260128319608392,-0.1140120020757119,-0.11975203466567176,0.1310125828280838,0.17301833455761276,0.12305265934103064,0.833,False,0.2866,D,NON_SUNFLOWER_TEMPORAL_NEGATIVE,cofounder_green_to_brown_temporal_heuristic,"Weak label derived from the co-founder's Google Earth field observation (Delhi->Chandigarh drive, 2026-05-09, large sunflower areas in full bloom near Kurukshetra-Karnal) and her resulting Sentinel-2 temporal hypothesis (April green -> May flowering-period green -> June harvested/brown/ploughed). NOT independently confirmed sunflower ground truth. NOT derived from or cross-checked against AMED crop labels.",0.6933333539962768
7JXRXXPJ+VF3F,29.987135,76.981245,3483.0929,390e4494,0.2768183776901828,0.23907346288777065,0.19485152181651857,0.08196685587366423,0.15884390380233526,0.1356333050773376,0.09984871892784551,-0.03657750110141933,-0.09517462029018338,-0.12444855003721184,0.24812630998591578,0.14602947048842907,0.13145158426077277,0.683,False,0.288,D,NON_SUNFLOWER_TEMPORAL_NEGATIVE,cofounder_green_to_brown_temporal_heuristic,"Weak label derived from the co-founder's Google Earth field observation (Delhi->Chandigarh drive, 2026-05-09, large sunflower areas in full bloom near Kurukshetra-Karnal) and her resulting Sentinel-2 temporal hypothesis (April green -> May flowering-period green -> June harvested/brown/ploughed). NOT independently confirmed sunflower ground truth. NOT derived from or cross-checked against AMED crop labels.",0.6933333539962768
7JXVV2GF+5VVR,29.875438,77.024794,8176.2744,390e67f4,0.1645433448166365,0.13101704232394698,0.08094165415783962,0.08360169065879687,0.0949610159843273,0.07422399851216357,0.03064085304873833,-0.10013204187686953,-0.15235330406132908,-0.09085117597576409,0.17786613066813778,0.16592827627346632,0.13508032599375366,0.917,False,0.3453,D,NON_SUNFLOWER_TEMPORAL_NEGATIVE,cofounder_green_to_brown_temporal_heuristic,"Weak label derived from the co-founder's Google Earth field observation (Delhi->Chandigarh drive, 2026-05-09, large sunflower areas in full bloom near Kurukshetra-Karnal) and her resulting Sentinel-2 temporal hypothesis (April green -> May flowering-period green -> June harvested/brown/ploughed). NOT independently confirmed sunflower ground truth. NOT derived from or cross-checked against AMED crop labels.",0.6933333539962768
7JXVW2MF+2WXW,29.932705,77.025045,8448.9604,390e5cdc,0.14605600766989651,0.1225532849072194,0.07117374877439063,0.07488225889550588,0.07499771420748866,0.06535298300488872,0.029840433127864514,-0.128310035077893,-0.14599620196588187,-0.15625885727048727,0.19921165811164043,0.15846410097212207,0.09451187191670445,0.75,False,0.3247,D,NON_SUNFLOWER_TEMPORAL_NEGATIVE,cofounder_green_to_brown_temporal_heuristic,"Weak label derived from the co-founder's Google Earth field observation (Delhi->Chandigarh drive, 2026-05-09, large sunflower areas in full bloom near Kurukshetra-Karnal) and her resulting Sentinel-2 temporal hypothesis (April green -> May flowering-period green -> June harvested/brown/ploughed). NOT independently confirmed sunflower ground truth. NOT derived from or cross-checked against AMED crop labels.",0.6933333539962768
7JXVX2QG+Q7P3,29.989371,77.025762,5927.8695,390e5b44,0.453428610055535,0.6259521373996028,0.636254240701228,-0.18282563064569307,0.27856621325567915,0.3912132249386222,0.4475976300460322,0.040048646430174514,0.17681581117299006,0.2485276758670807,0.24863941070658185,0.35020274039771826,0.2006887133566686,0.75,False,0.3463,D,NON_SUNFLOWER_TEMPORAL_NEGATIVE,cofounder_green_to_brown_temporal_heuristic,"Weak label derived from the co-founder's Google Earth field observation (Delhi->Chandigarh drive, 2026-05-09, large sunflower areas in full bloom near Kurukshetra-Karnal) and her resulting Sentinel-2 temporal hypothesis (April green -> May flowering-period green -> June harvested/brown/ploughed). NOT independently confirmed sunflower ground truth. NOT derived from or cross-checked against AMED crop labels.",0.6933333539962768
8J2R2QRF+H8HF,30.041381,76.773443,5090.1098,390e377c,0.14872388779703116,0.11678400756015131,0.08849425158566898,0.06022963621136218,0.07593470506577028,0.061144147407806784,0.03404155551995953,-0.11563942146797974,-0.11082864381993811,-0.07757638757013613,0.15729168429970744,0.13171799131669104,0.1285190136275358,0.767,False,0.3054,D,NON_SUNFLOWER_TEMPORAL_NEGATIVE,cofounder_green_to_brown_temporal_heuristic,"Weak label derived from the co-founder's Google Earth field observation (Delhi->Chandigarh drive, 2026-05-09, large sunflower areas in full bloom near Kurukshetra-Karnal) and her resulting Sentinel-2 temporal hypothesis (April green -> May flowering-period green -> June harvested/brown/ploughed). NOT independently confirmed sunflower ground truth. NOT derived from or cross-checked against AMED crop labels.",0.6933333539962768
8J2R2RV4+VQMM,30.044586,76.807002,6047.0883,390e37f4,0.5986670665147285,0.30461033322508374,0.14682760203956927,0.4518394644751592,0.3563503930197348,0.13811418093031363,0.036203975263070176,0.19895643829589799,-0.028486909557666095,-0.11354319956252183,0.362893994239765,0.30041946035528944,0.1574963811568167,0.917,True,0.6397,A,SUNFLOWER_WEAK_POSITIVE_HIGH,cofounder_green_to_brown_temporal_heuristic,"Weak label derived from the co-founder's Google Earth field observation (Delhi->Chandigarh drive, 2026-05-09, large sunflower areas in full bloom near Kurukshetra-Karnal) and her resulting Sentinel-2 temporal hypothesis (April green -> May flowering-period green -> June harvested/brown/ploughed). NOT independently confirmed sunflower ground truth. NOT derived from or cross-checked against AMED crop labels.",0.6933333539962768
8J2R2V36+45GJ,30.00276,76.86052,4535.1475,390e470c,0.15121681646754345,0.15583848987395563,0.09836092472283375,0.0528558917447097,0.07674294186290355,0.08143024277718117,0.04634665706867558,-0.1222615441462646,-0.13495600062112015,-0.17189616337418556,0.19012766098603606,0.21704059764742847,0.1031347265880969,0.75,False,0.3009,D,NON_SUNFLOWER_TEMPORAL_NEGATIVE,cofounder_green_to_brown_temporal_heuristic,"Weak label derived from the co-founder's Google Earth field observation (Delhi->Chandigarh drive, 2026-05-09, large sunflower areas in full bloom near Kurukshetra-Karnal) and her resulting Sentinel-2 temporal hypothesis (April green -> May flowering-period green -> June harvested/brown/ploughed). NOT independently confirmed sunflower ground truth. NOT derived from or cross-checked against AMED crop labels.",0.6933333539962768
8J2R2WW4+GFJ6,30.046216,76.906235,6717.3048,390e461c,0.1314425314353271,0.12288906249133022,0.09952554634461801,0.0319169850907091,0.07041506181386384,0.06142047629515274,0.0506909698120911,-0.1139571868786306,-0.1685439614635525,-0.060194139001947464,0.17125935818661342,0.14497524814849552,0.10183230570207039,0.833,False,0.2857,D,NON_SUNFLOWER_TEMPORAL_NEGATIVE,cofounder_green_to_brown_temporal_heuristic,"Weak label derived from the co-founder's Google Earth field observation (Delhi->Chandigarh drive, 2026-05-09, large sunflower areas in full bloom near Kurukshetra-Karnal) and her resulting Sentinel-2 temporal hypothesis (April green -> May flowering-period green -> June harvested/brown/ploughed). NOT independently confirmed sunflower ground truth. NOT derived from or cross-checked against AMED crop labels.",0.6933333539962768
8J2R2XXJ+V8VQ,30.049687,76.980876,3873.9526,390e4564,0.5361065872841412,0.6092568498932652,0.6762562016094172,-0.14014961432527606,0.31970149568385553,0.38126990929659865,0.47199678089883595,0.09240970325966676,0.1494753998549034,0.29570921703621184,0.31320198604630095,0.3528634089976549,0.25813393508670507,0.75,False,0.37,C,UNCERTAIN,cofounder_green_to_brown_temporal_heuristic,"Weak label derived from the co-founder's Google Earth field observation (Delhi->Chandigarh drive, 2026-05-09, large sunflower areas in full bloom near Kurukshetra-Karnal) and her resulting Sentinel-2 temporal hypothesis (April green -> May flowering-period green -> June harvested/brown/ploughed). NOT independently confirmed sunflower ground truth. NOT derived from or cross-checked against AMED crop labels.",0.6933333539962768
8J2R3V54+H3R3,30.059032,76.855206,4021.04,390e4874,0.25863587619766354,0.193879787499706,0.2743048863182017,-0.015669010120538174,0.15955000902925218,0.1289191132056571,0.16418351699367054,-0.07001037511324126,-0.0712528466690509,0.06616185550907053,0.33681610214804847,0.11928499490022662,0.13480794717345324,0.85,False,0.2077,D,NON_SUNFLOWER_TEMPORAL_NEGATIVE,cofounder_green_to_brown_temporal_heuristic,"Weak label derived from the co-founder's Google Earth field observation (Delhi->Chandigarh drive, 2026-05-09, large sunflower areas in full bloom near Kurukshetra-Karnal) and her resulting Sentinel-2 temporal hypothesis (April green -> May flowering-period green -> June harvested/brown/ploughed). NOT independently confirmed sunflower ground truth. NOT derived from or cross-checked against AMED crop labels.",0.6933333539962768
8J2R3X42+6CJP,30.055588,76.951084,3915.596,390e458c,0.16943560753549852,0.12190171371081045,0.0951653892203929,0.07427021831510562,0.09347043856091442,0.06657195026941953,0.041466499414546255,-0.07621241085940883,-0.15476181437926634,-0.142636411719852,0.2072361963135855,0.10662185396289542,0.10850959685113697,0.683,False,0.3061,D,NON_SUNFLOWER_TEMPORAL_NEGATIVE,cofounder_green_to_brown_temporal_heuristic,"Weak label derived from the co-founder's Google Earth field observation (Delhi->Chandigarh drive, 2026-05-09, large sunflower areas in full bloom near Kurukshetra-Karnal) and her resulting Sentinel-2 temporal hypothesis (April green -> May flowering-period green -> June harvested/brown/ploughed). NOT independently confirmed sunflower ground truth. NOT derived from or cross-checked against AMED crop labels.",0.6933333539962768
8J2R4Q2G+P5FV,30.10174,76.775714,7880.3563,390e36f4,0.7637184491524328,0.6626312627624242,0.11782501823006153,0.6458934309223713,0.5056555932148908,0.43454427749682695,0.03395764887859397,0.2741740505155335,0.2545935861432018,-0.031782222333183605,0.3797783001493185,0.22767984852767909,0.1356255179987504,0.85,True,0.8707,A,SUNFLOWER_WEAK_POSITIVE_HIGH,cofounder_green_to_brown_temporal_heuristic,"Weak label derived from the co-founder's Google Earth field observation (Delhi->Chandigarh drive, 2026-05-09, large sunflower areas in full bloom near Kurukshetra-Karnal) and her resulting Sentinel-2 temporal hypothesis (April green -> May flowering-period green -> June harvested/brown/ploughed). NOT independently confirmed sunflower ground truth. NOT derived from or cross-checked against AMED crop labels.",0.6933333539962768
8J2R4R56+MJMJ,30.109203,76.811569,504.5834,390e363c,0.18588792408506075,0.09805224416777492,0.08740353211760521,0.09848439196745554,0.10518046903113525,0.05042908829636872,0.041927591674417876,-0.07615607356031735,-0.0746350334957242,-0.06527358293533325,0.17794413367907205,0.12425994360819459,0.14180903881788254,0.767,False,0.3326,D,NON_SUNFLOWER_TEMPORAL_NEGATIVE,cofounder_green_to_brown_temporal_heuristic,"Weak label derived from the co-founder's Google Earth field observation (Delhi->Chandigarh drive, 2026-05-09, large sunflower areas in full bloom near Kurukshetra-Karnal) and her resulting Sentinel-2 temporal hypothesis (April green -> May flowering-period green -> June harvested/brown/ploughed). NOT independently confirmed sunflower ground truth. NOT derived from or cross-checked against AMED crop labels.",0.6933333539962768
8J2R4V43+XQ9P,30.107467,76.854558,3777.7332,390e49bc,0.16701262337820869,0.11452948080287093,0.12546487545062388,0.04154774792758481,0.09523987137372532,0.06608376400323496,0.041126612623754354,-0.08666687189704843,-0.07165327693690501,0.04839448288493304,0.17673792914738728,0.13250097251009374,0.14138828727993225,0.85,False,0.2811,D,NON_SUNFLOWER_TEMPORAL_NEGATIVE,cofounder_green_to_brown_temporal_heuristic,"Weak label derived from the co-founder's Google Earth field observation (Delhi->Chandigarh drive, 2026-05-09, large sunflower areas in full bloom near Kurukshetra-Karnal) and her resulting Sentinel-2 temporal hypothesis (April green -> May flowering-period green -> June harvested/brown/ploughed). NOT independently confirmed sunflower ground truth. NOT derived from or cross-checked against AMED crop labels.",0.6933333539962768
7JXRVQGH+5RR9,29.87548,76.779513,54.5669,390e3e34,0.29353925585746765,0.16333257108926774,0.1174725815653801,0.17606667429208755,0.12230689575274785,0.0658568549901247,0.07204860262572765,-0.07712675382693608,-0.10783481448888779,-0.08161282725632191,0.18301238616307577,0.17000677883625032,0.10669007524847984,0.917,False,0.4076,D,NON_SUNFLOWER_TEMPORAL_NEGATIVE,cofounder_green_to_brown_temporal_heuristic,"Weak label derived from the co-founder's Google Earth field observation (Delhi->Chandigarh drive, 2026-05-09, large sunflower areas in full bloom near Kurukshetra-Karnal) and her resulting Sentinel-2 temporal hypothesis (April green -> May flowering-period green -> June harvested/brown/ploughed). NOT independently confirmed sunflower ground truth. NOT derived from or cross-checked against AMED crop labels.",0.6933333539962768
7JXRVQGH+87M6,29.875771,76.778312,2107.587,390e3e34,0.18113581291758096,0.14054020818036336,0.14246959135366175,0.03866622156391922,0.11425994279292913,0.10618717234733946,0.09031194714883056,-0.07109708074429551,-0.08592791271825821,-0.05559195595784471,0.14904297716342488,0.1478410145840966,0.11135970374855858,0.917,False,0.2825,D,NON_SUNFLOWER_TEMPORAL_NEGATIVE,cofounder_green_to_brown_temporal_heuristic,"Weak label derived from the co-founder's Google Earth field observation (Delhi->Chandigarh drive, 2026-05-09, large sunflower areas in full bloom near Kurukshetra-Karnal) and her resulting Sentinel-2 temporal hypothesis (April green -> May flowering-period green -> June harvested/brown/ploughed). NOT independently confirmed sunflower ground truth. NOT derived from or cross-checked against AMED crop labels.",0.6933333539962768
7JXRVQFH+354J,29.872563,76.777954,4258.2303,390e3e34,0.17073958082538518,0.20246224403381347,0.13951100308137637,0.031228577744008806,0.10167411218086879,0.10295500992118227,0.08199054631404579,-0.09007711958191873,-0.060242533247340656,-0.06651648984552594,0.17289312701258394,0.18924864106811584,0.134770449794208,0.917,False,0.2902,D,NON_SUNFLOWER_TEMPORAL_NEGATIVE,cofounder_green_to_brown_temporal_heuristic,"Weak label derived from the co-founder's Google Earth field observation (Delhi->Chandigarh drive, 2026-05-09, large sunflower areas in full bloom near Kurukshetra-Karnal) and her resulting Sentinel-2 temporal hypothesis (April green -> May flowering-period green -> June harvested/brown/ploughed). NOT independently confirmed sunflower ground truth. NOT derived from or cross-checked against AMED crop labels.",0.6933333539962768
7JXRVQGG+M8QH,29.876742,76.775953,7829.1236,390e3e34,0.15076255697816132,0.09971888803300404,0.10165308040034561,0.04910947657781571,0.08159473436951108,0.05661351791031414,0.04366943074204583,-0.10946961025160455,-0.1386289976625925,-0.10406101642902718,0.16986941528462232,0.16108135476353624,0.11774295076195686,0.917,False,0.3021,D,NON_SUNFLOWER_TEMPORAL_NEGATIVE,cofounder_green_to_brown_temporal_heuristic,"Weak label derived from the co-founder's Google Earth field observation (Delhi->Chandigarh drive, 2026-05-09, large sunflower areas in full bloom near Kurukshetra-Karnal) and her resulting Sentinel-2 temporal hypothesis (April green -> May flowering-period green -> June harvested/brown/ploughed). NOT independently confirmed sunflower ground truth. NOT derived from or cross-checked against AMED crop labels.",0.6933333539962768
7JXRVQ99+XP5V,29.869829,76.769418,28023.632,390e3e34,0.17161315782891565,0.12449630733904427,0.0881752944613913,0.08343786336752435,0.09596135654388797,0.07089352224822212,0.041684966092886654,-0.09689806433398714,-0.12251562293643925,-0.12761247813726637,0.1811487302267445,0.15557990733209065,0.09495017449871554,0.917,False,0.3405,D,NON_SUNFLOWER_TEMPORAL_NEGATIVE,cofounder_green_to_brown_temporal_heuristic,"Weak label derived from the co-founder's Google Earth field observation (Delhi->Chandigarh drive, 2026-05-09, large sunflower areas in full bloom near Kurukshetra-Karnal) and her resulting Sentinel-2 temporal hypothesis (April green -> May flowering-period green -> June harvested/brown/ploughed). NOT independently confirmed sunflower ground truth. NOT derived from or cross-checked against AMED crop labels.",0.6933333539962768
7JXRVRF4+G6HP,29.8738,76.805622,231.2787,390e3fec,0.13230914746721587,0.13113348484039306,0.12784474715590477,0.004464400311311095,0.061649048080046974,0.06310624405741691,0.02744377621759971,-0.1090581938624382,-0.14699154049158097,-0.01349297414223353,0.17957178006569544,0.2087918572127819,0.12767055754860243,0.833,False,0.2522,D,NON_SUNFLOWER_TEMPORAL_NEGATIVE,cofounder_green_to_brown_temporal_heuristic,"Weak label derived from the co-founder's Google Earth field observation (Delhi->Chandigarh drive, 2026-05-09, large sunflower areas in full bloom near Kurukshetra-Karnal) and her resulting Sentinel-2 temporal hypothesis (April green -> May flowering-period green -> June harvested/brown/ploughed). NOT independently confirmed sunflower ground truth. NOT derived from or cross-checked against AMED crop labels.",0.6933333539962768
7JXRVRJ5+649P,29.880503,76.807929,2729.7815,390e3fec,0.16617936516801515,0.15425300065960204,0.10493602613652392,0.061243339031491234,0.0914315427847517,0.09079337449345207,0.050053261076755,-0.10265932125704631,-0.12584968723988693,-0.11609166315091508,0.1752367601508186,0.16011833612407958,0.09833482213850533,0.917,False,0.3208,D,NON_SUNFLOWER_TEMPORAL_NEGATIVE,cofounder_green_to_brown_temporal_heuristic,"Weak label derived from the co-founder's Google Earth field observation (Delhi->Chandigarh drive, 2026-05-09, large sunflower areas in full bloom near Kurukshetra-Karnal) and her resulting Sentinel-2 temporal hypothesis (April green -> May flowering-period green -> June harvested/brown/ploughed). NOT independently confirmed sunflower ground truth. NOT derived from or cross-checked against AMED crop labels.",0.6933333539962768
7JXRVRH4+GH86,29.87867,76.806383,4928.432,390e3fec,0.18045212789660406,0.14089813165898832,0.09783657216965887,0.08261555572694519,0.10432108329786433,0.08053357593183005,0.044570831265965755,-0.11390032100358179,-0.14606493692845107,-0.13148023695352354,0.1823084820061922,0.17321574679975,0.10897826097373452,0.917,False,0.3385,D,NON_SUNFLOWER_TEMPORAL_NEGATIVE,cofounder_green_to_brown_temporal_heuristic,"Weak label derived from the co-founder's Google Earth field observation (Delhi->Chandigarh drive, 2026-05-09, large sunflower areas in full bloom near Kurukshetra-Karnal) and her resulting Sentinel-2 temporal hypothesis (April green -> May flowering-period green -> June harvested/brown/ploughed). NOT independently confirmed sunflower ground truth. NOT derived from or cross-checked against AMED crop labels.",0.6933333539962768
7JXRVRG6+C4PR,29.87601,76.810322,8297.9651,390e3fec,0.20535690928606887,0.24871371441885182,0.14349125441757668,0.06186565486849219,0.11676283568764728,0.13031736305995803,0.07506639459102914,-0.0727111878771119,-0.1022937445369873,-0.10791393573922307,0.18738640402106274,0.3212082020902403,0.1265220762351933,0.833,False,0.3133,D,NON_SUNFLOWER_TEMPORAL_NEGATIVE,cofounder_green_to_brown_temporal_heuristic,"Weak label derived from the co-founder's Google Earth field observation (Delhi->Chandigarh drive, 2026-05-09, large sunflower areas in full bloom near Kurukshetra-Karnal) and her resulting Sentinel-2 temporal hypothesis (April green -> May flowering-period green -> June harvested/brown/ploughed). NOT independently confirmed sunflower ground truth. NOT derived from or cross-checked against AMED crop labels.",0.6933333539962768
7JXRVRH6+JP9W,29.878964,76.811968,55584.6498,390e3fec,0.15600135955831093,0.15503638352171095,0.07753373838579974,0.07846762117251119,0.08340237501944449,0.06470960054623871,0.029999510057172392,-0.10156989878621597,-0.15278411190888588,-0.15987965614414903,0.1869099902609984,0.22350366917289805,0.09222023345732022,0.917,False,0.3476,D,NON_SUNFLOWER_TEMPORAL_NEGATIVE,cofounder_green_to_brown_temporal_heuristic,"Weak label derived from the co-founder's Google Earth field observation (Delhi->Chandigarh drive, 2026-05-09, large sunflower areas in full bloom near Kurukshetra-Karnal) and her resulting Sentinel-2 temporal hypothesis (April green -> May flowering-period green -> June harvested/brown/ploughed). NOT independently confirmed sunflower ground truth. NOT derived from or cross-checked against AMED crop labels.",0.6933333539962768
7JXRVVQ3+F33C,29.888633,76.852645,44.0512,390e403c,0.21886207660039267,0.19062348008155822,0.12823891143004099,0.09062316517035168,0.09881572549541791,0.07911862954497337,0.006977074469129245,-0.055036511272192,-0.06645438969135284,-0.0875474102795124,0.13593394805987677,0.10831742733716965,0.11506664628783862,0.833,False,0.3319,D,NON_SUNFLOWER_TEMPORAL_NEGATIVE,cofounder_green_to_brown_temporal_heuristic,"Weak label derived from the co-founder's Google Earth field observation (Delhi->Chandigarh drive, 2026-05-09, large sunflower areas in full bloom near Kurukshetra-Karnal) and her resulting Sentinel-2 temporal hypothesis (April green -> May flowering-period green -> June harvested/brown/ploughed). NOT independently confirmed sunflower ground truth. NOT derived from or cross-checked against AMED crop labels.",0.6933333539962768
7JXRVVH5+CCCM,29.878527,76.858387,1392.1146,390e403c,0.15581580996513367,0.10205802818139394,0.0668054757018884,0.08901033426324527,0.08177896992613871,0.0394477395612436,0.021926265106432963,-0.12810450461175704,-0.18580899623533093,-0.1427859507966787,0.175083766794867,0.1441473198433717,0.09576007506499688,0.833,False,0.3422,D,NON_SUNFLOWER_TEMPORAL_NEGATIVE,cofounder_green_to_brown_temporal_heuristic,"Weak label derived from the co-founder's Google Earth field observation (Delhi->Chandigarh drive, 2026-05-09, large sunflower areas in full bloom near Kurukshetra-Karnal) and her resulting Sentinel-2 temporal hypothesis (April green -> May flowering-period green -> June harvested/brown/ploughed). NOT independently confirmed sunflower ground truth. NOT derived from or cross-checked against AMED crop labels.",0.6933333539962768
7JXRVVP5+8M9H,29.885802,76.859251,3845.953,390e403c,0.17142512039213942,0.13335324512875596,0.11518594406346382,0.0562391763286756,0.08846292215436562,0.07414259502421254,0.05667440802738459,-0.11653306092257083,-0.1444360052761824,-0.10935484800715986,0.1739639847714832,0.17570688753672264,0.10992468491273935,0.917,False,0.3079,D,NON_SUNFLOWER_TEMPORAL_NEGATIVE,cofounder_green_to_brown_temporal_heuristic,"Weak label derived from the co-founder's Google Earth field observation (Delhi->Chandigarh drive, 2026-05-09, large sunflower areas in full bloom near Kurukshetra-Karnal) and her resulting Sentinel-2 temporal hypothesis (April green -> May flowering-period green -> June harvested/brown/ploughed). NOT independently confirmed sunflower ground truth. NOT derived from or cross-checked against AMED crop labels.",0.6933333539962768
7JXRVVH4+8G6W,29.878268,76.856218,7195.8599,390e403c,0.16800340303499878,0.11991103676122587,0.06385579982118027,0.10414760321381851,0.10364306079871903,0.07985000649869843,0.017335477925895775,-0.08979089886132578,-0.13887972907553353,-0.056287862342648064,0.15459771456851348,0.15599323931980774,0.10133583813502982,0.917,False,0.3675,D,NON_SUNFLOWER_TEMPORAL_NEGATIVE,cofounder_green_to_brown_temporal_heuristic,"Weak label derived from the co-founder's Google Earth field observation (Delhi->Chandigarh drive, 2026-05-09, large sunflower areas in full bloom near Kurukshetra-Karnal) and her resulting Sentinel-2 temporal hypothesis (April green -> May flowering-period green -> June harvested/brown/ploughed). NOT independently confirmed sunflower ground truth. NOT derived from or cross-checked against AMED crop labels.",0.6933333539962768
7JXRVVH3+XXVM,29.879561,76.854749,25734.4215,390e403c,0.1533873279669044,0.1250649221012617,0.07504202945706719,0.07834529850983722,0.09382349438605082,0.07263484175047605,0.028220194095106784,-0.10613102670690094,-0.15744451516190286,-0.12775133138700506,0.13783739649569374,0.15606621393978393,0.09373567068570028,0.917,False,0.3428,D,NON_SUNFLOWER_TEMPORAL_NEGATIVE,cofounder_green_to_brown_temporal_heuristic,"Weak label derived from the co-founder's Google Earth field observation (Delhi->Chandigarh drive, 2026-05-09, large sunflower areas in full bloom near Kurukshetra-Karnal) and her resulting Sentinel-2 temporal hypothesis (April green -> May flowering-period green -> June harvested/brown/ploughed). NOT independently confirmed sunflower ground truth. NOT derived from or cross-checked against AMED crop labels.",0.6933333539962768
7JXRVWJ3+5X4M,29.88039,76.904949,89.6003,390e41e4,0.15494542982843187,0.11752250542243321,0.10063274453083673,0.05431268529759514,0.07952406340175205,0.018648354771236577,0.06594237809379896,-0.1041833046409819,-0.14861632039149603,-0.12401964887976646,0.17389158407847086,0.23597484280665718,0.12111392741401991,0.75,False,0.2935,D,NON_SUNFLOWER_TEMPORAL_NEGATIVE,cofounder_green_to_brown_temporal_heuristic,"Weak label derived from the co-founder's Google Earth field observation (Delhi->Chandigarh drive, 2026-05-09, large sunflower areas in full bloom near Kurukshetra-Karnal) and her resulting Sentinel-2 temporal hypothesis (April green -> May flowering-period green -> June harvested/brown/ploughed). NOT independently confirmed sunflower ground truth. NOT derived from or cross-checked against AMED crop labels.",0.6933333539962768
7JXRVVCW+H83P,29.871288,76.895754,3063.9591,390e41e4,0.1660949344258933,0.14125415300329525,0.13037630857692825,0.03571862584896504,0.08639293400892278,0.07325587175786494,0.06604213041007623,-0.09994755925255873,-0.15084398662050566,-0.10848930556741027,0.13610397022040116,0.2547535778582096,0.11633601746935812,0.917,False,0.286,D,NON_SUNFLOWER_TEMPORAL_NEGATIVE,cofounder_green_to_brown_temporal_heuristic,"Weak label derived from the co-founder's Google Earth field observation (Delhi->Chandigarh drive, 2026-05-09, large sunflower areas in full bloom near Kurukshetra-Karnal) and her resulting Sentinel-2 temporal hypothesis (April green -> May flowering-period green -> June harvested/brown/ploughed). NOT independently confirmed sunflower ground truth. NOT derived from or cross-checked against AMED crop labels.",0.6933333539962768
7JXRVVJX+9QHC,29.881067,76.899476,3601.0475,390e41e4,0.15465949834496887,0.10771532468497755,0.0786452357208839,0.07601426262408496,0.08560723773445245,0.06005886949391829,0.03480257556118347,-0.09867841998736065,-0.15307064693835046,-0.10215961127714425,0.1682586710624121,0.15116080745226806,0.10313031367129749,0.833,False,0.3275,D,NON_SUNFLOWER_TEMPORAL_NEGATIVE,cofounder_green_to_brown_temporal_heuristic,"Weak label derived from the co-founder's Google Earth field observation (Delhi->Chandigarh drive, 2026-05-09, large sunflower areas in full bloom near Kurukshetra-Karnal) and her resulting Sentinel-2 temporal hypothesis (April green -> May flowering-period green -> June harvested/brown/ploughed). NOT independently confirmed sunflower ground truth. NOT derived from or cross-checked against AMED crop labels.",0.6933333539962768
7JXRVWG3+7773,29.875597,76.90317,6012.7449,390e41e4,0.15517628234293723,0.14572265843550364,0.07375901933109254,0.0814172630118447,0.08270972158120134,0.08024267856821869,0.029090718008769365,-0.09762399933404392,-0.1518401504466028,-0.1526489667935721,0.18940914542687062,0.20451218368429122,0.09459254121907107,0.833,False,0.3415,D,NON_SUNFLOWER_TEMPORAL_NEGATIVE,cofounder_green_to_brown_temporal_heuristic,"Weak label derived from the co-founder's Google Earth field observation (Delhi->Chandigarh drive, 2026-05-09, large sunflower areas in full bloom near Kurukshetra-Karnal) and her resulting Sentinel-2 temporal hypothesis (April green -> May flowering-period green -> June harvested/brown/ploughed). NOT independently confirmed sunflower ground truth. NOT derived from or cross-checked against AMED crop labels.",0.6933333539962768
7JXRVWJ2+QP3C,29.881694,76.902016,20145.096,390e41e4,0.1676084453069707,0.13242636312425665,0.0981538979924534,0.06945454731451729,0.09334502032900278,0.076032270401674,0.04652668466478321,-0.10176497227498564,-0.12958543337387063,-0.13326259863983214,0.18619553995343432,0.15885464689504775,0.10044743121769224,0.833,False,0.3179,D,NON_SUNFLOWER_TEMPORAL_NEGATIVE,cofounder_green_to_brown_temporal_heuristic,"Weak label derived from the co-founder's Google Earth field observation (Delhi->Chandigarh drive, 2026-05-09, large sunflower areas in full bloom near Kurukshetra-Karnal) and her resulting Sentinel-2 temporal hypothesis (April green -> May flowering-period green -> June harvested/brown/ploughed). NOT independently confirmed sunflower ground truth. NOT derived from or cross-checked against AMED crop labels.",0.6933333539962768
7JXRVWGX+QMMG,29.876965,76.949215,73.5795,390e4274,0.2762815629442533,0.30257904330889385,0.37872572988271713,-0.10244416693846381,0.12316818597416085,0.17521998385588328,0.20548782497644424,-0.0591322568555673,-0.061579625308513644,-0.009095033630728722,0.18836061656475067,0.21522493263085685,0.18486737459897995,1.0,False,0.2498,D,NON_SUNFLOWER_TEMPORAL_NEGATIVE,cofounder_green_to_brown_temporal_heuristic,"Weak label derived from the co-founder's Google Earth field observation (Delhi->Chandigarh drive, 2026-05-09, large sunflower areas in full bloom near Kurukshetra-Karnal) and her resulting Sentinel-2 temporal hypothesis (April green -> May flowering-period green -> June harvested/brown/ploughed). NOT independently confirmed sunflower ground truth. NOT derived from or cross-checked against AMED crop labels.",0.6933333539962768
7JXRVWGX+G5XH,29.876386,76.948057,1789.436,390e4274,0.15740212904555456,0.13625935436714262,0.1085683929600886,0.048833736085465956,0.08253079089557841,0.08178444781473705,0.047786251397892124,-0.10530306540784383,-0.12677500191188992,-0.10739286505572852,0.16797188917795816,0.162364961206913,0.1261583600370657,1.0,False,0.3141,D,NON_SUNFLOWER_TEMPORAL_NEGATIVE,cofounder_green_to_brown_temporal_heuristic,"Weak label derived from the co-founder's Google Earth field observation (Delhi->Chandigarh drive, 2026-05-09, large sunflower areas in full bloom near Kurukshetra-Karnal) and her resulting Sentinel-2 temporal hypothesis (April green -> May flowering-period green -> June harvested/brown/ploughed). NOT independently confirmed sunflower ground truth. NOT derived from or cross-checked against AMED crop labels.",0.6933333539962768
7JXRVXM2+5JGG,29.882902,76.951571,3508.7805,390e4274,0.1497037349430536,0.12131652869284151,0.1378446841050708,0.011859050837982804,0.08465536970759974,0.07419528851972981,0.05700875331032357,-0.0984774788421597,-0.09693050817364739,-0.05795341489156559,0.16681718846120422,0.1716355886132944,0.1567708760618217,0.917,False,0.2597,D,NON_SUNFLOWER_TEMPORAL_NEGATIVE,cofounder_green_to_brown_temporal_heuristic,"Weak label derived from the co-founder's Google Earth field observation (Delhi->Chandigarh drive, 2026-05-09, large sunflower areas in full bloom near Kurukshetra-Karnal) and her resulting Sentinel-2 temporal hypothesis (April green -> May flowering-period green -> June harvested/brown/ploughed). NOT independently confirmed sunflower ground truth. NOT derived from or cross-checked against AMED crop labels.",0.6933333539962768
7JXRVWHV+G9CV,29.87878,76.943592,4693.0945,390e4274,0.16577070715304995,0.14800236682806694,0.11145107710867055,0.0543196300443794,0.10823520728653033,0.09041988256254367,0.05891451280331238,-0.081792296454036,-0.11864709799701809,-0.09635252099334528,0.1587717014564467,0.1896412329216089,0.11095790443609334,1.0,False,0.3194,D,NON_SUNFLOWER_TEMPORAL_NEGATIVE,cofounder_green_to_brown_temporal_heuristic,"Weak label derived from the co-founder's Google Earth field observation (Delhi->Chandigarh drive, 2026-05-09, large sunflower areas in full bloom near Kurukshetra-Karnal) and her resulting Sentinel-2 temporal hypothesis (April green -> May flowering-period green -> June harvested/brown/ploughed). NOT independently confirmed sunflower ground truth. NOT derived from or cross-checked against AMED crop labels.",0.6933333539962768
7JXRVWPX+WVM9,29.887382,76.949954,28604.9287,390e4274,0.218121078031428,0.314623147945232,0.2332983886591443,-0.015177310627716295,0.1344069496926668,0.20618610433908607,0.15415703580792492,-0.06542746218549447,-0.006810906315226017,-0.019636261272034928,0.1677080636048636,0.28238523146485117,0.15440677943305653,0.917,False,0.2382,D,NON_SUNFLOWER_TEMPORAL_NEGATIVE,cofounder_green_to_brown_temporal_heuristic,"Weak label derived from the co-founder's Google Earth field observation (Delhi->Chandigarh drive, 2026-05-09, large sunflower areas in full bloom near Kurukshetra-Karnal) and her resulting Sentinel-2 temporal hypothesis (April green -> May flowering-period green -> June harvested/brown/ploughed). NOT independently confirmed sunflower ground truth. NOT derived from or cross-checked against AMED crop labels.",0.6933333539962768
7JXRVXGJ+GRX2,29.876348,76.982109,36.0379,390e6824,0.1642790213227272,0.1060329794883728,0.08166044391691685,0.08261857740581036,0.09729919023811817,0.07029722034931182,0.05236283130943775,-0.09357566572725773,-0.17678084671497346,-0.04641683027148247,0.19270186498761177,0.20706490576267242,0.11786921694874763,1.0,False,0.3476,D,NON_SUNFLOWER_TEMPORAL_NEGATIVE,cofounder_green_to_brown_temporal_heuristic,"Weak label derived from the co-founder's Google Earth field observation (Delhi->Chandigarh drive, 2026-05-09, large sunflower areas in full bloom near Kurukshetra-Karnal) and her resulting Sentinel-2 temporal hypothesis (April green -> May flowering-period green -> June harvested/brown/ploughed). NOT independently confirmed sunflower ground truth. NOT derived from or cross-checked against AMED crop labels.",0.6933333539962768
7JXRVXHH+FX89,29.87868,76.980037,1170.7323,390e6824,0.48935216975708795,0.45496967070632516,0.22825545859005716,0.2610967111670308,0.27988217015647227,0.2537638381951385,0.13193909052966368,0.017137299356464707,-0.006655115354806181,-0.059293545599858694,0.2587368105434709,0.3107885837554931,0.14078872226592568,1.0,False,0.4881,B,SUNFLOWER_WEAK_POSITIVE_MEDIUM,cofounder_green_to_brown_temporal_heuristic,"Weak label derived from the co-founder's Google Earth field observation (Delhi->Chandigarh drive, 2026-05-09, large sunflower areas in full bloom near Kurukshetra-Karnal) and her resulting Sentinel-2 temporal hypothesis (April green -> May flowering-period green -> June harvested/brown/ploughed). NOT independently confirmed sunflower ground truth. NOT derived from or cross-checked against AMED crop labels.",0.6933333539962768
7JXRVXHP+WQF5,29.879746,76.986905,3630.7979,390e6824,0.153418270028418,0.1028751178156762,0.09640174851353679,0.05701652151488122,0.0866507872318228,0.05391830175760247,0.04472049190995417,-0.10831261142378763,-0.1679195175568263,-0.13100782675402503,0.17731995508074763,0.1697157986816906,0.10100812453865296,1.0,False,0.3198,D,NON_SUNFLOWER_TEMPORAL_NEGATIVE,cofounder_green_to_brown_temporal_heuristic,"Weak label derived from the co-founder's Google Earth field observation (Delhi->Chandigarh drive, 2026-05-09, large sunflower areas in full bloom near Kurukshetra-Karnal) and her resulting Sentinel-2 temporal hypothesis (April green -> May flowering-period green -> June harvested/brown/ploughed). NOT independently confirmed sunflower ground truth. NOT derived from or cross-checked against AMED crop labels.",0.6933333539962768
7JXRVXHJ+3G8R,29.87762,76.981402,4213.931,390e6824,0.15154440829619056,0.15124870730297904,0.32676093617365476,-0.1752165278774642,0.09132894137430758,0.03038007927409906,0.16679540021522413,-0.0977269456766191,-0.19234333524391767,-0.0010753136344387113,0.17674592350210463,0.29361575785410277,0.15565286842840056,1.0,False,0.1793,D,NON_SUNFLOWER_TEMPORAL_NEGATIVE,cofounder_green_to_brown_temporal_heuristic,"Weak label derived from the co-founder's Google Earth field observation (Delhi->Chandigarh drive, 2026-05-09, large sunflower areas in full bloom near Kurukshetra-Karnal) and her resulting Sentinel-2 temporal hypothesis (April green -> May flowering-period green -> June harvested/brown/ploughed). NOT independently confirmed sunflower ground truth. NOT derived from or cross-checked against AMED crop labels.",0.6933333539962768
7JXRVXCM+GHJV,29.871507,76.983801,50129.7659,390e6824,0.1788612686166608,0.12827476268841154,0.11867623386380721,0.06018503475285358,0.10228045234387668,0.07155089414217165,0.062385490681496014,-0.11096902550747874,-0.1458301489048257,-0.11545785943981389,0.20787630565464493,0.1943130695185176,0.10988925899713985,1.0,False,0.3167,D,NON_SUNFLOWER_TEMPORAL_NEGATIVE,cofounder_green_to_brown_temporal_heuristic,"Weak label derived from the co-founder's Google Earth field observation (Delhi->Chandigarh drive, 2026-05-09, large sunflower areas in full bloom near Kurukshetra-Karnal) and her resulting Sentinel-2 temporal hypothesis (April green -> May flowering-period green -> June harvested/brown/ploughed). NOT independently confirmed sunflower ground truth. NOT derived from or cross-checked against AMED crop labels.",0.6933333539962768
7JXVV2MH+4J6F,29.882782,77.02902,21.0212,390e67f4,0.2758505046367645,0.2665872037410736,0.20185010631879172,0.07400039831797281,0.07509108353406191,0.10194471776485443,0.04683749657124281,-0.10132316313683987,-0.13249921798706055,-0.13832841565211615,0.1720366533845663,0.26655030250549316,0.144436905781428,0.917,False,0.3072,D,NON_SUNFLOWER_TEMPORAL_NEGATIVE,cofounder_green_to_brown_temporal_heuristic,"Weak label derived from the co-founder's Google Earth field observation (Delhi->Chandigarh drive, 2026-05-09, large sunflower areas in full bloom near Kurukshetra-Karnal) and her resulting Sentinel-2 temporal hypothesis (April green -> May flowering-period green -> June harvested/brown/ploughed). NOT independently confirmed sunflower ground truth. NOT derived from or cross-checked against AMED crop labels.",0.6933333539962768
7JXVV2JH+Q3JM,29.881923,77.027652,2670.6922,390e67f4,0.1354699948536498,0.10372279439653669,0.0776109676630724,0.057859027190577395,0.07205137812665531,0.055698028377124245,0.031220686289348768,-0.11416201841618334,-0.15362014540604182,-0.1558955645986966,0.1554517245718411,0.1508822248663221,0.11957574976342067,0.917,False,0.3211,D,NON_SUNFLOWER_TEMPORAL_NEGATIVE,cofounder_green_to_brown_temporal_heuristic,"Weak label derived from the co-founder's Google Earth field observation (Delhi->Chandigarh drive, 2026-05-09, large sunflower areas in full bloom near Kurukshetra-Karnal) and her resulting Sentinel-2 temporal hypothesis (April green -> May flowering-period green -> June harvested/brown/ploughed). NOT independently confirmed sunflower ground truth. NOT derived from or cross-checked against AMED crop labels.",0.6933333539962768
7JXVV2GM+533W,29.875312,77.032641,3711.7285,390e67f4,0.18834632812511354,0.1935452211470831,0.17863081643978754,0.009715511685326,0.11767690956947348,0.1355417944668304,0.12888810747591337,-0.06738304571499902,-0.07880451787135652,-0.044664939137412214,0.183327522187952,0.18254469484090802,0.12705836947711685,0.833,False,0.2446,D,NON_SUNFLOWER_TEMPORAL_NEGATIVE,cofounder_green_to_brown_temporal_heuristic,"Weak label derived from the co-founder's Google Earth field observation (Delhi->Chandigarh drive, 2026-05-09, large sunflower areas in full bloom near Kurukshetra-Karnal) and her resulting Sentinel-2 temporal hypothesis (April green -> May flowering-period green -> June harvested/brown/ploughed). NOT independently confirmed sunflower ground truth. NOT derived from or cross-checked against AMED crop labels.",0.6933333539962768
7JXVV2FJ+PG6F,29.874288,77.0313,4307.8339,390e67f4,0.2349022783997918,0.22452914839496413,0.2157725404415812,0.019129737958210602,0.13430008799040402,0.1424428357913786,0.14059961218462916,-0.08583721668034995,-0.09187951354423955,0.007678672227831113,0.2109097553556468,0.21322363876566594,0.14333944874150414,0.833,False,0.2405,D,NON_SUNFLOWER_TEMPORAL_NEGATIVE,cofounder_green_to_brown_temporal_heuristic,"Weak label derived from the co-founder's Google Earth field observation (Delhi->Chandigarh drive, 2026-05-09, large sunflower areas in full bloom near Kurukshetra-Karnal) and her resulting Sentinel-2 temporal hypothesis (April green -> May flowering-period green -> June harvested/brown/ploughed). NOT independently confirmed sunflower ground truth. NOT derived from or cross-checked against AMED crop labels.",0.6933333539962768
7JXVV2GH+H2PG,29.876282,77.027636,30068.6191,390e67f4,0.32053953259070334,0.31127774102434136,0.27700382732832407,0.043535705262379265,0.19601517106685457,0.18001173154203867,0.17128987848635155,-0.0167819726186539,-0.041083538181042586,-0.019978208711960935,0.20514048778672572,0.24130307515925634,0.15804050547098855,0.917,False,0.2779,D,NON_SUNFLOWER_TEMPORAL_NEGATIVE,cofounder_green_to_brown_temporal_heuristic,"Weak label derived from the co-founder's Google Earth field observation (Delhi->Chandigarh drive, 2026-05-09, large sunflower areas in full bloom near Kurukshetra-Karnal) and her resulting Sentinel-2 temporal hypothesis (April green -> May flowering-period green -> June harvested/brown/ploughed). NOT independently confirmed sunflower ground truth. NOT derived from or cross-checked against AMED crop labels.",0.6933333539962768
7JXRWQMH+G6GM,29.933823,76.778079,33.5408,390e3edc,0.24384224911530814,0.23109715282917023,0.17748678475618362,0.06635546435912451,0.12194451441367467,0.09929047487676143,0.09046341851353645,-0.03984161807845036,-0.10037039965391159,-0.09481395035982132,0.2290861209233602,0.1923645943403244,0.1350451037287712,0.75,False,0.289,D,NON_SUNFLOWER_TEMPORAL_NEGATIVE,cofounder_green_to_brown_temporal_heuristic,"Weak label derived from the co-founder's Google Earth field observation (Delhi->Chandigarh drive, 2026-05-09, large sunflower areas in full bloom near Kurukshetra-Karnal) and her resulting Sentinel-2 temporal hypothesis (April green -> May flowering-period green -> June harvested/brown/ploughed). NOT independently confirmed sunflower ground truth. NOT derived from or cross-checked against AMED crop labels.",0.6933333539962768
7JXRWRM5+9RGR,29.933444,76.809569,27.5328,390e3f44,0.20831870039304098,0.24038060009479523,0.5120093673467636,-0.3036906669537226,0.16981119414170584,0.1730474591255188,0.32107149064540863,-0.06942284425410132,0.00221100989729166,0.09559852816164494,0.18229460219542185,0.22769733816385268,0.1917307749390602,0.75,False,0.1904,D,NON_SUNFLOWER_TEMPORAL_NEGATIVE,cofounder_green_to_brown_temporal_heuristic,"Weak label derived from the co-founder's Google Earth field observation (Delhi->Chandigarh drive, 2026-05-09, large sunflower areas in full bloom near Kurukshetra-Karnal) and her resulting Sentinel-2 temporal hypothesis (April green -> May flowering-period green -> June harvested/brown/ploughed). NOT independently confirmed sunflower ground truth. NOT derived from or cross-checked against AMED crop labels.",0.6933333539962768
7JXRWRM3+868X,29.933265,76.803094,4584.4841,390e3f44,0.14761431240994066,0.1231504637437562,0.07211413485411967,0.07550017755582099,0.07352031044299819,0.06638131365180015,0.014262060424597526,-0.10467580323004061,-0.14327109139412644,-0.11946950726107593,0.1794224009952611,0.1843573622095088,0.11106281701682345,0.833,False,0.3332,D,NON_SUNFLOWER_TEMPORAL_NEGATIVE,cofounder_green_to_brown_temporal_heuristic,"Weak label derived from the co-founder's Google Earth field observation (Delhi->Chandigarh drive, 2026-05-09, large sunflower areas in full bloom near Kurukshetra-Karnal) and her resulting Sentinel-2 temporal hypothesis (April green -> May flowering-period green -> June harvested/brown/ploughed). NOT independently confirmed sunflower ground truth. NOT derived from or cross-checked against AMED crop labels.",0.6933333539962768
7JXRWVW5+F9V2,29.94625,76.858429,1754.0124,390e40c4,0.14976751091687576,0.13675262124642082,0.14316063823681033,0.006606872680065434,0.09974233455200127,0.09229948208059954,0.06797629528215542,-0.07166307910844899,-0.09438194556404715,-0.1034968658642852,0.17138133036053702,0.16952216404935588,0.11469218240802742,0.833,False,0.2477,D,NON_SUNFLOWER_TEMPORAL_NEGATIVE,cofounder_green_to_brown_temporal_heuristic,"Weak label derived from the co-founder's Google Earth field observation (Delhi->Chandigarh drive, 2026-05-09, large sunflower areas in full bloom near Kurukshetra-Karnal) and her resulting Sentinel-2 temporal hypothesis (April green -> May flowering-period green -> June harvested/brown/ploughed). NOT independently confirmed sunflower ground truth. NOT derived from or cross-checked against AMED crop labels.",0.6933333539962768
7JXRWVQ2+7JV5,29.938305,76.851468,19322.3101,390e40c4,0.36520582346600444,0.2848150053460684,0.09128490556308644,0.273920917902918,0.20851765582448842,0.14964153605937358,0.04228601704242118,0.00986752658372142,-0.07414195091951116,-0.11730351672130862,0.2099359867916931,0.24504419985626424,0.12003044506058184,0.833,False,0.5129,B,SUNFLOWER_WEAK_POSITIVE_MEDIUM,cofounder_green_to_brown_temporal_heuristic,"Weak label derived from the co-founder's Google Earth field observation (Delhi->Chandigarh drive, 2026-05-09, large sunflower areas in full bloom near Kurukshetra-Karnal) and her resulting Sentinel-2 temporal hypothesis (April green -> May flowering-period green -> June harvested/brown/ploughed). NOT independently confirmed sunflower ground truth. NOT derived from or cross-checked against AMED crop labels.",0.6933333539962768
7JXRWWP3+HH8V,29.936372,76.90399,2544.8242,390e416c,0.17240167885320262,0.12331815456350644,0.16144249954571327,0.010959179307489353,0.08972962743137032,0.07323598566154638,0.07417618174416324,-0.07234828578366431,-0.12363185244301955,0.0009039088229959094,0.13216383286829417,0.14149314382423955,0.09847265750480196,1.0,False,0.2566,D,NON_SUNFLOWER_TEMPORAL_NEGATIVE,cofounder_green_to_brown_temporal_heuristic,"Weak label derived from the co-founder's Google Earth field observation (Delhi->Chandigarh drive, 2026-05-09, large sunflower areas in full bloom near Kurukshetra-Karnal) and her resulting Sentinel-2 temporal hypothesis (April green -> May flowering-period green -> June harvested/brown/ploughed). NOT independently confirmed sunflower ground truth. NOT derived from or cross-checked against AMED crop labels.",0.6933333539962768
7JXRWVMX+8R5Q,29.933124,76.899673,4024.4838,390e416c,0.17926963483766903,0.20427101960494404,0.12974041452010474,0.04952922031756429,0.09878573371540932,0.12328445207150207,0.07384246572231251,-0.07306432395818686,-0.08522661591746979,-0.10212382399255321,0.16401911698400026,0.1729354291444733,0.12224550350081356,0.75,False,0.293,D,NON_SUNFLOWER_TEMPORAL_NEGATIVE,cofounder_green_to_brown_temporal_heuristic,"Weak label derived from the co-founder's Google Earth field observation (Delhi->Chandigarh drive, 2026-05-09, large sunflower areas in full bloom near Kurukshetra-Karnal) and her resulting Sentinel-2 temporal hypothesis (April green -> May flowering-period green -> June harvested/brown/ploughed). NOT independently confirmed sunflower ground truth. NOT derived from or cross-checked against AMED crop labels.",0.6933333539962768
7JXRWVMX+QPQC,29.934579,76.899406,19200.9989,390e416c,0.12579234217081575,0.11204825573175854,0.09561764306018078,0.030174699110634973,0.06488230263759875,0.06332662601424584,0.04524167652357172,-0.09095805818837067,-0.12829558040282135,-0.13119574115855748,0.12039842386102101,0.1493304109327423,0.12304609992261076,0.833,False,0.284,D,NON_SUNFLOWER_TEMPORAL_NEGATIVE,cofounder_green_to_brown_temporal_heuristic,"Weak label derived from the co-founder's Google Earth field observation (Delhi->Chandigarh drive, 2026-05-09, large sunflower areas in full bloom near Kurukshetra-Karnal) and her resulting Sentinel-2 temporal hypothesis (April green -> May flowering-period green -> June harvested/brown/ploughed). NOT independently confirmed sunflower ground truth. NOT derived from or cross-checked against AMED crop labels.",0.6933333539962768
7JXRWWMW+RJQ4,29.934576,76.946607,22.0236,390e43bc,0.25597336888313293,0.2705228328704834,0.21613876024881998,0.03983460863431296,0.1237491425126791,0.09693145006895065,0.1133053849140803,-0.0625594649463892,-0.05166239961981774,-0.03206602359811465,0.19666680321097374,0.20506882518529893,0.1509085769454638,0.917,False,0.2741,D,NON_SUNFLOWER_TEMPORAL_NEGATIVE,cofounder_green_to_brown_temporal_heuristic,"Weak label derived from the co-founder's Google Earth field observation (Delhi->Chandigarh drive, 2026-05-09, large sunflower areas in full bloom near Kurukshetra-Karnal) and her resulting Sentinel-2 temporal hypothesis (April green -> May flowering-period green -> June harvested/brown/ploughed). NOT independently confirmed sunflower ground truth. NOT derived from or cross-checked against AMED crop labels.",0.6933333539962768
7JXRWWVX+92GV,29.943405,76.947572,1870.5013,390e43bc,0.20206293179875334,0.17444286204519727,0.14755577815785295,0.05450715364090039,0.11030724147955576,0.1017435203705515,0.08625757636591082,-0.09616092911788396,-0.0758658929506228,-0.054351933457794425,0.2141383286742937,0.1977773225023633,0.11995007638775167,0.833,False,0.291,D,NON_SUNFLOWER_TEMPORAL_NEGATIVE,cofounder_green_to_brown_temporal_heuristic,"Weak label derived from the co-founder's Google Earth field observation (Delhi->Chandigarh drive, 2026-05-09, large sunflower areas in full bloom near Kurukshetra-Karnal) and her resulting Sentinel-2 temporal hypothesis (April green -> May flowering-period green -> June harvested/brown/ploughed). NOT independently confirmed sunflower ground truth. NOT derived from or cross-checked against AMED crop labels.",0.6933333539962768
7JXRWWQX+VJ44,29.939573,76.949149,3776.538,390e43bc,0.15158192250168043,0.17495218746009328,0.2437969803229555,-0.09221505782127506,0.09230974510622522,0.11554095725573246,0.13313485900264183,-0.0699331755244029,-0.07968297008247602,0.035436418693657816,0.14949182039570239,0.16415765909921556,0.1341269513898533,1.0,False,0.1889,D,NON_SUNFLOWER_TEMPORAL_NEGATIVE,cofounder_green_to_brown_temporal_heuristic,"Weak label derived from the co-founder's Google Earth field observation (Delhi->Chandigarh drive, 2026-05-09, large sunflower areas in full bloom near Kurukshetra-Karnal) and her resulting Sentinel-2 temporal hypothesis (April green -> May flowering-period green -> June harvested/brown/ploughed). NOT independently confirmed sunflower ground truth. NOT derived from or cross-checked against AMED crop labels.",0.6933333539962768
7JXRWWPW+9FQM,29.935866,76.946281,5230.1091,390e43bc,0.17205337549046598,0.11355715971820209,0.09990149265041154,0.07215188284005444,0.09478685454161342,0.052525564361059554,0.04311662396023266,-0.10208669309599362,-0.09617691779015015,-0.050266186890452084,0.17306438508462538,0.19573316422044015,0.12582862534287834,0.917,False,0.3238,D,NON_SUNFLOWER_TEMPORAL_NEGATIVE,cofounder_green_to_brown_temporal_heuristic,"Weak label derived from the co-founder's Google Earth field observation (Delhi->Chandigarh drive, 2026-05-09, large sunflower areas in full bloom near Kurukshetra-Karnal) and her resulting Sentinel-2 temporal hypothesis (April green -> May flowering-period green -> June harvested/brown/ploughed). NOT independently confirmed sunflower ground truth. NOT derived from or cross-checked against AMED crop labels.",0.6933333539962768
7JXRWWRR+MP75,29.941785,76.941839,16300.5289,390e43bc,0.3197735129269185,0.49098193386617395,0.445049377803046,-0.12527586487612746,0.20465012773489344,0.362778770727798,0.3278106136713177,-0.00036174110742773213,0.11937312605098271,0.11486944390269813,0.224585824190455,0.2924345398147038,0.18917538715192136,0.75,False,0.276,D,NON_SUNFLOWER_TEMPORAL_NEGATIVE,cofounder_green_to_brown_temporal_heuristic,"Weak label derived from the co-founder's Google Earth field observation (Delhi->Chandigarh drive, 2026-05-09, large sunflower areas in full bloom near Kurukshetra-Karnal) and her resulting Sentinel-2 temporal hypothesis (April green -> May flowering-period green -> June harvested/brown/ploughed). NOT independently confirmed sunflower ground truth. NOT derived from or cross-checked against AMED crop labels.",0.6933333539962768
7JXRWXJM+JFMP,29.931584,76.983676,36.0375,390e431c,0.3756163865327835,0.3719992101192474,0.2906116917729378,0.08500469475984573,0.21784979850053787,0.17321313619613649,0.14696693047881126,-0.028492239071056247,-0.05286584794521332,-0.022753484081476927,0.19318032637238503,0.3240030348300934,0.13232100568711758,1.0,False,0.3354,D,NON_SUNFLOWER_TEMPORAL_NEGATIVE,cofounder_green_to_brown_temporal_heuristic,"Weak label derived from the co-founder's Google Earth field observation (Delhi->Chandigarh drive, 2026-05-09, large sunflower areas in full bloom near Kurukshetra-Karnal) and her resulting Sentinel-2 temporal hypothesis (April green -> May flowering-period green -> June harvested/brown/ploughed). NOT independently confirmed sunflower ground truth. NOT derived from or cross-checked against AMED crop labels.",0.6933333539962768
7JXRWXJM+5CJ4,29.930461,76.983483,1233.2824,390e431c,0.43254212973018485,0.42394493743777273,0.2881908065173775,0.14435132321280736,0.253964413733532,0.23086070772260428,0.1694337303051725,0.02502476480003679,0.022135594312567265,0.01873901071121509,0.21135946564997235,0.27121553337201476,0.12777134247880895,0.917,False,0.3835,C,UNCERTAIN,cofounder_green_to_brown_temporal_heuristic,"Weak label derived from the co-founder's Google Earth field observation (Delhi->Chandigarh drive, 2026-05-09, large sunflower areas in full bloom near Kurukshetra-Karnal) and her resulting Sentinel-2 temporal hypothesis (April green -> May flowering-period green -> June harvested/brown/ploughed). NOT independently confirmed sunflower ground truth. NOT derived from or cross-checked against AMED crop labels.",0.6933333539962768
7JXRWXMM+35G2,29.932666,76.983075,3359.9941,390e431c,0.19254155758590924,0.15957416157637322,0.12705756542051122,0.06548399216539802,0.11346179255772207,0.0901182987416784,0.06132942609422441,-0.07715898332424417,-0.09798859311683503,-0.055777950445190086,0.17263856898283675,0.17216755769082476,0.1199182725866281,1.0,False,0.3231,D,NON_SUNFLOWER_TEMPORAL_NEGATIVE,cofounder_green_to_brown_temporal_heuristic,"Weak label derived from the co-founder's Google Earth field observation (Delhi->Chandigarh drive, 2026-05-09, large sunflower areas in full bloom near Kurukshetra-Karnal) and her resulting Sentinel-2 temporal hypothesis (April green -> May flowering-period green -> June harvested/brown/ploughed). NOT independently confirmed sunflower ground truth. NOT derived from or cross-checked against AMED crop labels.",0.6933333539962768
7JXRWXMM+WFP7,29.934811,76.983582,4164.3262,390e431c,0.6473998127593882,0.6789351121300744,0.5081058857696397,0.13929392698974852,0.470347118430904,0.5010212817362376,0.33846635172293255,0.16079890247437148,0.20837641555948982,0.1500175198639876,0.3118184436378734,0.2933437206294565,0.17231074614184247,1.0,False,0.5098,C,UNCERTAIN,cofounder_green_to_brown_temporal_heuristic,"Weak label derived from the co-founder's Google Earth field observation (Delhi->Chandigarh drive, 2026-05-09, large sunflower areas in full bloom near Kurukshetra-Karnal) and her resulting Sentinel-2 temporal hypothesis (April green -> May flowering-period green -> June harvested/brown/ploughed). NOT independently confirmed sunflower ground truth. NOT derived from or cross-checked against AMED crop labels.",0.6933333539962768
7JXRWXGH+P2X9,29.926539,76.977701,19551.4462,390e431c,0.17785768832474336,0.1164852720534518,0.11997293409492288,0.05788475422982048,0.10382702740353765,0.06376532200369098,0.06265084159205714,-0.1114841421115026,-0.12488152932286971,-0.09020138575814646,0.15033958753710475,0.17044592325176514,0.12551721337561803,1.0,False,0.312,D,NON_SUNFLOWER_TEMPORAL_NEGATIVE,cofounder_green_to_brown_temporal_heuristic,"Weak label derived from the co-founder's Google Earth field observation (Delhi->Chandigarh drive, 2026-05-09, large sunflower areas in full bloom near Kurukshetra-Karnal) and her resulting Sentinel-2 temporal hypothesis (April green -> May flowering-period green -> June harvested/brown/ploughed). NOT independently confirmed sunflower ground truth. NOT derived from or cross-checked against AMED crop labels.",0.6933333539962768
7JXVW2PC+WRFG,29.937312,77.022054,46.0462,390e5cdc,0.17316674441099167,0.17187958657741548,0.3658060133457184,-0.19263926893472672,0.09784263372421265,0.05210017561912537,0.17133763432502747,-0.10842151194810867,-0.11415471360087395,-0.06778302788734436,0.2053460329771042,0.1712704762816429,0.17793040970961252,0.75,False,0.1654,D,NON_SUNFLOWER_TEMPORAL_NEGATIVE,cofounder_green_to_brown_temporal_heuristic,"Weak label derived from the co-founder's Google Earth field observation (Delhi->Chandigarh drive, 2026-05-09, large sunflower areas in full bloom near Kurukshetra-Karnal) and her resulting Sentinel-2 temporal hypothesis (April green -> May flowering-period green -> June harvested/brown/ploughed). NOT independently confirmed sunflower ground truth. NOT derived from or cross-checked against AMED crop labels.",0.6933333539962768
7JXVW2QG+FC46,29.938674,77.026212,2270.7687,390e5cdc,0.282052238113605,0.3053912342740939,0.21386173396156385,0.06819050415204117,0.14851087763404042,0.1668115941664347,0.1230893128205282,-0.13074536306353718,-0.10492249314601607,-0.12614804831070778,0.2060007845553068,0.27480678621392984,0.14191932861621567,0.75,False,0.2878,D,NON_SUNFLOWER_TEMPORAL_NEGATIVE,cofounder_green_to_brown_temporal_heuristic,"Weak label derived from the co-founder's Google Earth field observation (Delhi->Chandigarh drive, 2026-05-09, large sunflower areas in full bloom near Kurukshetra-Karnal) and her resulting Sentinel-2 temporal hypothesis (April green -> May flowering-period green -> June harvested/brown/ploughed). NOT independently confirmed sunflower ground truth. NOT derived from or cross-checked against AMED crop labels.",0.6933333539962768
7JXVW2JM+R55F,29.931957,77.03305,3811.7885,390e5cdc,0.2622486795816157,0.20721932968331705,0.16164300376894297,0.10060567581267271,0.1476549896825519,0.11939962272428803,0.0856702062042637,-0.05126507741321499,-0.11402820617788367,-0.11960606311482412,0.20654777209791872,0.1833545959244172,0.11396963521838188,0.75,False,0.3189,D,NON_SUNFLOWER_TEMPORAL_NEGATIVE,cofounder_green_to_brown_temporal_heuristic,"Weak label derived from the co-founder's Google Earth field observation (Delhi->Chandigarh drive, 2026-05-09, large sunflower areas in full bloom near Kurukshetra-Karnal) and her resulting Sentinel-2 temporal hypothesis (April green -> May flowering-period green -> June harvested/brown/ploughed). NOT independently confirmed sunflower ground truth. NOT derived from or cross-checked against AMED crop labels.",0.6933333539962768
7JXVW2QJ+RWXJ,29.939601,77.032325,4758.7259,390e5cdc,0.15330249909311536,0.1315247221228977,0.09342780134951074,0.05987469774360461,0.08415838303820541,0.07776363009276488,0.04510010209115636,-0.10682196340834099,-0.1421309650254746,-0.15705994775311813,0.19771117561807233,0.16526773357763885,0.10355487408944303,0.75,False,0.3041,D,NON_SUNFLOWER_TEMPORAL_NEGATIVE,cofounder_green_to_brown_temporal_heuristic,"Weak label derived from the co-founder's Google Earth field observation (Delhi->Chandigarh drive, 2026-05-09, large sunflower areas in full bloom near Kurukshetra-Karnal) and her resulting Sentinel-2 temporal hypothesis (April green -> May flowering-period green -> June harvested/brown/ploughed). NOT independently confirmed sunflower ground truth. NOT derived from or cross-checked against AMED crop labels.",0.6933333539962768
7JXVW2QG+22Q7,29.937556,77.025132,24108.6137,390e5cdc,0.15009657550941818,0.13910931832140147,0.09717461871660574,0.05292195679281245,0.07583350991660898,0.07435816988221962,0.044145610014357704,-0.12200873555107553,-0.13954529015584421,-0.11310087060555815,0.1963370514999736,0.18743016244064675,0.07432973215017805,0.833,False,0.3066,D,NON_SUNFLOWER_TEMPORAL_NEGATIVE,cofounder_green_to_brown_temporal_heuristic,"Weak label derived from the co-founder's Google Earth field observation (Delhi->Chandigarh drive, 2026-05-09, large sunflower areas in full bloom near Kurukshetra-Karnal) and her resulting Sentinel-2 temporal hypothesis (April green -> May flowering-period green -> June harvested/brown/ploughed). NOT independently confirmed sunflower ground truth. NOT derived from or cross-checked against AMED crop labels.",0.6933333539962768
7JXRXQQG+5G79,29.987905,76.776314,25.0302,390e3904,0.3552210529645284,0.356978976726532,0.34137943387031555,0.013841619094212831,0.20343073705832163,0.23701279759407043,0.18946785728136697,0.007257795271774133,0.010252045467495918,0.007236478850245476,0.20290527244408926,0.2055976539850235,0.15244932969411215,0.833,False,0.2761,D,NON_SUNFLOWER_TEMPORAL_NEGATIVE,cofounder_green_to_brown_temporal_heuristic,"Weak label derived from the co-founder's Google Earth field observation (Delhi->Chandigarh drive, 2026-05-09, large sunflower areas in full bloom near Kurukshetra-Karnal) and her resulting Sentinel-2 temporal hypothesis (April green -> May flowering-period green -> June harvested/brown/ploughed). NOT independently confirmed sunflower ground truth. NOT derived from or cross-checked against AMED crop labels.",0.6933333539962768
7JXRXQPF+2W6H,29.985056,76.774932,1952.8625,390e3904,0.1732555215281469,0.14873624541279343,0.12267890655332142,0.05057661497482549,0.09447653170813013,0.07853862713479126,0.05601111219988928,-0.0735437930734069,-0.12620284997133746,-0.11741853450183516,0.1794903857840432,0.15995953813609148,0.13774530506796306,0.833,False,0.2946,D,NON_SUNFLOWER_TEMPORAL_NEGATIVE,cofounder_green_to_brown_temporal_heuristic,"Weak label derived from the co-founder's Google Earth field observation (Delhi->Chandigarh drive, 2026-05-09, large sunflower areas in full bloom near Kurukshetra-Karnal) and her resulting Sentinel-2 temporal hypothesis (April green -> May flowering-period green -> June harvested/brown/ploughed). NOT independently confirmed sunflower ground truth. NOT derived from or cross-checked against AMED crop labels.",0.6933333539962768
7JXRXQRF+33XG,29.990231,76.772798,3854.6659,390e3904,0.13736876892665076,0.10030049946086077,0.0745923702294628,0.06277639869718796,0.07020252313287484,0.05804076751743649,0.03399389396127801,-0.10583561032064377,-0.1594825014200698,-0.14621152223220893,0.16965479184947316,0.12413993836471846,0.08505573386667364,0.917,False,0.3258,D,NON_SUNFLOWER_TEMPORAL_NEGATIVE,cofounder_green_to_brown_temporal_heuristic,"Weak label derived from the co-founder's Google Earth field observation (Delhi->Chandigarh drive, 2026-05-09, large sunflower areas in full bloom near Kurukshetra-Karnal) and her resulting Sentinel-2 temporal hypothesis (April green -> May flowering-period green -> June harvested/brown/ploughed). NOT independently confirmed sunflower ground truth. NOT derived from or cross-checked against AMED crop labels.",0.6933333539962768
7JXRXQQH+GHM7,29.988834,76.778804,6290.5847,390e3904,0.20671858840886456,0.19626924510539318,0.08911615348930772,0.11760243491955684,0.12261027308878462,0.11325031557310096,0.03049286647576172,-0.08162754471892868,-0.08017441026441016,-0.08003489604917327,0.16526562288219546,0.12453886144507079,0.09756671411939609,0.767,False,0.3662,D,NON_SUNFLOWER_TEMPORAL_NEGATIVE,cofounder_green_to_brown_temporal_heuristic,"Weak label derived from the co-founder's Google Earth field observation (Delhi->Chandigarh drive, 2026-05-09, large sunflower areas in full bloom near Kurukshetra-Karnal) and her resulting Sentinel-2 temporal hypothesis (April green -> May flowering-period green -> June harvested/brown/ploughed). NOT independently confirmed sunflower ground truth. NOT derived from or cross-checked against AMED crop labels.",0.6933333539962768
7JXRXQQ9+Q92H,29.989411,76.768513,20730.67,390e3904,0.13448028689588767,0.12110519024225823,0.08569498117980294,0.048785305716084734,0.07062127635276638,0.06758898948578344,0.03480673638187606,-0.08791320347820059,-0.1332903928783691,-0.18516101741767357,0.16966268249676808,0.1590117000321964,0.10242921233030143,0.833,False,0.3052,D,NON_SUNFLOWER_TEMPORAL_NEGATIVE,cofounder_green_to_brown_temporal_heuristic,"Weak label derived from the co-founder's Google Earth field observation (Delhi->Chandigarh drive, 2026-05-09, large sunflower areas in full bloom near Kurukshetra-Karnal) and her resulting Sentinel-2 temporal hypothesis (April green -> May flowering-period green -> June harvested/brown/ploughed). NOT independently confirmed sunflower ground truth. NOT derived from or cross-checked against AMED crop labels.",0.6933333539962768
7JXRXRQ4+VRQ5,29.989696,76.807115,38.045,390e388c,0.5432256360848745,0.5064175873994827,0.3225298325220744,0.2206958035628001,0.26492200791835785,0.2950809895992279,0.17575704554716745,0.009119214490056038,-0.025957303121685982,-0.03636922687292099,0.269520382086436,0.1795455627143383,0.1660184214512507,0.767,False,0.4563,C,UNCERTAIN,cofounder_green_to_brown_temporal_heuristic,"Weak label derived from the co-founder's Google Earth field observation (Delhi->Chandigarh drive, 2026-05-09, large sunflower areas in full bloom near Kurukshetra-Karnal) and her resulting Sentinel-2 temporal hypothesis (April green -> May flowering-period green -> June harvested/brown/ploughed). NOT independently confirmed sunflower ground truth. NOT derived from or cross-checked against AMED crop labels.",0.6933333539962768
7JXRXRR7+PCPM,29.991814,76.813521,4192.4326,390e388c,0.30940930835074854,0.26483801618900177,0.20997740683101473,0.0994319015197338,0.22106927006490645,0.18994080882822098,0.1499167953731206,0.014549096801414316,-0.027445227372173975,-0.039056327437277306,0.15292670600678004,0.2097016899003869,0.14640680341808884,0.917,False,0.3231,D,NON_SUNFLOWER_TEMPORAL_NEGATIVE,cofounder_green_to_brown_temporal_heuristic,"Weak label derived from the co-founder's Google Earth field observation (Delhi->Chandigarh drive, 2026-05-09, large sunflower areas in full bloom near Kurukshetra-Karnal) and her resulting Sentinel-2 temporal hypothesis (April green -> May flowering-period green -> June harvested/brown/ploughed). NOT independently confirmed sunflower ground truth. NOT derived from or cross-checked against AMED crop labels.",0.6933333539962768
7JXRXVX2+VP53,29.999579,76.851876,937.5716,390e470c,0.15290640965104102,0.2029117354750633,0.13068683743476867,0.022219572216272354,0.08858165536075831,0.11694624811410903,0.09021721382935843,-0.10157156768254937,-0.09259938653558493,-0.1115470874744157,0.1673925958573818,0.20517283514142037,0.11482213363051415,0.75,False,0.2706,D,NON_SUNFLOWER_TEMPORAL_NEGATIVE,cofounder_green_to_brown_temporal_heuristic,"Weak label derived from the co-founder's Google Earth field observation (Delhi->Chandigarh drive, 2026-05-09, large sunflower areas in full bloom near Kurukshetra-Karnal) and her resulting Sentinel-2 temporal hypothesis (April green -> May flowering-period green -> June harvested/brown/ploughed). NOT independently confirmed sunflower ground truth. NOT derived from or cross-checked against AMED crop labels.",0.6933333539962768
7JXRXVX5+R3FV,29.999562,76.857713,3930.4728,390e470c,0.5802376667658486,0.18812099053036596,0.45749870415717847,0.12273896260867018,0.3392260035588628,0.08561974870196233,0.28716982286127785,0.09762168052561936,-0.11177748276497282,0.06670617140711299,0.32333233118766835,0.24814050298716345,0.17616381170967269,0.75,False,0.3588,C,UNCERTAIN,cofounder_green_to_brown_temporal_heuristic,"Weak label derived from the co-founder's Google Earth field observation (Delhi->Chandigarh drive, 2026-05-09, large sunflower areas in full bloom near Kurukshetra-Karnal) and her resulting Sentinel-2 temporal hypothesis (April green -> May flowering-period green -> June harvested/brown/ploughed). NOT independently confirmed sunflower ground truth. NOT derived from or cross-checked against AMED crop labels.",0.6933333539962768
7JXRXVWW+3G4X,29.995147,76.896347,31.0343,390e4694,0.5350016057491302,0.7971967816352844,0.6663178205490112,-0.13131621479988098,0.40439367294311523,0.6012928724288941,0.50322425365448,0.09155621752142906,0.30396459698677064,0.2777271221081416,0.24873318523168564,0.36575556397438047,0.19299677511056265,0.75,False,0.4001,C,UNCERTAIN,cofounder_green_to_brown_temporal_heuristic,"Weak label derived from the co-founder's Google Earth field observation (Delhi->Chandigarh drive, 2026-05-09, large sunflower areas in full bloom near Kurukshetra-Karnal) and her resulting Sentinel-2 temporal hypothesis (April green -> May flowering-period green -> June harvested/brown/ploughed). NOT independently confirmed sunflower ground truth. NOT derived from or cross-checked against AMED crop labels.",0.6933333539962768
7JXRXWV2+QFJ7,29.994257,76.900764,39044.0053,390e4694,0.2707270584385661,0.26834585550919315,0.20498565995529247,0.06574139848327362,0.14757384872516088,0.1489199768643356,0.10556196827971918,-0.08447801547575098,-0.08861406408855019,-0.08891027850704719,0.21765743411209398,0.2292400891124044,0.1428410118162439,0.75,False,0.2828,D,NON_SUNFLOWER_TEMPORAL_NEGATIVE,cofounder_green_to_brown_temporal_heuristic,"Weak label derived from the co-founder's Google Earth field observation (Delhi->Chandigarh drive, 2026-05-09, large sunflower areas in full bloom near Kurukshetra-Karnal) and her resulting Sentinel-2 temporal hypothesis (April green -> May flowering-period green -> June harvested/brown/ploughed). NOT independently confirmed sunflower ground truth. NOT derived from or cross-checked against AMED crop labels.",0.6933333539962768
7JXRXWXW+2PWR,29.997624,76.94681,26.0276,390e4444,0.1976791719595591,0.24806725084781647,0.11757893860340118,0.08010023335615793,0.12707677483558655,0.14049067497253417,0.05586312152445316,-0.0499984077954044,-0.07583361119031906,-0.027441805228590965,0.19985131919384003,0.25525630414485934,0.14195751026272774,0.917,False,0.3482,D,NON_SUNFLOWER_TEMPORAL_NEGATIVE,cofounder_green_to_brown_temporal_heuristic,"Weak label derived from the co-founder's Google Earth field observation (Delhi->Chandigarh drive, 2026-05-09, large sunflower areas in full bloom near Kurukshetra-Karnal) and her resulting Sentinel-2 temporal hypothesis (April green -> May flowering-period green -> June harvested/brown/ploughed). NOT independently confirmed sunflower ground truth. NOT derived from or cross-checked against AMED crop labels.",0.6933333539962768
7JXRXWXX+532P,29.99789,76.947714,920.4755,390e4444,0.1852784160938528,0.14733040841917197,0.10157069067160289,0.0837077254222499,0.11529854291843043,0.059192121729332345,0.04186698171017472,-0.07454880030773993,-0.12493218208352723,-0.1128531965530581,0.1895434442493651,0.2676818251609802,0.15983224080668554,0.833,False,0.3305,D,NON_SUNFLOWER_TEMPORAL_NEGATIVE,cofounder_green_to_brown_temporal_heuristic,"Weak label derived from the co-founder's Google Earth field observation (Delhi->Chandigarh drive, 2026-05-09, large sunflower areas in full bloom near Kurukshetra-Karnal) and her resulting Sentinel-2 temporal hypothesis (April green -> May flowering-period green -> June harvested/brown/ploughed). NOT independently confirmed sunflower ground truth. NOT derived from or cross-checked against AMED crop labels.",0.6933333539962768
7JXRXWVV+M6GH,29.994183,76.943169,2709.3842,390e4444,0.19811380679408708,0.1678392516076565,0.12071208067067053,0.07740172612341654,0.10401316856344542,0.09976146116231879,0.06381174480842276,-0.12139996544768414,-0.09235959543536106,-0.05552508130498315,0.22245916575193403,0.1936837616066138,0.12039921669953173,0.833,False,0.3205,D,NON_SUNFLOWER_TEMPORAL_NEGATIVE,cofounder_green_to_brown_temporal_heuristic,"Weak label derived from the co-founder's Google Earth field observation (Delhi->Chandigarh drive, 2026-05-09, large sunflower areas in full bloom near Kurukshetra-Karnal) and her resulting Sentinel-2 temporal hypothesis (April green -> May flowering-period green -> June harvested/brown/ploughed). NOT independently confirmed sunflower ground truth. NOT derived from or cross-checked against AMED crop labels.",0.6933333539962768
7JXRXWWR+4M68,29.995327,76.941576,3515.2459,390e4444,0.11128826284160215,0.13987011284463935,0.13512342438722652,-0.023835161545624373,0.05813683381873287,0.09701950698573557,0.07714325294364244,-0.08753307805293137,-0.060945253793357156,-0.02673330535698269,0.20715781922141713,0.2188808612939384,0.15700242083726657,0.833,False,0.2391,D,NON_SUNFLOWER_TEMPORAL_NEGATIVE,cofounder_green_to_brown_temporal_heuristic,"Weak label derived from the co-founder's Google Earth field observation (Delhi->Chandigarh drive, 2026-05-09, large sunflower areas in full bloom near Kurukshetra-Karnal) and her resulting Sentinel-2 temporal hypothesis (April green -> May flowering-period green -> June harvested/brown/ploughed). NOT independently confirmed sunflower ground truth. NOT derived from or cross-checked against AMED crop labels.",0.6933333539962768
7JXRXWVW+7574,29.993304,76.945818,56033.2572,390e4444,0.49937470217808977,0.5295736789876067,0.2892791166546056,0.21009558552348417,0.368123891023265,0.3881229896347781,0.18402419800066777,0.07533668001313051,0.11336816072604505,0.058631690344156044,0.3629521375509678,0.25335960854334644,0.11371131517463638,0.833,False,0.4483,C,UNCERTAIN,cofounder_green_to_brown_temporal_heuristic,"Weak label derived from the co-founder's Google Earth field observation (Delhi->Chandigarh drive, 2026-05-09, large sunflower areas in full bloom near Kurukshetra-Karnal) and her resulting Sentinel-2 temporal hypothesis (April green -> May flowering-period green -> June harvested/brown/ploughed). NOT independently confirmed sunflower ground truth. NOT derived from or cross-checked against AMED crop labels.",0.6933333539962768
7JXRXXRM+8PG3,29.990803,76.984351,1055.5851,390e4494,0.3232389647099707,0.3354044775995943,0.24113208800554276,0.08210687670442796,0.18730614665481782,0.2029236120482286,0.1413286077203574,-0.008087780844006274,-0.011074085978584157,-0.020664490690385857,0.20523881249957615,0.14343686174187395,0.12104775342676376,0.683,False,0.2852,D,NON_SUNFLOWER_TEMPORAL_NEGATIVE,cofounder_green_to_brown_temporal_heuristic,"Weak label derived from the co-founder's Google Earth field observation (Delhi->Chandigarh drive, 2026-05-09, large sunflower areas in full bloom near Kurukshetra-Karnal) and her resulting Sentinel-2 temporal hypothesis (April green -> May flowering-period green -> June harvested/brown/ploughed). NOT independently confirmed sunflower ground truth. NOT derived from or cross-checked against AMED crop labels.",0.6933333539962768
7JXVX2WF+CF86,29.996003,77.023645,3078.0498,390e5b44,0.22220594606229235,0.16222352828298298,0.1329712180154664,0.08923472804682595,0.13099110844944203,0.06280848252986157,0.08111892214843207,-0.059786712591137214,-0.09360332710535399,-0.08855855049831525,0.23505455191646304,0.3015907359548978,0.12199379879803884,0.75,False,0.3146,D,NON_SUNFLOWER_TEMPORAL_NEGATIVE,cofounder_green_to_brown_temporal_heuristic,"Weak label derived from the co-founder's Google Earth field observation (Delhi->Chandigarh drive, 2026-05-09, large sunflower areas in full bloom near Kurukshetra-Karnal) and her resulting Sentinel-2 temporal hypothesis (April green -> May flowering-period green -> June harvested/brown/ploughed). NOT independently confirmed sunflower ground truth. NOT derived from or cross-checked against AMED crop labels.",0.6933333539962768
8J2R2QRC+32F4,30.040156,76.770109,1205.4505,390e377c,0.6714816507365969,0.5394125334421794,0.08167620986286138,0.5898054408737355,0.37131294815076715,0.2486814491947492,0.034360262332484126,0.09503886433958542,0.06459154754100987,-0.07633574265572761,0.3688144530687067,0.3463241587082545,0.13102314165896836,0.833,True,0.8175,A,SUNFLOWER_WEAK_POSITIVE_HIGH,cofounder_green_to_brown_temporal_heuristic,"Weak label derived from the co-founder's Google Earth field observation (Delhi->Chandigarh drive, 2026-05-09, large sunflower areas in full bloom near Kurukshetra-Karnal) and her resulting Sentinel-2 temporal hypothesis (April green -> May flowering-period green -> June harvested/brown/ploughed). NOT independently confirmed sunflower ground truth. NOT derived from or cross-checked against AMED crop labels.",0.6933333539962768
8J2R3Q2H+4CC7,30.050376,76.778562,7248.1576,390e377c,0.12353678781489308,0.11426842700512636,0.07933883008266253,0.04419795773223055,0.053618345773949326,0.058360623396445245,0.03163847719995482,-0.0780108160470263,-0.09788288687400164,-0.07720473022634414,0.16509786783440392,0.1516211930130209,0.1237920591578124,0.917,False,0.3116,D,NON_SUNFLOWER_TEMPORAL_NEGATIVE,cofounder_green_to_brown_temporal_heuristic,"Weak label derived from the co-founder's Google Earth field observation (Delhi->Chandigarh drive, 2026-05-09, large sunflower areas in full bloom near Kurukshetra-Karnal) and her resulting Sentinel-2 temporal hypothesis (April green -> May flowering-period green -> June harvested/brown/ploughed). NOT independently confirmed sunflower ground truth. NOT derived from or cross-checked against AMED crop labels.",0.6933333539962768
8J2R2RW6+H5W9,30.046482,76.810538,930.0872,390e37f4,0.2861975484217206,0.4583809266487758,0.4060411858061949,-0.11984363738447429,0.16962513653561473,0.27933756038546564,0.26223397826155026,-0.07261677509328972,0.04018013746438858,0.11850721524388064,0.17388947494328025,0.23634913054605328,0.14858802032734578,1.0,False,0.2836,D,NON_SUNFLOWER_TEMPORAL_NEGATIVE,cofounder_green_to_brown_temporal_heuristic,"Weak label derived from the co-founder's Google Earth field observation (Delhi->Chandigarh drive, 2026-05-09, large sunflower areas in full bloom near Kurukshetra-Karnal) and her resulting Sentinel-2 temporal hypothesis (April green -> May flowering-period green -> June harvested/brown/ploughed). NOT independently confirmed sunflower ground truth. NOT derived from or cross-checked against AMED crop labels.",0.6933333539962768
8J2R3V26+36F7,30.050095,76.860435,3766.7417,390e4874,0.7201740933316095,0.673542414960407,0.07630107602814123,0.6438730173034684,0.46877944883373046,0.4301377364567348,0.02467609193436579,0.18262165778183512,0.21923159436278405,-0.060701872754309855,0.5413593445268888,0.35286290116962926,0.10086957458406687,0.917,True,0.8975,A,SUNFLOWER_WEAK_POSITIVE_HIGH,cofounder_green_to_brown_temporal_heuristic,"Weak label derived from the co-founder's Google Earth field observation (Delhi->Chandigarh drive, 2026-05-09, large sunflower areas in full bloom near Kurukshetra-Karnal) and her resulting Sentinel-2 temporal hypothesis (April green -> May flowering-period green -> June harvested/brown/ploughed). NOT independently confirmed sunflower ground truth. NOT derived from or cross-checked against AMED crop labels.",0.6933333539962768
8J2R3V45+WC3P,30.057242,76.858554,4167.1943,390e4874,0.1583186568958419,0.10920785385228339,0.12162859365344048,0.03669006324240143,0.08472668601288681,0.05946863581249047,0.0639768358800904,-0.13612138870216545,-0.13042011236151058,-0.035257113476594285,0.19673103750461618,0.13079118666549522,0.10665284647118477,0.767,False,0.2696,D,NON_SUNFLOWER_TEMPORAL_NEGATIVE,cofounder_green_to_brown_temporal_heuristic,"Weak label derived from the co-founder's Google Earth field observation (Delhi->Chandigarh drive, 2026-05-09, large sunflower areas in full bloom near Kurukshetra-Karnal) and her resulting Sentinel-2 temporal hypothesis (April green -> May flowering-period green -> June harvested/brown/ploughed). NOT independently confirmed sunflower ground truth. NOT derived from or cross-checked against AMED crop labels.",0.6933333539962768
8J2R3W22+2HXW,30.050091,76.901541,1706.3613,390e461c,0.20234933495521545,0.1826497881249948,0.18703250502320853,0.01531682993200692,0.12751938377253033,0.1121320696378296,0.11504569545980883,-0.03783227604898539,-0.08223650469021362,-0.047769726498782715,0.17117969251491805,0.21202654154463246,0.10278316070749002,0.833,False,0.2429,D,NON_SUNFLOWER_TEMPORAL_NEGATIVE,cofounder_green_to_brown_temporal_heuristic,"Weak label derived from the co-founder's Google Earth field observation (Delhi->Chandigarh drive, 2026-05-09, large sunflower areas in full bloom near Kurukshetra-Karnal) and her resulting Sentinel-2 temporal hypothesis (April green -> May flowering-period green -> June harvested/brown/ploughed). NOT independently confirmed sunflower ground truth. NOT derived from or cross-checked against AMED crop labels.",0.6933333539962768
8J2R2WV3+799W,30.043027,76.903567,5013.967,390e461c,0.13874719079870443,0.12901686118199274,0.1158461764168281,0.022901014381876333,0.07405499924833958,0.07222216641100554,0.05780920254496427,-0.13462250977754597,-0.15874840798286288,-0.15389217310585085,0.18550965270170802,0.1708616778025261,0.11721625030040742,0.833,False,0.272,D,NON_SUNFLOWER_TEMPORAL_NEGATIVE,cofounder_green_to_brown_temporal_heuristic,"Weak label derived from the co-founder's Google Earth field observation (Delhi->Chandigarh drive, 2026-05-09, large sunflower areas in full bloom near Kurukshetra-Karnal) and her resulting Sentinel-2 temporal hypothesis (April green -> May flowering-period green -> June harvested/brown/ploughed). NOT independently confirmed sunflower ground truth. NOT derived from or cross-checked against AMED crop labels.",0.6933333539962768
8J2R3X23+735H,30.050587,76.952734,616.6447,390e458c,0.2685686436792215,0.2538946469624837,0.24062762450840738,0.027941019170814124,0.1741325706243515,0.17496137274429202,0.17256709353791344,-0.07258412366112073,-0.06081144030516346,-0.01654326405049586,0.22345787162582081,0.1402472198630373,0.15420845523476598,0.683,False,0.2265,D,NON_SUNFLOWER_TEMPORAL_NEGATIVE,cofounder_green_to_brown_temporal_heuristic,"Weak label derived from the co-founder's Google Earth field observation (Delhi->Chandigarh drive, 2026-05-09, large sunflower areas in full bloom near Kurukshetra-Karnal) and her resulting Sentinel-2 temporal hypothesis (April green -> May flowering-period green -> June harvested/brown/ploughed). NOT independently confirmed sunflower ground truth. NOT derived from or cross-checked against AMED crop labels.",0.6933333539962768
8J2R2XX2+H5GR,30.049125,76.95021,26504.0367,390e458c,0.4545529931519472,0.479017113344678,0.37064662016487865,0.08390637298706854,0.30321003165069627,0.3321881956295341,0.24773936098976493,0.0576221182841663,0.09183457164582635,0.04375948957281775,0.2797513637718158,0.2689703945022707,0.18330999041068652,0.75,False,0.3568,C,UNCERTAIN,cofounder_green_to_brown_temporal_heuristic,"Weak label derived from the co-founder's Google Earth field observation (Delhi->Chandigarh drive, 2026-05-09, large sunflower areas in full bloom near Kurukshetra-Karnal) and her resulting Sentinel-2 temporal hypothesis (April green -> May flowering-period green -> June harvested/brown/ploughed). NOT independently confirmed sunflower ground truth. NOT derived from or cross-checked against AMED crop labels.",0.6933333539962768
8J2R3X6P+3FVG,30.060232,76.986176,22.0223,390e4564,0.23082778602838516,0.2312372386455536,0.21192650496959686,0.0189012810587883,0.14765049517154694,0.1728115051984787,0.11250793561339378,-0.09105440974235535,-0.07028902024030685,-0.053459858521819115,0.20367523282766342,0.11246294528245926,0.1290247030556202,0.667,False,0.2268,D,NON_SUNFLOWER_TEMPORAL_NEGATIVE,cofounder_green_to_brown_temporal_heuristic,"Weak label derived from the co-founder's Google Earth field observation (Delhi->Chandigarh drive, 2026-05-09, large sunflower areas in full bloom near Kurukshetra-Karnal) and her resulting Sentinel-2 temporal hypothesis (April green -> May flowering-period green -> June harvested/brown/ploughed). NOT independently confirmed sunflower ground truth. NOT derived from or cross-checked against AMED crop labels.",0.6933333539962768
8J2R3X6M+96QJ,30.060937,76.983127,1279.3,390e4564,0.2678443023136684,0.27904055650745124,0.4461859427983799,-0.17834164048471152,0.14898680562951738,0.12522636151739533,0.2635249958506652,-0.07979966407375677,-0.00928086921838778,0.08736145184634048,0.21797350740858487,0.11217017232307365,0.16207871043552005,0.75,False,0.2174,D,NON_SUNFLOWER_TEMPORAL_NEGATIVE,cofounder_green_to_brown_temporal_heuristic,"Weak label derived from the co-founder's Google Earth field observation (Delhi->Chandigarh drive, 2026-05-09, large sunflower areas in full bloom near Kurukshetra-Karnal) and her resulting Sentinel-2 temporal hypothesis (April green -> May flowering-period green -> June harvested/brown/ploughed). NOT independently confirmed sunflower ground truth. NOT derived from or cross-checked against AMED crop labels.",0.6933333539962768
8J2V22VJ+MHHX,30.04417,77.031594,1053.6468,390e5abc,0.1904282458126545,0.16035888294378914,0.15341482518447772,0.03701342062817678,0.11910419414440793,0.11716066381583609,0.061951296193001326,-0.06917635584250091,-0.09216886665672062,-0.06119932159264053,0.2118040006607771,0.16362270352741082,0.14254114197360143,0.75,False,0.2633,D,NON_SUNFLOWER_TEMPORAL_NEGATIVE,cofounder_green_to_brown_temporal_heuristic,"Weak label derived from the co-founder's Google Earth field observation (Delhi->Chandigarh drive, 2026-05-09, large sunflower areas in full bloom near Kurukshetra-Karnal) and her resulting Sentinel-2 temporal hypothesis (April green -> May flowering-period green -> June harvested/brown/ploughed). NOT independently confirmed sunflower ground truth. NOT derived from or cross-checked against AMED crop labels.",0.6933333539962768
8J2V22WF+MMQG,30.046703,77.024453,15298.9615,390e5abc,0.3563790827607497,0.3761215502157425,0.30432210141458577,0.05205698134616393,0.2100345365022524,0.2189960345506477,0.17556745821956352,-0.014459973484358322,-0.005820738575839182,-0.0028275361184304806,0.26785592935406244,0.2667905447471779,0.16111379619846997,0.75,False,0.2896,D,NON_SUNFLOWER_TEMPORAL_NEGATIVE,cofounder_green_to_brown_temporal_heuristic,"Weak label derived from the co-founder's Google Earth field observation (Delhi->Chandigarh drive, 2026-05-09, large sunflower areas in full bloom near Kurukshetra-Karnal) and her resulting Sentinel-2 temporal hypothesis (April green -> May flowering-period green -> June harvested/brown/ploughed). NOT independently confirmed sunflower ground truth. NOT derived from or cross-checked against AMED crop labels.",0.6933333539962768
8J2R4Q3H+9MQF,30.10344,76.779151,3762.4544,390e36f4,0.29231939216454833,0.19146698692136188,0.1648197775460715,0.12749961461847684,0.17582031511560536,0.10755776696499776,0.07263454125791705,-0.042046344747315306,-0.042874785657741915,-0.007657350599047626,0.2186852308611075,0.14878302059051662,0.1624589266388544,0.85,False,0.3456,D,NON_SUNFLOWER_TEMPORAL_NEGATIVE,cofounder_green_to_brown_temporal_heuristic,"Weak label derived from the co-founder's Google Earth field observation (Delhi->Chandigarh drive, 2026-05-09, large sunflower areas in full bloom near Kurukshetra-Karnal) and her resulting Sentinel-2 temporal hypothesis (April green -> May flowering-period green -> June harvested/brown/ploughed). NOT independently confirmed sunflower ground truth. NOT derived from or cross-checked against AMED crop labels.",0.6933333539962768
8J2R4Q4H+8R3Q,30.105616,76.779545,21898.5729,390e36f4,0.20319451826070653,0.19028343112737534,0.1877956343176312,0.015398883943075342,0.11341926597204864,0.10722038103164834,0.10210301834004998,-0.09109762090325257,-0.0423076427230091,0.0023673237501465605,0.1923074998107611,0.14365983218977263,0.14760883539069447,0.85,False,0.2458,D,NON_SUNFLOWER_TEMPORAL_NEGATIVE,cofounder_green_to_brown_temporal_heuristic,"Weak label derived from the co-founder's Google Earth field observation (Delhi->Chandigarh drive, 2026-05-09, large sunflower areas in full bloom near Kurukshetra-Karnal) and her resulting Sentinel-2 temporal hypothesis (April green -> May flowering-period green -> June harvested/brown/ploughed). NOT independently confirmed sunflower ground truth. NOT derived from or cross-checked against AMED crop labels.",0.6933333539962768
8J2R4R37+JCMC,30.104042,76.8136,2049.8687,390e363c,0.17038612347096205,0.13492628070525822,0.11151163797411652,0.05887448549684553,0.09799831417492692,0.07518795815606913,0.05638577895135515,-0.08957533062332207,-0.09570295767237744,-0.07491285333202943,0.17482973697284857,0.14217490307055414,0.14847256750282314,0.767,False,0.297,D,NON_SUNFLOWER_TEMPORAL_NEGATIVE,cofounder_green_to_brown_temporal_heuristic,"Weak label derived from the co-founder's Google Earth field observation (Delhi->Chandigarh drive, 2026-05-09, large sunflower areas in full bloom near Kurukshetra-Karnal) and her resulting Sentinel-2 temporal hypothesis (April green -> May flowering-period green -> June harvested/brown/ploughed). NOT independently confirmed sunflower ground truth. NOT derived from or cross-checked against AMED crop labels.",0.6933333539962768
8J2R4R66+782R,30.110596,76.810872,5327.1615,390e363c,0.308582937765506,0.4513100952270531,0.5763630182031662,-0.26778008043766016,0.19660031915672363,0.3114901167010108,0.41078388666914356,-0.04661747307005908,0.0863798377197987,0.23137674580818865,0.17061548547879346,0.14699815384923448,0.18893181256228875,0.767,False,0.2663,D,NON_SUNFLOWER_TEMPORAL_NEGATIVE,cofounder_green_to_brown_temporal_heuristic,"Weak label derived from the co-founder's Google Earth field observation (Delhi->Chandigarh drive, 2026-05-09, large sunflower areas in full bloom near Kurukshetra-Karnal) and her resulting Sentinel-2 temporal hypothesis (April green -> May flowering-period green -> June harvested/brown/ploughed). NOT independently confirmed sunflower ground truth. NOT derived from or cross-checked against AMED crop labels.",0.6933333539962768
8J2R4V84+F32H,30.116184,76.855192,1952.1833,390e49bc,0.21725919842720032,0.23725462425500154,0.18627565707235283,0.030983541354847488,0.13600754701635903,0.1580957213106255,0.10934840029221961,-0.03984419877330462,-0.008316401169092085,0.017062391105961677,0.16362776058829492,0.12687006949757534,0.13043930071095627,0.85,False,0.268,D,NON_SUNFLOWER_TEMPORAL_NEGATIVE,cofounder_green_to_brown_temporal_heuristic,"Weak label derived from the co-founder's Google Earth field observation (Delhi->Chandigarh drive, 2026-05-09, large sunflower areas in full bloom near Kurukshetra-Karnal) and her resulting Sentinel-2 temporal hypothesis (April green -> May flowering-period green -> June harvested/brown/ploughed). NOT independently confirmed sunflower ground truth. NOT derived from or cross-checked against AMED crop labels.",0.6933333539962768
8J2R4V55+6588,30.108084,76.857974,20896.3522,390e49bc,0.3770565943405386,0.4201146418444366,0.3854657639690896,-0.008409169628550983,0.23967224473816906,0.2572335664919647,0.2379120579939218,0.030754105241532822,0.045831431812402824,0.09162517064095135,0.19788160095071858,0.20791771409817486,0.1610909451761724,0.917,False,0.2975,D,NON_SUNFLOWER_TEMPORAL_NEGATIVE,cofounder_green_to_brown_temporal_heuristic,"Weak label derived from the co-founder's Google Earth field observation (Delhi->Chandigarh drive, 2026-05-09, large sunflower areas in full bloom near Kurukshetra-Karnal) and her resulting Sentinel-2 temporal hypothesis (April green -> May flowering-period green -> June harvested/brown/ploughed). NOT independently confirmed sunflower ground truth. NOT derived from or cross-checked against AMED crop labels.",0.6933333539962768
8J2R4W5W+45VW,30.107866,76.945432,41.0427,390e4ee4,0.12959031760692596,0.22444358840584755,0.3043139825264613,-0.17472366491953534,-0.026239666854962707,0.04001342412084341,0.12763397643963495,-0.01548812841065228,0.0008816955232759938,0.03565049854417642,0.10379566624760628,0.0984149482101202,0.09537387142578761,0.683,False,0.1548,D,NON_SUNFLOWER_TEMPORAL_NEGATIVE,cofounder_green_to_brown_temporal_heuristic,"Weak label derived from the co-founder's Google Earth field observation (Delhi->Chandigarh drive, 2026-05-09, large sunflower areas in full bloom near Kurukshetra-Karnal) and her resulting Sentinel-2 temporal hypothesis (April green -> May flowering-period green -> June harvested/brown/ploughed). NOT independently confirmed sunflower ground truth. NOT derived from or cross-checked against AMED crop labels.",0.6933333539962768
8J2R4X43+W24M,30.107256,76.952508,3939.0774,390e4ee4,0.40400569819741783,0.2787198436756929,0.19271677268875967,0.21128892550865816,0.26183036731349096,0.18900450836453173,0.09872875512681073,0.05601011318051154,-0.0251344772728367,-0.08244894890252637,0.28197499646080876,0.14220667891204355,0.14538675171357618,0.683,False,0.3992,C,UNCERTAIN,cofounder_green_to_brown_temporal_heuristic,"Weak label derived from the co-founder's Google Earth field observation (Delhi->Chandigarh drive, 2026-05-09, large sunflower areas in full bloom near Kurukshetra-Karnal) and her resulting Sentinel-2 temporal hypothesis (April green -> May flowering-period green -> June harvested/brown/ploughed). NOT independently confirmed sunflower ground truth. NOT derived from or cross-checked against AMED crop labels.",0.6933333539962768
8J2R4X6P+2VGF,30.110012,76.987218,1015.0184,390e4e4c,0.17935070171952247,0.15116080909967425,0.11810825541615487,0.0612424463033676,0.1089244931936264,0.09536697164177896,0.06682227067649364,-0.08675996176898479,-0.13413448348641394,-0.1487504745523135,0.19579198211431503,0.15938884243369103,0.11022276747971772,0.75,False,0.2973,D,NON_SUNFLOWER_TEMPORAL_NEGATIVE,cofounder_green_to_brown_temporal_heuristic,"Weak label derived from the co-founder's Google Earth field observation (Delhi->Chandigarh drive, 2026-05-09, large sunflower areas in full bloom near Kurukshetra-Karnal) and her resulting Sentinel-2 temporal hypothesis (April green -> May flowering-period green -> June harvested/brown/ploughed). NOT independently confirmed sunflower ground truth. NOT derived from or cross-checked against AMED crop labels.",0.6933333539962768
8J2R4X8J+CJQ4,30.116018,76.981656,17838.6232,390e4e4c,0.23488890799797243,0.20623245056422937,0.17427813582536245,0.06061077217260999,0.14227315935616686,0.13272656454157739,0.10518554425410305,-0.05541161111452514,-0.09655167318185762,-0.0642553277152021,0.2260933844579591,0.18408644339513217,0.11091024103936634,0.833,False,0.2894,D,NON_SUNFLOWER_TEMPORAL_NEGATIVE,cofounder_green_to_brown_temporal_heuristic,"Weak label derived from the co-founder's Google Earth field observation (Delhi->Chandigarh drive, 2026-05-09, large sunflower areas in full bloom near Kurukshetra-Karnal) and her resulting Sentinel-2 temporal hypothesis (April green -> May flowering-period green -> June harvested/brown/ploughed). NOT independently confirmed sunflower ground truth. NOT derived from or cross-checked against AMED crop labels.",0.6933333539962768
8J2V424H+6VV7,30.105592,77.029749,961.4279,390e5034,0.20343607477843761,0.16393961180001498,0.3119467329233885,-0.10851065814495087,0.15111722238361835,0.1138907183893025,0.22823139326646924,-0.08196861133910716,-0.07191653796471656,0.03281029511708766,0.18289254885166883,0.13195477072149514,0.13219081750139594,0.667,False,0.1654,D,NON_SUNFLOWER_TEMPORAL_NEGATIVE,cofounder_green_to_brown_temporal_heuristic,"Weak label derived from the co-founder's Google Earth field observation (Delhi->Chandigarh drive, 2026-05-09, large sunflower areas in full bloom near Kurukshetra-Karnal) and her resulting Sentinel-2 temporal hypothesis (April green -> May flowering-period green -> June harvested/brown/ploughed). NOT independently confirmed sunflower ground truth. NOT derived from or cross-checked against AMED crop labels.",0.6933333539962768
8J2R5Q7H+C4RM,30.163609,76.777771,33.0388,390e344c,0.4962698618570964,0.44216296076774597,0.2510360963642597,0.24523376549283665,0.36302361885706586,0.32117877900600433,0.15739412978291512,0.15703790883223215,0.16967447474598885,0.07919042743742466,0.1770207087198893,0.12257449701428413,0.13214156962931156,0.85,False,0.4481,C,UNCERTAIN,cofounder_green_to_brown_temporal_heuristic,"Weak label derived from the co-founder's Google Earth field observation (Delhi->Chandigarh drive, 2026-05-09, large sunflower areas in full bloom near Kurukshetra-Karnal) and her resulting Sentinel-2 temporal hypothesis (April green -> May flowering-period green -> June harvested/brown/ploughed). NOT independently confirmed sunflower ground truth. NOT derived from or cross-checked against AMED crop labels.",0.6933333539962768
8J2R5Q6F+H8R8,30.161345,76.773307,14933.5887,390e344c,0.3717956402531219,0.31260841087039026,0.13907595145532725,0.23271968879779464,0.2603513070803491,0.2191633107916762,0.06969049228757199,0.04181960685777344,0.04762654725579652,-0.04251836583127787,0.20105686622657,0.1338699858391746,0.12081022697523061,0.85,False,0.4649,C,UNCERTAIN,cofounder_green_to_brown_temporal_heuristic,"Weak label derived from the co-founder's Google Earth field observation (Delhi->Chandigarh drive, 2026-05-09, large sunflower areas in full bloom near Kurukshetra-Karnal) and her resulting Sentinel-2 temporal hypothesis (April green -> May flowering-period green -> June harvested/brown/ploughed). NOT independently confirmed sunflower ground truth. NOT derived from or cross-checked against AMED crop labels.",0.6933333539962768
8J2R5R64+XQ7R,30.162351,76.80692,1074.736,390e3594,0.6285909753706719,0.5529620094845692,0.2387963326958319,0.38979464267484,0.4342292427188821,0.3634366601084669,0.1407895734688888,0.22697421701418027,0.22337556102623543,0.052035752907007314,0.23131049672762552,0.16624163161031902,0.13796188790972033,0.85,True,0.5892,A,SUNFLOWER_WEAK_POSITIVE_HIGH,cofounder_green_to_brown_temporal_heuristic,"Weak label derived from the co-founder's Google Earth field observation (Delhi->Chandigarh drive, 2026-05-09, large sunflower areas in full bloom near Kurukshetra-Karnal) and her resulting Sentinel-2 temporal hypothesis (April green -> May flowering-period green -> June harvested/brown/ploughed). NOT independently confirmed sunflower ground truth. NOT derived from or cross-checked against AMED crop labels.",0.6933333539962768
8J2R5R86+2WMJ,30.165038,76.812349,3871.9339,390e3594,0.7057404314714764,0.7993462525662922,0.6489481988052527,0.056792232666223685,0.49556816996090003,0.5716225757485345,0.40730216460568563,0.27273428392788723,0.38353551200457986,0.3171892716061501,0.2757949100600348,0.34154757183222545,0.22563210511136625,0.917,False,0.499,C,UNCERTAIN,cofounder_green_to_brown_temporal_heuristic,"Weak label derived from the co-founder's Google Earth field observation (Delhi->Chandigarh drive, 2026-05-09, large sunflower areas in full bloom near Kurukshetra-Karnal) and her resulting Sentinel-2 temporal hypothesis (April green -> May flowering-period green -> June harvested/brown/ploughed). NOT independently confirmed sunflower ground truth. NOT derived from or cross-checked against AMED crop labels.",0.6933333539962768
8J2R5V72+JFWP,30.164144,76.851326,4352.343,390e4a44,0.3026965926918719,0.34244288911577314,0.47831319695493824,-0.17561660426306636,0.17110947804111573,0.22863496828358623,0.32884978902681417,-0.007483984282266141,0.06620392651529983,0.19219227333451275,0.2137513273499078,0.152287596060584,0.18284814172269157,0.85,False,0.2513,D,NON_SUNFLOWER_TEMPORAL_NEGATIVE,cofounder_green_to_brown_temporal_heuristic,"Weak label derived from the co-founder's Google Earth field observation (Delhi->Chandigarh drive, 2026-05-09, large sunflower areas in full bloom near Kurukshetra-Karnal) and her resulting Sentinel-2 temporal hypothesis (April green -> May flowering-period green -> June harvested/brown/ploughed). NOT independently confirmed sunflower ground truth. NOT derived from or cross-checked against AMED crop labels.",0.6933333539962768
8J2R5XC2+26RX,30.170117,76.950529,20.0205,390e4c3c,0.08899583667516708,0.11061564460396767,0.06639736331999302,0.022598473355174065,0.12176099419593811,0.1331586390733719,0.09869005065411329,-0.0367953951160113,-0.04969555884599686,0.009697547182440758,0.016032392159104347,0.07481949031352997,0.07995256409049034,0.85,False,0.2932,D,NON_SUNFLOWER_TEMPORAL_NEGATIVE,cofounder_green_to_brown_temporal_heuristic,"Weak label derived from the co-founder's Google Earth field observation (Delhi->Chandigarh drive, 2026-05-09, large sunflower areas in full bloom near Kurukshetra-Karnal) and her resulting Sentinel-2 temporal hypothesis (April green -> May flowering-period green -> June harvested/brown/ploughed). NOT independently confirmed sunflower ground truth. NOT derived from or cross-checked against AMED crop labels.",0.6933333539962768
8J2R5X7H+7576,30.163122,76.977909,1842.8465,390e4dc4,0.6170924543230623,0.38961091865268016,0.19350099287651204,0.42359146144655024,0.3668593212410256,0.2336653731763363,0.11256935530238682,0.10693170685597041,0.006135966214868754,-0.059268413146060926,0.3224180509094839,0.15475854370743036,0.12537102235688105,0.767,True,0.597,A,SUNFLOWER_WEAK_POSITIVE_HIGH,cofounder_green_to_brown_temporal_heuristic,"Weak label derived from the co-founder's Google Earth field observation (Delhi->Chandigarh drive, 2026-05-09, large sunflower areas in full bloom near Kurukshetra-Karnal) and her resulting Sentinel-2 temporal hypothesis (April green -> May flowering-period green -> June harvested/brown/ploughed). NOT independently confirmed sunflower ground truth. NOT derived from or cross-checked against AMED crop labels.",0.6933333539962768
8J2R5XCM+649G,30.170387,76.982753,4450.4333,390e4dc4,0.27584565701809793,0.3339330633255569,0.3878013081848622,-0.11195565116676426,0.147818620521293,0.19296681610020724,0.2266978222989675,-0.06031908377101928,0.0011288188821212842,0.05929078214279742,0.20392269703249136,0.10850845549756546,0.16232043713556998,0.833,False,0.2392,D,NON_SUNFLOWER_TEMPORAL_NEGATIVE,cofounder_green_to_brown_temporal_heuristic,"Weak label derived from the co-founder's Google Earth field observation (Delhi->Chandigarh drive, 2026-05-09, large sunflower areas in full bloom near Kurukshetra-Karnal) and her resulting Sentinel-2 temporal hypothesis (April green -> May flowering-period green -> June harvested/brown/ploughed). NOT independently confirmed sunflower ground truth. NOT derived from or cross-checked against AMED crop labels.",0.6933333539962768
8J2V527G+8XQG,30.163334,77.027496,24.023,390e521c,0.46580145756403607,0.26638373732566833,0.15165045857429504,0.314150998989741,0.23648524781068167,0.15218905545771122,0.1698116660118103,0.005157781997695565,-0.04144681547768414,-0.059798261150717735,0.26186559597651166,0.13753259181976318,0.1362837553024292,0.683,False,0.4976,B,SUNFLOWER_WEAK_POSITIVE_MEDIUM,cofounder_green_to_brown_temporal_heuristic,"Weak label derived from the co-founder's Google Earth field observation (Delhi->Chandigarh drive, 2026-05-09, large sunflower areas in full bloom near Kurukshetra-Karnal) and her resulting Sentinel-2 temporal hypothesis (April green -> May flowering-period green -> June harvested/brown/ploughed). NOT independently confirmed sunflower ground truth. NOT derived from or cross-checked against AMED crop labels.",0.6933333539962768
8J2V525F+VQH6,30.159632,77.024542,3683.5362,390e521c,0.146842984965554,0.13889063017235864,0.10766907150132789,0.03917391346422612,0.07606818006132489,0.07260967722524785,0.04986834624368284,-0.09563340108703684,-0.13685576476984554,-0.12717545818951395,0.1776418865278915,0.09161493571397537,0.1355860120513373,0.75,False,0.2824,D,NON_SUNFLOWER_TEMPORAL_NEGATIVE,cofounder_green_to_brown_temporal_heuristic,"Weak label derived from the co-founder's Google Earth field observation (Delhi->Chandigarh drive, 2026-05-09, large sunflower areas in full bloom near Kurukshetra-Karnal) and her resulting Sentinel-2 temporal hypothesis (April green -> May flowering-period green -> June harvested/brown/ploughed). NOT independently confirmed sunflower ground truth. NOT derived from or cross-checked against AMED crop labels.",0.6933333539962768
8J2R6VH4+3747,30.227632,76.855765,2225.4414,390e4acc,0.15008027768797347,0.12658048775934036,0.09636911099392269,0.05371116669405078,0.0824673803197959,0.0675823006867653,0.043811406496734845,-0.0956220483732602,-0.1324212748912119,-0.10733985983663136,0.1749152966908046,0.13431692451593422,0.1445125535367027,0.767,False,0.2985,D,NON_SUNFLOWER_TEMPORAL_NEGATIVE,cofounder_green_to_brown_temporal_heuristic,"Weak label derived from the co-founder's Google Earth field observation (Delhi->Chandigarh drive, 2026-05-09, large sunflower areas in full bloom near Kurukshetra-Karnal) and her resulting Sentinel-2 temporal hypothesis (April green -> May flowering-period green -> June harvested/brown/ploughed). NOT independently confirmed sunflower ground truth. NOT derived from or cross-checked against AMED crop labels.",0.6933333539962768
8J2R6VG6+Q466,30.226822,76.860347,31650.2569,390e4acc,0.19850309551095155,0.25664860799258776,0.326061128175625,-0.12755803266467344,0.11515187425712321,0.15698746526205992,0.2009398078162646,-0.06503048667110144,-0.011719318583521574,0.020920731873176463,0.17973606658187216,0.11301858923624745,0.16698073753237297,0.833,False,0.1987,D,NON_SUNFLOWER_TEMPORAL_NEGATIVE,cofounder_green_to_brown_temporal_heuristic,"Weak label derived from the co-founder's Google Earth field observation (Delhi->Chandigarh drive, 2026-05-09, large sunflower areas in full bloom near Kurukshetra-Karnal) and her resulting Sentinel-2 temporal hypothesis (April green -> May flowering-period green -> June harvested/brown/ploughed). NOT independently confirmed sunflower ground truth. NOT derived from or cross-checked against AMED crop labels.",0.6933333539962768
8J2R6V7W+38VP,30.212861,76.895674,29583.7282,390e4b44,0.6217331391277697,0.5239302548911458,0.27028677432621967,0.35144636480155006,0.43109013748396546,0.3476806982411736,0.16018607265193885,0.1810459808880892,0.17014034936257172,0.016476073595469324,0.31028610356421177,0.19398949001180502,0.14950544197569807,0.767,False,0.5462,B,SUNFLOWER_WEAK_POSITIVE_MEDIUM,cofounder_green_to_brown_temporal_heuristic,"Weak label derived from the co-founder's Google Earth field observation (Delhi->Chandigarh drive, 2026-05-09, large sunflower areas in full bloom near Kurukshetra-Karnal) and her resulting Sentinel-2 temporal hypothesis (April green -> May flowering-period green -> June harvested/brown/ploughed). NOT independently confirmed sunflower ground truth. NOT derived from or cross-checked against AMED crop labels.",0.6933333539962768
8J2R6W9R+XQJ9,30.219932,76.94199,1465.5002,390e4cc4,0.7707417011260986,0.7155484060446421,0.3595102293623819,0.4112314717637167,0.5233234465122223,0.5051454519232115,0.21445226404401993,0.2835617080330849,0.3226695391039054,0.09255309694757065,0.39355090260505676,0.21361955851316453,0.17058187673489256,0.683,False,0.6498,D,NON_SUNFLOWER_TEMPORAL_NEGATIVE,cofounder_green_to_brown_temporal_heuristic,"Weak label derived from the co-founder's Google Earth field observation (Delhi->Chandigarh drive, 2026-05-09, large sunflower areas in full bloom near Kurukshetra-Karnal) and her resulting Sentinel-2 temporal hypothesis (April green -> May flowering-period green -> June harvested/brown/ploughed). NOT independently confirmed sunflower ground truth. NOT derived from or cross-checked against AMED crop labels.",0.6933333539962768
8J2R6XHJ+HG4P,30.228869,76.981389,1472.4529,390e4d3c,0.49169239484601557,0.4842572199801604,0.4093614526920848,0.08233094215393078,0.2748284530308511,0.2886221669614315,0.1974832339005338,-0.010300476648909453,0.037373482844688825,0.009267429245584125,0.28936148559053737,0.16503392987781101,0.16530773871474796,0.6,False,0.3542,C,UNCERTAIN,cofounder_green_to_brown_temporal_heuristic,"Weak label derived from the co-founder's Google Earth field observation (Delhi->Chandigarh drive, 2026-05-09, large sunflower areas in full bloom near Kurukshetra-Karnal) and her resulting Sentinel-2 temporal hypothesis (April green -> May flowering-period green -> June harvested/brown/ploughed). NOT independently confirmed sunflower ground truth. NOT derived from or cross-checked against AMED crop labels.",0.6933333539962768
8J2V628G+RC84,30.217037,77.026196,1523.4442,390e5294,0.6221588888893956,0.45305172499755164,0.16538920933785647,0.45676967955153913,0.4125308323165645,0.2746959727095521,0.11042158597189447,0.17520437535384425,0.09828798154004566,-0.04876680380624274,0.35531725054201874,0.17302643475325213,0.12182885926702747,0.6,True,0.6323,A,SUNFLOWER_WEAK_POSITIVE_HIGH,cofounder_green_to_brown_temporal_heuristic,"Weak label derived from the co-founder's Google Earth field observation (Delhi->Chandigarh drive, 2026-05-09, large sunflower areas in full bloom near Kurukshetra-Karnal) and her resulting Sentinel-2 temporal hypothesis (April green -> May flowering-period green -> June harvested/brown/ploughed). NOT independently confirmed sunflower ground truth. NOT derived from or cross-checked against AMED crop labels.",0.6933333539962768
7JXRWQJ9+QV2C,29.931885,76.769612,696.8529,390e3edc,0.20668009420235953,0.21872843785418405,0.2343489204843839,-0.027668826282024384,0.12995338246778207,0.11360244796507887,0.1395212420158916,-0.05524081447058254,-0.08224059428191847,-0.08813455369737414,0.17502936693253343,0.19182988537682427,0.14702870241469806,0.75,False,0.1981,D,NON_SUNFLOWER_TEMPORAL_NEGATIVE,cofounder_green_to_brown_temporal_heuristic,"Weak label derived from the co-founder's Google Earth field observation (Delhi->Chandigarh drive, 2026-05-09, large sunflower areas in full bloom near Kurukshetra-Karnal) and her resulting Sentinel-2 temporal hypothesis (April green -> May flowering-period green -> June harvested/brown/ploughed). NOT independently confirmed sunflower ground truth. NOT derived from or cross-checked against AMED crop labels.",0.6933333539962768
7JXRWQPH+F7G6,29.936181,76.778242,1921.3367,390e3edc,0.15681086149480605,0.16929226106121428,0.08564056113125786,0.0711703003635482,0.08170789214117187,0.08389106889565787,0.038961155827911126,-0.09237518563630087,-0.15104962502207075,-0.12532473343705372,0.17047081674848283,0.2528378251053038,0.10218287223861332,0.833,False,0.3324,D,NON_SUNFLOWER_TEMPORAL_NEGATIVE,cofounder_green_to_brown_temporal_heuristic,"Weak label derived from the co-founder's Google Earth field observation (Delhi->Chandigarh drive, 2026-05-09, large sunflower areas in full bloom near Kurukshetra-Karnal) and her resulting Sentinel-2 temporal hypothesis (April green -> May flowering-period green -> June harvested/brown/ploughed). NOT independently confirmed sunflower ground truth. NOT derived from or cross-checked against AMED crop labels.",0.6933333539962768
7JXRWQMF+MVPG,29.934244,76.774694,4355.3108,390e3edc,0.19660473687367305,0.17522373044242462,0.13529056877208254,0.061314168101590516,0.11215454590920772,0.10170777072198689,0.06618422491980405,-0.07505625504482953,-0.10642385779259105,-0.12064703068851187,0.18326763736291066,0.18697638663773733,0.13249835403015217,0.75,False,0.294,D,NON_SUNFLOWER_TEMPORAL_NEGATIVE,cofounder_green_to_brown_temporal_heuristic,"Weak label derived from the co-founder's Google Earth field observation (Delhi->Chandigarh drive, 2026-05-09, large sunflower areas in full bloom near Kurukshetra-Karnal) and her resulting Sentinel-2 temporal hypothesis (April green -> May flowering-period green -> June harvested/brown/ploughed). NOT independently confirmed sunflower ground truth. NOT derived from or cross-checked against AMED crop labels.",0.6933333539962768
7JXRWQJ9+3W59,29.930126,76.769741,36439.1047,390e3edc,0.15738716919505605,0.17615414066573595,0.10026694263436058,0.05712022656069547,0.0886795256470605,0.085777727786331,0.04370180840619567,-0.10188325523349177,-0.1206001308845825,-0.1616556055239249,0.17232097247904407,0.2918385740929685,0.13744854124214023,0.75,False,0.3074,D,NON_SUNFLOWER_TEMPORAL_NEGATIVE,cofounder_green_to_brown_temporal_heuristic,"Weak label derived from the co-founder's Google Earth field observation (Delhi->Chandigarh drive, 2026-05-09, large sunflower areas in full bloom near Kurukshetra-Karnal) and her resulting Sentinel-2 temporal hypothesis (April green -> May flowering-period green -> June harvested/brown/ploughed). NOT independently confirmed sunflower ground truth. NOT derived from or cross-checked against AMED crop labels.",0.6933333539962768
7JXRWRQ5+JH22,29.938951,76.808941,1257.4969,390e3f44,0.45522135330571073,0.3640088303635517,0.22939320529500645,0.22582814801070428,0.24832182605233455,0.20309438283244768,0.10817684508704892,0.01743436421060728,0.0016711954919931826,-0.06393269946177801,0.23097446105546418,0.30421440949042633,0.1870226276417573,0.75,False,0.4168,C,UNCERTAIN,cofounder_green_to_brown_temporal_heuristic,"Weak label derived from the co-founder's Google Earth field observation (Delhi->Chandigarh drive, 2026-05-09, large sunflower areas in full bloom near Kurukshetra-Karnal) and her resulting Sentinel-2 temporal hypothesis (April green -> May flowering-period green -> June harvested/brown/ploughed). NOT independently confirmed sunflower ground truth. NOT derived from or cross-checked against AMED crop labels.",0.6933333539962768
7JXRWRM3+PRM9,29.934428,76.80447,3439.6097,390e3f44,0.21031044996171086,0.1761057344161802,0.13988174239380494,0.07042870756790592,0.14927501324564219,0.1332659719718827,0.09303506611225504,-0.050093334085734874,-0.08077836324357324,-0.09022399053598443,0.17649140574589925,0.19590013242430154,0.14251339476969505,0.75,False,0.2992,D,NON_SUNFLOWER_TEMPORAL_NEGATIVE,cofounder_green_to_brown_temporal_heuristic,"Weak label derived from the co-founder's Google Earth field observation (Delhi->Chandigarh drive, 2026-05-09, large sunflower areas in full bloom near Kurukshetra-Karnal) and her resulting Sentinel-2 temporal hypothesis (April green -> May flowering-period green -> June harvested/brown/ploughed). NOT independently confirmed sunflower ground truth. NOT derived from or cross-checked against AMED crop labels.",0.6933333539962768
7JXRWRM5+R7R4,29.934512,76.808101,30360.6833,390e3f44,0.26420540190137476,0.5143995712008049,0.42460891102745674,-0.16040350912608198,0.1424199569844362,0.3536744412512921,0.2983455959348929,-0.034762047406933304,0.09144723203297314,0.12167835309430226,0.28798348292411236,0.29973504510957555,0.1461899731412191,0.917,False,0.2791,D,NON_SUNFLOWER_TEMPORAL_NEGATIVE,cofounder_green_to_brown_temporal_heuristic,"Weak label derived from the co-founder's Google Earth field observation (Delhi->Chandigarh drive, 2026-05-09, large sunflower areas in full bloom near Kurukshetra-Karnal) and her resulting Sentinel-2 temporal hypothesis (April green -> May flowering-period green -> June harvested/brown/ploughed). NOT independently confirmed sunflower ground truth. NOT derived from or cross-checked against AMED crop labels.",0.6933333539962768
7JXRWVV2+PG5C,29.94425,76.851345,25.0289,390e40c4,0.4384966293970744,0.3751399517059326,0.3210243582725525,0.11747227112452191,0.2616359492142995,0.23680500388145448,0.19619353612263998,0.08814890682697296,-0.003629128634929657,-0.009022505643467108,0.24368977546691895,0.33821359276771545,0.1424342319369316,0.833,False,0.355,C,UNCERTAIN,cofounder_green_to_brown_temporal_heuristic,"Weak label derived from the co-founder's Google Earth field observation (Delhi->Chandigarh drive, 2026-05-09, large sunflower areas in full bloom near Kurukshetra-Karnal) and her resulting Sentinel-2 temporal hypothesis (April green -> May flowering-period green -> June harvested/brown/ploughed). NOT independently confirmed sunflower ground truth. NOT derived from or cross-checked against AMED crop labels.",0.6933333539962768
7JXRWVW5+98PG,29.945953,76.85827,622.2139,390e40c4,0.22520676900943118,0.23178297519683838,0.21026888092358909,0.014937888085842094,0.0931019434084495,0.14123440206050875,0.1169533128539721,-0.07132031694054604,-0.05901664879173041,-0.07213785517960786,0.143646839261055,0.1952011597156525,0.10799653083086014,0.833,False,0.2413,D,NON_SUNFLOWER_TEMPORAL_NEGATIVE,cofounder_green_to_brown_temporal_heuristic,"Weak label derived from the co-founder's Google Earth field observation (Delhi->Chandigarh drive, 2026-05-09, large sunflower areas in full bloom near Kurukshetra-Karnal) and her resulting Sentinel-2 temporal hypothesis (April green -> May flowering-period green -> June harvested/brown/ploughed). NOT independently confirmed sunflower ground truth. NOT derived from or cross-checked against AMED crop labels.",0.6933333539962768
7JXRWVP3+QXJF,29.936911,76.854941,3254.7496,390e40c4,0.20183948593007192,0.1547487696425782,0.11177890582217109,0.09006058010790083,0.12016227165306058,0.08929539387010867,0.05891874429114439,-0.060091594240037495,-0.117107509324948,-0.12390412776558486,0.17362919160061416,0.177805586780111,0.11677997235070775,0.833,False,0.3322,D,NON_SUNFLOWER_TEMPORAL_NEGATIVE,cofounder_green_to_brown_temporal_heuristic,"Weak label derived from the co-founder's Google Earth field observation (Delhi->Chandigarh drive, 2026-05-09, large sunflower areas in full bloom near Kurukshetra-Karnal) and her resulting Sentinel-2 temporal hypothesis (April green -> May flowering-period green -> June harvested/brown/ploughed). NOT independently confirmed sunflower ground truth. NOT derived from or cross-checked against AMED crop labels.",0.6933333539962768
7JXRWWH2+F3Q2,29.928702,76.900227,24.0268,390e416c,0.4962305575609207,0.44491872787475584,0.4085482358932495,0.0876823216676712,0.32435764372348785,0.290775865316391,0.25758594274520874,0.05987272318452597,0.06768736988306046,0.12223505228757858,0.19367688335478306,0.29599360674619674,0.18613243103027344,0.917,False,0.3821,C,UNCERTAIN,cofounder_green_to_brown_temporal_heuristic,"Weak label derived from the co-founder's Google Earth field observation (Delhi->Chandigarh drive, 2026-05-09, large sunflower areas in full bloom near Kurukshetra-Karnal) and her resulting Sentinel-2 temporal hypothesis (April green -> May flowering-period green -> June harvested/brown/ploughed). NOT independently confirmed sunflower ground truth. NOT derived from or cross-checked against AMED crop labels.",0.6933333539962768
7JXRWVMW+6HXJ,29.933095,76.896511,1002.1193,390e416c,0.19467245197544494,0.13717935867607595,0.07500360471506914,0.1196688472603758,0.11258324114896823,0.06864473020201936,0.02789405772152046,-0.09433287104669338,-0.13552009960015615,-0.15396826714277267,0.13453481836283268,0.166466328377525,0.11901500821113586,0.833,False,0.3695,D,NON_SUNFLOWER_TEMPORAL_NEGATIVE,cofounder_green_to_brown_temporal_heuristic,"Weak label derived from the co-founder's Google Earth field observation (Delhi->Chandigarh drive, 2026-05-09, large sunflower areas in full bloom near Kurukshetra-Karnal) and her resulting Sentinel-2 temporal hypothesis (April green -> May flowering-period green -> June harvested/brown/ploughed). NOT independently confirmed sunflower ground truth. NOT derived from or cross-checked against AMED crop labels.",0.6933333539962768
7JXRXRW3+VGPW,29.997269,76.803841,1179.396,390e388c,0.46241979963249635,0.5330054182559252,0.6196245364844799,-0.15720473685198355,0.30599265711175067,0.353642956353724,0.41074787452816963,0.03082073715308474,0.09860737081908155,0.16561143146827817,0.2564505057202445,0.18664796417579055,0.21646758417288461,0.683,False,0.3243,D,NON_SUNFLOWER_TEMPORAL_NEGATIVE,cofounder_green_to_brown_temporal_heuristic,"Weak label derived from the co-founder's Google Earth field observation (Delhi->Chandigarh drive, 2026-05-09, large sunflower areas in full bloom near Kurukshetra-Karnal) and her resulting Sentinel-2 temporal hypothesis (April green -> May flowering-period green -> June harvested/brown/ploughed). NOT independently confirmed sunflower ground truth. NOT derived from or cross-checked against AMED crop labels.",0.6933333539962768
7JXRXRV4+PF72,29.994249,76.806163,2967.0078,390e388c,0.1566959567013241,0.12024387862001147,0.09889867337686675,0.057797283324457355,0.08042735184232393,0.06684577455478055,0.04459233901995633,-0.08445370395978291,-0.13612446853092738,-0.158879505949361,0.1736558057013012,0.1436699489610536,0.10706352538296153,0.75,False,0.2976,D,NON_SUNFLOWER_TEMPORAL_NEGATIVE,cofounder_green_to_brown_temporal_heuristic,"Weak label derived from the co-founder's Google Earth field observation (Delhi->Chandigarh drive, 2026-05-09, large sunflower areas in full bloom near Kurukshetra-Karnal) and her resulting Sentinel-2 temporal hypothesis (April green -> May flowering-period green -> June harvested/brown/ploughed). NOT independently confirmed sunflower ground truth. NOT derived from or cross-checked against AMED crop labels.",0.6933333539962768
7JXRXRR4+728F,29.990658,76.805228,31853.2099,390e388c,0.145095412251482,0.10391046179791052,0.08200480795461575,0.06309060429686626,0.07603353969334473,0.05134109126310839,0.028530506670256788,-0.10805979449211743,-0.15596643612637823,-0.15490928171164223,0.17534471412543584,0.12649000369997188,0.1017329534745695,0.917,False,0.3232,D,NON_SUNFLOWER_TEMPORAL_NEGATIVE,cofounder_green_to_brown_temporal_heuristic,"Weak label derived from the co-founder's Google Earth field observation (Delhi->Chandigarh drive, 2026-05-09, large sunflower areas in full bloom near Kurukshetra-Karnal) and her resulting Sentinel-2 temporal hypothesis (April green -> May flowering-period green -> June harvested/brown/ploughed). NOT independently confirmed sunflower ground truth. NOT derived from or cross-checked against AMED crop labels.",0.6933333539962768
7JXRXVV5+GGWQ,29.993864,76.858862,59.0672,390e470c,0.2076047882437706,0.2520410120487213,0.2380642592906952,-0.03045947104692459,0.12701226957142353,0.15334788709878922,0.1513135712593794,-0.05274531617760658,-0.02483635377138853,-0.02945466060191393,0.14317041262984276,0.150166118144989,0.12525280378758907,0.667,False,0.1936,D,NON_SUNFLOWER_TEMPORAL_NEGATIVE,cofounder_green_to_brown_temporal_heuristic,"Weak label derived from the co-founder's Google Earth field observation (Delhi->Chandigarh drive, 2026-05-09, large sunflower areas in full bloom near Kurukshetra-Karnal) and her resulting Sentinel-2 temporal hypothesis (April green -> May flowering-period green -> June harvested/brown/ploughed). NOT independently confirmed sunflower ground truth. NOT derived from or cross-checked against AMED crop labels.",0.6933333539962768
7JXRXVX2+62PH,29.998034,76.850088,2561.9327,390e470c,0.13404146537184716,0.09852382552623751,0.09714074919621152,0.036900716175635645,0.07539218738675119,0.06113605196028947,0.04083272627244393,-0.12078552857041358,-0.1551739397644997,-0.13892400582631428,0.16332895785570142,0.1339160441160202,0.11058212320009869,0.75,False,0.2776,D,NON_SUNFLOWER_TEMPORAL_NEGATIVE,cofounder_green_to_brown_temporal_heuristic,"Weak label derived from the co-founder's Google Earth field observation (Delhi->Chandigarh drive, 2026-05-09, large sunflower areas in full bloom near Kurukshetra-Karnal) and her resulting Sentinel-2 temporal hypothesis (April green -> May flowering-period green -> June harvested/brown/ploughed). NOT independently confirmed sunflower ground truth. NOT derived from or cross-checked against AMED crop labels.",0.6933333539962768
7JXRXVX4+67J9,29.997727,76.855215,20030.3343,390e470c,0.17898661469877591,0.1757980232277224,0.09769249589578716,0.08129411880298876,0.09695417717907119,0.0971378909569869,0.04775707268412904,-0.08293725400819757,-0.1301407640211902,-0.14250367366567182,0.20886107929016592,0.17976408726471357,0.11348272639165091,0.75,False,0.3277,D,NON_SUNFLOWER_TEMPORAL_NEGATIVE,cofounder_green_to_brown_temporal_heuristic,"Weak label derived from the co-founder's Google Earth field observation (Delhi->Chandigarh drive, 2026-05-09, large sunflower areas in full bloom near Kurukshetra-Karnal) and her resulting Sentinel-2 temporal hypothesis (April green -> May flowering-period green -> June harvested/brown/ploughed). NOT independently confirmed sunflower ground truth. NOT derived from or cross-checked against AMED crop labels.",0.6933333539962768
7JXRXWP3+883P,29.985792,76.903387,949.0451,390e4694,0.46433676903446514,0.3694785042355458,0.13551896210345957,0.3288178069310056,0.2713704388588667,0.20478291176259517,0.0608163316776174,0.06407982545594375,0.014621396471435824,-0.06997442824973,0.2423789318030079,0.24663140550255774,0.12657036942740282,0.75,False,0.5438,B,SUNFLOWER_WEAK_POSITIVE_MEDIUM,cofounder_green_to_brown_temporal_heuristic,"Weak label derived from the co-founder's Google Earth field observation (Delhi->Chandigarh drive, 2026-05-09, large sunflower areas in full bloom near Kurukshetra-Karnal) and her resulting Sentinel-2 temporal hypothesis (April green -> May flowering-period green -> June harvested/brown/ploughed). NOT independently confirmed sunflower ground truth. NOT derived from or cross-checked against AMED crop labels.",0.6933333539962768
7JXRXVQW+7PHR,29.988146,76.896906,3277.6262,390e4694,0.19171810605459744,0.1667889002710581,0.2749702184012643,-0.08325211234666685,0.09341979774762876,0.08907787416440746,0.1689966501047214,-0.07852733097711787,-0.11262009273179703,-0.047368916638704295,0.21142929130130345,0.18124038788179558,0.15342410584842717,0.75,False,0.1705,D,NON_SUNFLOWER_TEMPORAL_NEGATIVE,cofounder_green_to_brown_temporal_heuristic,"Weak label derived from the co-founder's Google Earth field observation (Delhi->Chandigarh drive, 2026-05-09, large sunflower areas in full bloom near Kurukshetra-Karnal) and her resulting Sentinel-2 temporal hypothesis (April green -> May flowering-period green -> June harvested/brown/ploughed). NOT independently confirmed sunflower ground truth. NOT derived from or cross-checked against AMED crop labels.",0.6933333539962768
7JXRXVPX+J46W,29.986434,76.89784,4005.4294,390e4694,0.12712511068416968,0.11570689661635294,0.1116332763599025,0.015491834324267179,0.06439234660420981,0.06939892371495564,0.05763289112898444,-0.09222188861005837,-0.1344698017670049,-0.16411751218967968,0.18111943888167542,0.15741075703667268,0.13494424832363924,0.667,False,0.2489,D,NON_SUNFLOWER_TEMPORAL_NEGATIVE,cofounder_green_to_brown_temporal_heuristic,"Weak label derived from the co-founder's Google Earth field observation (Delhi->Chandigarh drive, 2026-05-09, large sunflower areas in full bloom near Kurukshetra-Karnal) and her resulting Sentinel-2 temporal hypothesis (April green -> May flowering-period green -> June harvested/brown/ploughed). NOT independently confirmed sunflower ground truth. NOT derived from or cross-checked against AMED crop labels.",0.6933333539962768
7JXRXXRP+2HMJ,29.990097,76.98642,47.0483,390e4494,0.16120105981826782,0.17083823308348656,0.1692309429248174,-0.00802988310654959,0.0598183199763298,0.11348222568631172,0.11605947464704514,-0.0581215675920248,-0.06535630393773317,-0.03365313199659189,0.13386017084121704,0.11975126154720783,0.11876401056845982,0.683,False,0.2192,D,NON_SUNFLOWER_TEMPORAL_NEGATIVE,cofounder_green_to_brown_temporal_heuristic,"Weak label derived from the co-founder's Google Earth field observation (Delhi->Chandigarh drive, 2026-05-09, large sunflower areas in full bloom near Kurukshetra-Karnal) and her resulting Sentinel-2 temporal hypothesis (April green -> May flowering-period green -> June harvested/brown/ploughed). NOT independently confirmed sunflower ground truth. NOT derived from or cross-checked against AMED crop labels.",0.6933333539962768
7JXRXXRG+3HFX,29.990189,76.976487,539.5586,390e4494,0.1841648742556572,0.1288543429225683,0.31488208174705506,-0.13071720749139787,0.08672468736767769,0.022579569881781936,0.1512053444981575,-0.12497335970401764,-0.13395822420716286,-0.054534322892626115,0.20505392402410505,0.13061412125825883,0.1651460722088814,0.683,False,0.1539,D,NON_SUNFLOWER_TEMPORAL_NEGATIVE,cofounder_green_to_brown_temporal_heuristic,"Weak label derived from the co-founder's Google Earth field observation (Delhi->Chandigarh drive, 2026-05-09, large sunflower areas in full bloom near Kurukshetra-Karnal) and her resulting Sentinel-2 temporal hypothesis (April green -> May flowering-period green -> June harvested/brown/ploughed). NOT independently confirmed sunflower ground truth. NOT derived from or cross-checked against AMED crop labels.",0.6933333539962768
7JXRXXQG+VQPC,29.989677,76.977097,2185.2615,390e4494,0.18732724338769913,0.12071669500853334,0.10445859877481349,0.08286864461288564,0.10770096204110553,0.06524819478259555,0.04824207163238455,-0.09158003722716657,-0.15086545402716312,-0.11874251502255599,0.1941989372883524,0.1137518691830337,0.11778424307703972,0.683,False,0.3082,D,NON_SUNFLOWER_TEMPORAL_NEGATIVE,cofounder_green_to_brown_temporal_heuristic,"Weak label derived from the co-founder's Google Earth field observation (Delhi->Chandigarh drive, 2026-05-09, large sunflower areas in full bloom near Kurukshetra-Karnal) and her resulting Sentinel-2 temporal hypothesis (April green -> May flowering-period green -> June harvested/brown/ploughed). NOT independently confirmed sunflower ground truth. NOT derived from or cross-checked against AMED crop labels.",0.6933333539962768
7JXRXXPG+MR26,29.98631,76.977269,13373.8455,390e4494,0.19715154685668262,0.1727759770705904,0.09408418623436436,0.10306736062231826,0.11717636080605807,0.10423275892926062,0.04669405045314578,-0.0933099740482009,-0.10239752882032344,-0.1238852164939377,0.19856623131291648,0.11684089861074949,0.11279306176788452,0.683,False,0.3394,D,NON_SUNFLOWER_TEMPORAL_NEGATIVE,cofounder_green_to_brown_temporal_heuristic,"Weak label derived from the co-founder's Google Earth field observation (Delhi->Chandigarh drive, 2026-05-09, large sunflower areas in full bloom near Kurukshetra-Karnal) and her resulting Sentinel-2 temporal hypothesis (April green -> May flowering-period green -> June harvested/brown/ploughed). NOT independently confirmed sunflower ground truth. NOT derived from or cross-checked against AMED crop labels.",0.6933333539962768
7JXVX2QH+596X,29.987917,77.028408,18.0178,390e5b44,0.39191262423992157,0.6032936215400696,0.6245513955752054,-0.23263877133528388,0.23844769597053528,0.36125263571739197,0.3875008821487427,0.013654971495270729,0.1486034333705902,0.2326128582159678,0.22985955327749252,0.35903517454862593,0.21136831243832907,0.75,False,0.3217,D,NON_SUNFLOWER_TEMPORAL_NEGATIVE,cofounder_green_to_brown_temporal_heuristic,"Weak label derived from the co-founder's Google Earth field observation (Delhi->Chandigarh drive, 2026-05-09, large sunflower areas in full bloom near Kurukshetra-Karnal) and her resulting Sentinel-2 temporal hypothesis (April green -> May flowering-period green -> June harvested/brown/ploughed). NOT independently confirmed sunflower ground truth. NOT derived from or cross-checked against AMED crop labels.",0.6933333539962768
7JXVX2VM+78G2,29.993162,77.033359,737.2242,390e5b44,0.2346118498179648,0.31362952391306564,0.27020140599321435,-0.03558955617524956,0.11849078515337574,0.1522275363819467,0.14382281292367866,-0.05640855059027672,-0.04672313355323342,-0.03631677167248671,0.19527725130319595,0.25661053160826375,0.11188205848965378,0.75,False,0.2133,D,NON_SUNFLOWER_TEMPORAL_NEGATIVE,cofounder_green_to_brown_temporal_heuristic,"Weak label derived from the co-founder's Google Earth field observation (Delhi->Chandigarh drive, 2026-05-09, large sunflower areas in full bloom near Kurukshetra-Karnal) and her resulting Sentinel-2 temporal hypothesis (April green -> May flowering-period green -> June harvested/brown/ploughed). NOT independently confirmed sunflower ground truth. NOT derived from or cross-checked against AMED crop labels.",0.6933333539962768
7JXVX2RH+H4VW,29.991518,77.027866,1679.1587,390e5b44,0.15566701338522965,0.6317699939012528,0.42670182911334215,-0.2710348157281125,0.0722625373552243,0.3757654222349326,0.24861876638951128,-0.10573473052742581,0.1255374177876446,0.057621298163818814,0.18325063834587735,0.3860931984252399,0.18394627905002348,0.75,False,0.25,D,NON_SUNFLOWER_TEMPORAL_NEGATIVE,cofounder_green_to_brown_temporal_heuristic,"Weak label derived from the co-founder's Google Earth field observation (Delhi->Chandigarh drive, 2026-05-09, large sunflower areas in full bloom near Kurukshetra-Karnal) and her resulting Sentinel-2 temporal hypothesis (April green -> May flowering-period green -> June harvested/brown/ploughed). NOT independently confirmed sunflower ground truth. NOT derived from or cross-checked against AMED crop labels.",0.6933333539962768
7JXVX2PG+R548,29.987421,77.025517,25311.0805,390e5b44,0.7379881648251612,0.7862564052108432,0.6685476478578981,0.06944051696726306,0.5600248627690936,0.6004935611120976,0.4843910575239327,0.2557090288486983,0.3048856320281098,0.25739459274676596,0.42434974384568913,0.355355359078215,0.23903198691578975,0.75,False,0.4987,C,UNCERTAIN,cofounder_green_to_brown_temporal_heuristic,"Weak label derived from the co-founder's Google Earth field observation (Delhi->Chandigarh drive, 2026-05-09, large sunflower areas in full bloom near Kurukshetra-Karnal) and her resulting Sentinel-2 temporal hypothesis (April green -> May flowering-period green -> June harvested/brown/ploughed). NOT independently confirmed sunflower ground truth. NOT derived from or cross-checked against AMED crop labels.",0.6933333539962768
8J2R2QRC+X5HW,30.042449,76.770477,53.0638,390e377c,0.18421931068102518,0.1894967071712017,0.17630024254322052,0.007919068137804658,0.16271783411502838,0.1605415754020214,0.13070507595936456,-0.03955402101079623,-0.04959018621593714,-0.05089834642906984,0.1502339392900467,0.1392519176006317,0.16812194883823395,0.767,False,0.2368,D,NON_SUNFLOWER_TEMPORAL_NEGATIVE,cofounder_green_to_brown_temporal_heuristic,"Weak label derived from the co-founder's Google Earth field observation (Delhi->Chandigarh drive, 2026-05-09, large sunflower areas in full bloom near Kurukshetra-Karnal) and her resulting Sentinel-2 temporal hypothesis (April green -> May flowering-period green -> June harvested/brown/ploughed). NOT independently confirmed sunflower ground truth. NOT derived from or cross-checked against AMED crop labels.",0.6933333539962768
8J2R2QX9+MQ9G,30.049142,76.769447,3577.432,390e377c,0.22654513931936685,0.14903304310781615,0.08280244744604542,0.14374269187332142,0.13128252729536996,0.07579497713817372,0.028892517514852067,-0.07955248939198632,-0.054926062450699864,-0.0602026836030067,0.19627273076819995,0.21108402741097265,0.14618869137669369,0.833,False,0.3872,D,NON_SUNFLOWER_TEMPORAL_NEGATIVE,cofounder_green_to_brown_temporal_heuristic,"Weak label derived from the co-founder's Google Earth field observation (Delhi->Chandigarh drive, 2026-05-09, large sunflower areas in full bloom near Kurukshetra-Karnal) and her resulting Sentinel-2 temporal hypothesis (April green -> May flowering-period green -> June harvested/brown/ploughed). NOT independently confirmed sunflower ground truth. NOT derived from or cross-checked against AMED crop labels.",0.6933333539962768
8J2R2QWH+MRMR,30.046545,76.779432,121183.2305,390e377c,0.1584166548733738,0.12066703899543177,0.06839623741832977,0.09002041745504404,0.0847944508603838,0.06375121514562923,0.0206144993310521,-0.0876928823545648,-0.11759562052225199,-0.09640251301605057,0.16910756435599444,0.16481881518716032,0.1311513481213154,0.917,False,0.3543,D,NON_SUNFLOWER_TEMPORAL_NEGATIVE,cofounder_green_to_brown_temporal_heuristic,"Weak label derived from the co-founder's Google Earth field observation (Delhi->Chandigarh drive, 2026-05-09, large sunflower areas in full bloom near Kurukshetra-Karnal) and her resulting Sentinel-2 temporal hypothesis (April green -> May flowering-period green -> June harvested/brown/ploughed). NOT independently confirmed sunflower ground truth. NOT derived from or cross-checked against AMED crop labels.",0.6933333539962768
8J2R2RW6+RJ7F,30.047035,76.811547,35.5415,390e37f4,0.7187027335166931,0.5542574763298035,0.22172102828820547,0.4969817052284876,0.42123541235923767,0.3056829184293747,0.10978324711322784,0.10910719260573387,0.045076512917876246,-0.1213509663939476,0.37866904214024544,0.3392436891794205,0.15398909399906793,0.917,True,0.6891,A,SUNFLOWER_WEAK_POSITIVE_HIGH,cofounder_green_to_brown_temporal_heuristic,"Weak label derived from the co-founder's Google Earth field observation (Delhi->Chandigarh drive, 2026-05-09, large sunflower areas in full bloom near Kurukshetra-Karnal) and her resulting Sentinel-2 temporal hypothesis (April green -> May flowering-period green -> June harvested/brown/ploughed). NOT independently confirmed sunflower ground truth. NOT derived from or cross-checked against AMED crop labels.",0.6933333539962768
8J2R2RX6+VFQJ,30.049664,76.811323,3280.3303,390e37f4,0.15157075252176988,0.17321462184190753,0.11774681391263449,0.03382393860913539,0.09716426379357776,0.09522471068840888,0.06464550583795818,-0.07419957554925026,-0.09683887587161734,-0.10901679741908554,0.16775838332250714,0.2541495788014597,0.11394797789829748,0.917,False,0.2968,D,NON_SUNFLOWER_TEMPORAL_NEGATIVE,cofounder_green_to_brown_temporal_heuristic,"Weak label derived from the co-founder's Google Earth field observation (Delhi->Chandigarh drive, 2026-05-09, large sunflower areas in full bloom near Kurukshetra-Karnal) and her resulting Sentinel-2 temporal hypothesis (April green -> May flowering-period green -> June harvested/brown/ploughed). NOT independently confirmed sunflower ground truth. NOT derived from or cross-checked against AMED crop labels.",0.6933333539962768
8J2R2RX5+C3WR,30.048584,76.807819,4213.9337,390e37f4,0.1465055406137946,0.11796645021864346,0.09211861419062765,0.054386926423166934,0.07540126484517323,0.06177181500409331,0.03987126699500968,-0.09949059061528669,-0.11834266865182493,-0.1338982716912315,0.1491891643534126,0.13955935427830332,0.11759286131414158,0.917,False,0.3143,D,NON_SUNFLOWER_TEMPORAL_NEGATIVE,cofounder_green_to_brown_temporal_heuristic,"Weak label derived from the co-founder's Google Earth field observation (Delhi->Chandigarh drive, 2026-05-09, large sunflower areas in full bloom near Kurukshetra-Karnal) and her resulting Sentinel-2 temporal hypothesis (April green -> May flowering-period green -> June harvested/brown/ploughed). NOT independently confirmed sunflower ground truth. NOT derived from or cross-checked against AMED crop labels.",0.6933333539962768
8J2R3R35+F7M3,30.053603,76.80821,16115.8471,390e37f4,0.3168936113784598,0.29087081812322146,0.16069967652473485,0.15619393485372493,0.21860993846150287,0.19751742333597083,0.08141755467405538,0.01256548035791059,0.004628627668452364,-0.05799681621371718,0.2197194052198691,0.200969113977024,0.13945665041154076,0.917,False,0.3964,C,UNCERTAIN,cofounder_green_to_brown_temporal_heuristic,"Weak label derived from the co-founder's Google Earth field observation (Delhi->Chandigarh drive, 2026-05-09, large sunflower areas in full bloom near Kurukshetra-Karnal) and her resulting Sentinel-2 temporal hypothesis (April green -> May flowering-period green -> June harvested/brown/ploughed). NOT independently confirmed sunflower ground truth. NOT derived from or cross-checked against AMED crop labels.",0.6933333539962768
8J2R3V34+3X25,30.052626,76.857407,16.0181,390e4874,0.5673276782035828,0.6060760140419006,0.5672277063131332,9.997189044952393e-05,0.3677211403846741,0.39269785284996034,0.397684782743454,0.06742922092477481,0.18667726516723632,0.2551206238567829,0.5107274055480957,0.33876734524965285,0.1574846152216196,0.917,False,0.3964,C,UNCERTAIN,cofounder_green_to_brown_temporal_heuristic,"Weak label derived from the co-founder's Google Earth field observation (Delhi->Chandigarh drive, 2026-05-09, large sunflower areas in full bloom near Kurukshetra-Karnal) and her resulting Sentinel-2 temporal hypothesis (April green -> May flowering-period green -> June harvested/brown/ploughed). NOT independently confirmed sunflower ground truth. NOT derived from or cross-checked against AMED crop labels.",0.6933333539962768
8J2R3V55+439V,30.057744,76.85776,1842.0762,390e4874,0.1402634067667855,0.1160767072190841,0.16454313127506595,-0.024279724508280448,0.07147341309529212,0.06474925170995346,0.08733267361964739,-0.146747052255604,-0.1309192730113864,-0.06227589000071234,0.17632512003183365,0.12863288095427886,0.12331360258965517,0.767,False,0.2137,D,NON_SUNFLOWER_TEMPORAL_NEGATIVE,cofounder_green_to_brown_temporal_heuristic,"Weak label derived from the co-founder's Google Earth field observation (Delhi->Chandigarh drive, 2026-05-09, large sunflower areas in full bloom near Kurukshetra-Karnal) and her resulting Sentinel-2 temporal hypothesis (April green -> May flowering-period green -> June harvested/brown/ploughed). NOT independently confirmed sunflower ground truth. NOT derived from or cross-checked against AMED crop labels.",0.6933333539962768
8J2R3V44+7R5M,30.055592,76.857244,22973.4139,390e4874,0.16083282899795737,0.11486503666549416,0.10930579145102921,0.05152703754692815,0.08962717929056714,0.0705889165776963,0.05400029149482475,-0.11582970173687351,-0.11203661539192714,-0.09555593453022827,0.19048162339901425,0.11569208489447505,0.1122067854055567,0.833,False,0.295,D,NON_SUNFLOWER_TEMPORAL_NEGATIVE,cofounder_green_to_brown_temporal_heuristic,"Weak label derived from the co-founder's Google Earth field observation (Delhi->Chandigarh drive, 2026-05-09, large sunflower areas in full bloom near Kurukshetra-Karnal) and her resulting Sentinel-2 temporal hypothesis (April green -> May flowering-period green -> June harvested/brown/ploughed). NOT independently confirmed sunflower ground truth. NOT derived from or cross-checked against AMED crop labels.",0.6933333539962768
8J2R2VXW+GMPC,30.048831,76.896695,27.5302,390e461c,0.7254201173782349,0.7095536947250366,0.2567025199532509,0.468717597424984,0.5083807557821274,0.5013734519481658,0.15468041598796844,0.29187026619911194,0.31919623017311094,-0.055980604607611895,0.3082052618265152,0.35847850441932677,0.1236723493784666,0.833,False,0.6777,B,SUNFLOWER_WEAK_POSITIVE_MEDIUM,cofounder_green_to_brown_temporal_heuristic,"Weak label derived from the co-founder's Google Earth field observation (Delhi->Chandigarh drive, 2026-05-09, large sunflower areas in full bloom near Kurukshetra-Karnal) and her resulting Sentinel-2 temporal hypothesis (April green -> May flowering-period green -> June harvested/brown/ploughed). NOT independently confirmed sunflower ground truth. NOT derived from or cross-checked against AMED crop labels.",0.6933333539962768
8J2R3W22+GJG3,30.051299,76.901575,3703.0382,390e461c,0.7448146658993904,0.7225821800175167,0.3353757446720486,0.40943892122734177,0.5617237009462857,0.5199539732365381,0.19769924083015042,0.25178092434292754,0.23690593618722194,0.037251048236309245,0.3653632874290148,0.3395989794757158,0.15848638740412538,0.833,False,0.6591,B,SUNFLOWER_WEAK_POSITIVE_MEDIUM,cofounder_green_to_brown_temporal_heuristic,"Weak label derived from the co-founder's Google Earth field observation (Delhi->Chandigarh drive, 2026-05-09, large sunflower areas in full bloom near Kurukshetra-Karnal) and her resulting Sentinel-2 temporal hypothesis (April green -> May flowering-period green -> June harvested/brown/ploughed). NOT independently confirmed sunflower ground truth. NOT derived from or cross-checked against AMED crop labels.",0.6933333539962768
8J2R2VXW+M4M7,30.049176,76.895205,25958.4644,390e461c,0.1809430561807691,0.13533304760843948,0.18469624297351256,-0.003753186792743446,0.09722380239364445,0.06850100814561452,0.1109270607922139,-0.086873172681983,-0.12038541216194172,-0.053611042230135776,0.18860908093399747,0.12690276394845273,0.09746296100039671,0.833,False,0.2214,D,NON_SUNFLOWER_TEMPORAL_NEGATIVE,cofounder_green_to_brown_temporal_heuristic,"Weak label derived from the co-founder's Google Earth field observation (Delhi->Chandigarh drive, 2026-05-09, large sunflower areas in full bloom near Kurukshetra-Karnal) and her resulting Sentinel-2 temporal hypothesis (April green -> May flowering-period green -> June harvested/brown/ploughed). NOT independently confirmed sunflower ground truth. NOT derived from or cross-checked against AMED crop labels.",0.6933333539962768
8J2R3X22+J6W9,30.051603,76.950591,21.022,390e458c,0.16879980266094208,0.18333710432052613,0.11600618809461594,0.05279361456632614,0.09632759541273117,0.08786534368991852,0.020833271866043408,-0.1215311847627163,-0.11314047574996948,-0.11816953370968501,0.1687956228852272,0.11179642882198096,0.14408970375855765,0.75,False,0.2979,D,NON_SUNFLOWER_TEMPORAL_NEGATIVE,cofounder_green_to_brown_temporal_heuristic,"Weak label derived from the co-founder's Google Earth field observation (Delhi->Chandigarh drive, 2026-05-09, large sunflower areas in full bloom near Kurukshetra-Karnal) and her resulting Sentinel-2 temporal hypothesis (April green -> May flowering-period green -> June harvested/brown/ploughed). NOT independently confirmed sunflower ground truth. NOT derived from or cross-checked against AMED crop labels.",0.6933333539962768
8J2R3W2V+P9XM,30.05182,76.94351,1830.9289,390e458c,0.19847202714946535,0.1350116939180427,0.09677707086558696,0.1016949562838784,0.11110531911253929,0.07303335575593843,0.04712437925843039,-0.092394993123081,-0.1468964517116547,-0.1357203443293218,0.2215132787823677,0.1522204069627656,0.11849193316366939,0.75,False,0.3363,D,NON_SUNFLOWER_TEMPORAL_NEGATIVE,cofounder_green_to_brown_temporal_heuristic,"Weak label derived from the co-founder's Google Earth field observation (Delhi->Chandigarh drive, 2026-05-09, large sunflower areas in full bloom near Kurukshetra-Karnal) and her resulting Sentinel-2 temporal hypothesis (April green -> May flowering-period green -> June harvested/brown/ploughed). NOT independently confirmed sunflower ground truth. NOT derived from or cross-checked against AMED crop labels.",0.6933333539962768
8J2R3W3X+9HFQ,30.053304,76.948831,3705.3845,390e458c,0.20388045995717954,0.2084865926206112,0.20368833343187973,0.00019212652529981833,0.11790252417059877,0.13323206906162557,0.12286301183566035,-0.07105458199623085,-0.11088291801423544,-0.09704726931476404,0.2127820991334461,0.0633002424523944,0.14147271996452696,0.75,False,0.2198,D,NON_SUNFLOWER_TEMPORAL_NEGATIVE,cofounder_green_to_brown_temporal_heuristic,"Weak label derived from the co-founder's Google Earth field observation (Delhi->Chandigarh drive, 2026-05-09, large sunflower areas in full bloom near Kurukshetra-Karnal) and her resulting Sentinel-2 temporal hypothesis (April green -> May flowering-period green -> June harvested/brown/ploughed). NOT independently confirmed sunflower ground truth. NOT derived from or cross-checked against AMED crop labels.",0.6933333539962768
8J2R3X2H+46Q9,30.050329,76.978176,2948.0148,390e4564,0.21789071112871167,0.22406901884824035,0.2551508199837472,-0.037260108855035556,0.15209711405138174,0.1471469375304878,0.1775827610658275,-0.08671982226272423,-0.045763891624907654,-0.0024605493889086768,0.18927296077211694,0.13629525589446226,0.1462761768864261,0.683,False,0.1836,D,NON_SUNFLOWER_TEMPORAL_NEGATIVE,cofounder_green_to_brown_temporal_heuristic,"Weak label derived from the co-founder's Google Earth field observation (Delhi->Chandigarh drive, 2026-05-09, large sunflower areas in full bloom near Kurukshetra-Karnal) and her resulting Sentinel-2 temporal hypothesis (April green -> May flowering-period green -> June harvested/brown/ploughed). NOT independently confirmed sunflower ground truth. NOT derived from or cross-checked against AMED crop labels.",0.6933333539962768
8J2R3X3M+R5X9,30.054553,76.983064,4075.1462,390e4564,0.7348184652981304,0.6992863415252595,0.25773166072747067,0.4770868045706598,0.5691306993720078,0.5265887318622497,0.14875070750713346,0.2301378170294421,0.21999177999262304,-0.039078930788303885,0.42227167103971747,0.32701751362709774,0.1400608657489693,0.75,False,0.6743,B,SUNFLOWER_WEAK_POSITIVE_MEDIUM,cofounder_green_to_brown_temporal_heuristic,"Weak label derived from the co-founder's Google Earth field observation (Delhi->Chandigarh drive, 2026-05-09, large sunflower areas in full bloom near Kurukshetra-Karnal) and her resulting Sentinel-2 temporal hypothesis (April green -> May flowering-period green -> June harvested/brown/ploughed). NOT independently confirmed sunflower ground truth. NOT derived from or cross-checked against AMED crop labels.",0.6933333539962768
8J2R3X5G+WMVX,30.05992,76.976739,51599.1711,390e4564,0.4170130344487753,0.6034443496722298,0.6176783560547844,-0.20066532160600908,0.26463745865288724,0.40125145939031237,0.43373802022012625,0.018932690442521077,0.1511865286537321,0.23634197516383057,0.2658114285086807,0.33398743598926006,0.22990730330183184,0.75,False,0.3299,D,NON_SUNFLOWER_TEMPORAL_NEGATIVE,cofounder_green_to_brown_temporal_heuristic,"Weak label derived from the co-founder's Google Earth field observation (Delhi->Chandigarh drive, 2026-05-09, large sunflower areas in full bloom near Kurukshetra-Karnal) and her resulting Sentinel-2 temporal hypothesis (April green -> May flowering-period green -> June harvested/brown/ploughed). NOT independently confirmed sunflower ground truth. NOT derived from or cross-checked against AMED crop labels.",0.6933333539962768
8J2V22WC+6VR5,30.045601,77.022152,24.0236,390e5abc,0.22563371807336807,0.2915138125419617,0.3885895212491353,-0.16295580317576724,0.13020134717226028,0.1906251236796379,0.2708856612443924,-0.12764346972107887,-0.059846068173646925,0.053037699311971664,0.18001655489206314,0.21500326693058014,0.18076367179552713,0.75,False,0.2061,D,NON_SUNFLOWER_TEMPORAL_NEGATIVE,cofounder_green_to_brown_temporal_heuristic,"Weak label derived from the co-founder's Google Earth field observation (Delhi->Chandigarh drive, 2026-05-09, large sunflower areas in full bloom near Kurukshetra-Karnal) and her resulting Sentinel-2 temporal hypothesis (April green -> May flowering-period green -> June harvested/brown/ploughed). NOT independently confirmed sunflower ground truth. NOT derived from or cross-checked against AMED crop labels.",0.6933333539962768
8J2V22VJ+HHHW,30.043916,77.031548,2076.0236,390e5abc,0.19485818015204534,0.14261581872900328,0.12165409616298146,0.07320408398906388,0.10175766485432784,0.08652129988703464,0.07507459219131206,-0.04733851065652238,-0.09194869101047516,-0.0699066843458072,0.2071327774061097,0.1680191623667876,0.13935965437580042,0.75,False,0.3034,D,NON_SUNFLOWER_TEMPORAL_NEGATIVE,cofounder_green_to_brown_temporal_heuristic,"Weak label derived from the co-founder's Google Earth field observation (Delhi->Chandigarh drive, 2026-05-09, large sunflower areas in full bloom near Kurukshetra-Karnal) and her resulting Sentinel-2 temporal hypothesis (April green -> May flowering-period green -> June harvested/brown/ploughed). NOT independently confirmed sunflower ground truth. NOT derived from or cross-checked against AMED crop labels.",0.6933333539962768
8J2V22WG+Q4FW,30.046898,77.025368,3798.7226,390e5abc,0.1972141523091566,0.19003613083845095,0.13015580360615064,0.06705834870300595,0.12212905305482091,0.10448301434627778,0.08548608756372851,-0.10137427625955925,-0.08836175647226074,-0.08888669941012584,0.20104327035092173,0.2225422185801324,0.12930886429690178,0.75,False,0.3039,D,NON_SUNFLOWER_TEMPORAL_NEGATIVE,cofounder_green_to_brown_temporal_heuristic,"Weak label derived from the co-founder's Google Earth field observation (Delhi->Chandigarh drive, 2026-05-09, large sunflower areas in full bloom near Kurukshetra-Karnal) and her resulting Sentinel-2 temporal hypothesis (April green -> May flowering-period green -> June harvested/brown/ploughed). NOT independently confirmed sunflower ground truth. NOT derived from or cross-checked against AMED crop labels.",0.6933333539962768
8J2R4Q5G+7F42,30.108124,76.776201,42.0498,390e36f4,0.17290310064951578,0.12490836158394814,0.07093153987079859,0.10197156077871719,0.09209986527760823,0.06371110677719116,0.013482076465152204,-0.12789597858985266,-0.12260698154568672,-0.061999063938856125,0.18128799895445505,0.12959835305809975,0.1334246788173914,0.85,False,0.3567,D,NON_SUNFLOWER_TEMPORAL_NEGATIVE,cofounder_green_to_brown_temporal_heuristic,"Weak label derived from the co-founder's Google Earth field observation (Delhi->Chandigarh drive, 2026-05-09, large sunflower areas in full bloom near Kurukshetra-Karnal) and her resulting Sentinel-2 temporal hypothesis (April green -> May flowering-period green -> June harvested/brown/ploughed). NOT independently confirmed sunflower ground truth. NOT derived from or cross-checked against AMED crop labels.",0.6933333539962768
8J2R3QXC+FJV7,30.098731,76.771562,1611.9199,390e36f4,0.24093228531262234,0.1846530739040602,0.1784639521723702,0.06246833314025213,0.1601724507553237,0.1267048736945504,0.10599264143300907,-0.03472635416047914,-0.0023968231731227464,0.0417513048076736,0.1877822464420682,0.13925471165705294,0.13430130756681874,0.85,False,0.2863,D,NON_SUNFLOWER_TEMPORAL_NEGATIVE,cofounder_green_to_brown_temporal_heuristic,"Weak label derived from the co-founder's Google Earth field observation (Delhi->Chandigarh drive, 2026-05-09, large sunflower areas in full bloom near Kurukshetra-Karnal) and her resulting Sentinel-2 temporal hypothesis (April green -> May flowering-period green -> June harvested/brown/ploughed). NOT independently confirmed sunflower ground truth. NOT derived from or cross-checked against AMED crop labels.",0.6933333539962768
8J2R4Q29+XVQ3,30.102414,76.769793,5700.7942,390e36f4,0.7779626872804429,0.707208186512192,0.4204381480502585,0.35752453923018446,0.5420852300193575,0.50696189062049,0.23226809799671172,0.29004943699368996,0.2916862622601911,0.12172301462475538,0.34523162618279457,0.1976328852586448,0.19075125980501373,0.85,False,0.6399,D,NON_SUNFLOWER_TEMPORAL_NEGATIVE,cofounder_green_to_brown_temporal_heuristic,"Weak label derived from the co-founder's Google Earth field observation (Delhi->Chandigarh drive, 2026-05-09, large sunflower areas in full bloom near Kurukshetra-Karnal) and her resulting Sentinel-2 temporal hypothesis (April green -> May flowering-period green -> June harvested/brown/ploughed). NOT independently confirmed sunflower ground truth. NOT derived from or cross-checked against AMED crop labels.",0.6933333539962768
8J2R4R64+58GC,30.110437,76.805826,30.0349,390e363c,0.2550549308458964,0.19732388108968735,0.18330647548039755,0.07174845536549887,0.18017675479253134,0.12165645137429237,0.07768421123425166,-0.07386214037736256,-0.14410819858312607,-0.08498543128371239,0.1837855726480484,0.11720408871769905,0.14730979750553766,0.767,False,0.2855,D,NON_SUNFLOWER_TEMPORAL_NEGATIVE,cofounder_green_to_brown_temporal_heuristic,"Weak label derived from the co-founder's Google Earth field observation (Delhi->Chandigarh drive, 2026-05-09, large sunflower areas in full bloom near Kurukshetra-Karnal) and her resulting Sentinel-2 temporal hypothesis (April green -> May flowering-period green -> June harvested/brown/ploughed). NOT independently confirmed sunflower ground truth. NOT derived from or cross-checked against AMED crop labels.",0.6933333539962768
8J2R4R55+CC5R,30.108487,76.808572,3787.8895,390e363c,0.18234250184010573,0.1420839072929488,0.07199384134124825,0.11034866049885747,0.09435050644808345,0.08233065535831784,0.022594945273508693,-0.11266150560092043,-0.11430620319313474,-0.11062413661016357,0.18190563428733086,0.13563551557146838,0.13420321882047037,0.767,False,0.3579,D,NON_SUNFLOWER_TEMPORAL_NEGATIVE,cofounder_green_to_brown_temporal_heuristic,"Weak label derived from the co-founder's Google Earth field observation (Delhi->Chandigarh drive, 2026-05-09, large sunflower areas in full bloom near Kurukshetra-Karnal) and her resulting Sentinel-2 temporal hypothesis (April green -> May flowering-period green -> June harvested/brown/ploughed). NOT independently confirmed sunflower ground truth. NOT derived from or cross-checked against AMED crop labels.",0.6933333539962768
8J2R4R55+FVMH,30.108413,76.809983,48909.1343,390e363c,0.15891623089421356,0.11078267694808858,0.07875175923719763,0.08016447165701593,0.0865293884242455,0.05588420616265195,0.03214257426768829,-0.10131085120882555,-0.08792036174726969,-0.07598866793029034,0.1690288486810764,0.13068515252328738,0.13898291077824457,0.767,False,0.3246,D,NON_SUNFLOWER_TEMPORAL_NEGATIVE,cofounder_green_to_brown_temporal_heuristic,"Weak label derived from the co-founder's Google Earth field observation (Delhi->Chandigarh drive, 2026-05-09, large sunflower areas in full bloom near Kurukshetra-Karnal) and her resulting Sentinel-2 temporal hypothesis (April green -> May flowering-period green -> June harvested/brown/ploughed). NOT independently confirmed sunflower ground truth. NOT derived from or cross-checked against AMED crop labels.",0.6933333539962768
8J2R4V65+JJ5G,30.111503,76.859123,84.5944,390e49bc,0.16690121839443842,0.15109905302524568,0.1285849343985319,0.0383162839959065,0.07690323020021121,0.07833172976970673,0.062325109262019396,-0.08042196184396744,-0.04038740787655115,0.032567860558629036,0.1604855259259542,0.1693397969007492,0.12750361114740372,0.917,False,0.2909,D,NON_SUNFLOWER_TEMPORAL_NEGATIVE,cofounder_green_to_brown_temporal_heuristic,"Weak label derived from the co-founder's Google Earth field observation (Delhi->Chandigarh drive, 2026-05-09, large sunflower areas in full bloom near Kurukshetra-Karnal) and her resulting Sentinel-2 temporal hypothesis (April green -> May flowering-period green -> June harvested/brown/ploughed). NOT independently confirmed sunflower ground truth. NOT derived from or cross-checked against AMED crop labels.",0.6933333539962768
8J2R4V44+X33Q,30.107343,76.855257,3799.2551,390e49bc,0.16123952468236288,0.11595252559830746,0.12538368452251666,0.03585584015984622,0.09797290239542249,0.06973496079444885,0.03748224767193841,-0.07811683442975793,-0.06025935493276588,0.05208641661253448,0.17053186769286796,0.1294414568248959,0.14235282875597477,0.85,False,0.2769,D,NON_SUNFLOWER_TEMPORAL_NEGATIVE,cofounder_green_to_brown_temporal_heuristic,"Weak label derived from the co-founder's Google Earth field observation (Delhi->Chandigarh drive, 2026-05-09, large sunflower areas in full bloom near Kurukshetra-Karnal) and her resulting Sentinel-2 temporal hypothesis (April green -> May flowering-period green -> June harvested/brown/ploughed). NOT independently confirmed sunflower ground truth. NOT derived from or cross-checked against AMED crop labels.",0.6933333539962768
8J2R4V83+C4XW,30.116114,76.853017,5961.6789,390e49bc,0.619136348667771,0.7582161135294222,0.6636201897353837,-0.04448384106761272,0.40822033004628294,0.5643070370636203,0.4482531942088495,0.18841302552909564,0.3348755141381512,0.3125898688184944,0.2570247515433967,0.22245581470655673,0.21941535510687213,0.85,False,0.4365,C,UNCERTAIN,cofounder_green_to_brown_temporal_heuristic,"Weak label derived from the co-founder's Google Earth field observation (Delhi->Chandigarh drive, 2026-05-09, large sunflower areas in full bloom near Kurukshetra-Karnal) and her resulting Sentinel-2 temporal hypothesis (April green -> May flowering-period green -> June harvested/brown/ploughed). NOT independently confirmed sunflower ground truth. NOT derived from or cross-checked against AMED crop labels.",0.6933333539962768
8J2R4W53+F3H5,30.10866,76.902744,44.0475,390e4924,0.45014992356300354,0.41020542979240415,0.3917683884501457,0.05838153511285782,0.2744307219982147,0.2805271565914154,0.28106921538710594,-0.0273353336378932,0.049607012793421744,0.08982301969081163,0.2223558947443962,0.11443066895008087,0.15967502258718014,0.833,False,0.3383,D,NON_SUNFLOWER_TEMPORAL_NEGATIVE,cofounder_green_to_brown_temporal_heuristic,"Weak label derived from the co-founder's Google Earth field observation (Delhi->Chandigarh drive, 2026-05-09, large sunflower areas in full bloom near Kurukshetra-Karnal) and her resulting Sentinel-2 temporal hypothesis (April green -> May flowering-period green -> June harvested/brown/ploughed). NOT independently confirmed sunflower ground truth. NOT derived from or cross-checked against AMED crop labels.",0.6933333539962768
8J2R4V2X+32RF,30.100215,76.897636,1748.8975,390e4924,0.19845692363996356,0.20723482322125206,0.18277250044047832,0.015684423199485237,0.12319281472573206,0.12085851517018109,0.1255307770555928,-0.059720916998764834,-0.0735444752339806,-0.018253771643642155,0.20866219746688053,0.17770699817509877,0.11915393501874946,0.917,False,0.2584,D,NON_SUNFLOWER_TEMPORAL_NEGATIVE,cofounder_green_to_brown_temporal_heuristic,"Weak label derived from the co-founder's Google Earth field observation (Delhi->Chandigarh drive, 2026-05-09, large sunflower areas in full bloom near Kurukshetra-Karnal) and her resulting Sentinel-2 temporal hypothesis (April green -> May flowering-period green -> June harvested/brown/ploughed). NOT independently confirmed sunflower ground truth. NOT derived from or cross-checked against AMED crop labels.",0.6933333539962768
8J2R4W33+6656,30.102951,76.903155,3338.6043,390e4924,0.1206301995035675,0.10550365271046755,0.06643933216454806,0.05419086733901944,0.05203355580495015,0.04966208011036441,0.02134397012802462,-0.11637882170853792,-0.12500053219911125,-0.12976349779853114,0.1679638006069042,0.10919663692928022,0.10703339524291179,0.767,False,0.3089,D,NON_SUNFLOWER_TEMPORAL_NEGATIVE,cofounder_green_to_brown_temporal_heuristic,"Weak label derived from the co-founder's Google Earth field observation (Delhi->Chandigarh drive, 2026-05-09, large sunflower areas in full bloom near Kurukshetra-Karnal) and her resulting Sentinel-2 temporal hypothesis (April green -> May flowering-period green -> June harvested/brown/ploughed). NOT independently confirmed sunflower ground truth. NOT derived from or cross-checked against AMED crop labels.",0.6933333539962768
8J2R3VXX+FHCG,30.098737,76.898965,3902.7307,390e4924,0.2222028203190319,0.17950226379824535,0.1993838698255995,0.02281895049343241,0.14393968865393647,0.10195448568889073,0.10445201683329237,-0.05514827843488468,-0.12672428306679995,-0.08059337610484256,0.24030535999271607,0.11250475226413634,0.1436191083718433,0.85,False,0.244,D,NON_SUNFLOWER_TEMPORAL_NEGATIVE,cofounder_green_to_brown_temporal_heuristic,"Weak label derived from the co-founder's Google Earth field observation (Delhi->Chandigarh drive, 2026-05-09, large sunflower areas in full bloom near Kurukshetra-Karnal) and her resulting Sentinel-2 temporal hypothesis (April green -> May flowering-period green -> June harvested/brown/ploughed). NOT independently confirmed sunflower ground truth. NOT derived from or cross-checked against AMED crop labels.",0.6933333539962768
8J2R4V4X+2667,30.105222,76.898122,25858.0204,390e4924,0.46099198280835885,0.4659492628929822,0.33057948445469937,0.13041249835365948,0.29437301716626546,0.3124151396103868,0.18675714688697104,0.09362958934229552,0.12214023593352932,0.08937617812339073,0.29384180840899904,0.2664154640407367,0.18335366957289215,0.917,False,0.3946,C,UNCERTAIN,cofounder_green_to_brown_temporal_heuristic,"Weak label derived from the co-founder's Google Earth field observation (Delhi->Chandigarh drive, 2026-05-09, large sunflower areas in full bloom near Kurukshetra-Karnal) and her resulting Sentinel-2 temporal hypothesis (April green -> May flowering-period green -> June harvested/brown/ploughed). NOT independently confirmed sunflower ground truth. NOT derived from or cross-checked against AMED crop labels.",0.6933333539962768
8J2R4W3W+C76V,30.103509,76.945692,1443.0035,390e4ee4,0.16123983843459022,0.1873056436371472,0.13865121743745276,0.02258862099713746,0.09877975993893214,0.1004039735481557,0.06681041133210613,-0.056678864509902074,-0.11211002194451997,-0.13063354955779183,0.1801224760711193,0.13361477189593846,0.1287482226336444,0.683,False,0.2574,D,NON_SUNFLOWER_TEMPORAL_NEGATIVE,cofounder_green_to_brown_temporal_heuristic,"Weak label derived from the co-founder's Google Earth field observation (Delhi->Chandigarh drive, 2026-05-09, large sunflower areas in full bloom near Kurukshetra-Karnal) and her resulting Sentinel-2 temporal hypothesis (April green -> May flowering-period green -> June harvested/brown/ploughed). NOT independently confirmed sunflower ground truth. NOT derived from or cross-checked against AMED crop labels.",0.6933333539962768
8J2R4W4W+FQFV,30.106179,76.947032,2967.0869,390e4ee4,0.6437213709860137,0.5530634540500062,0.2053713971617246,0.4383499738242891,0.4585051344651164,0.3710076307144129,0.10754003338139467,0.22482156729198652,0.20128877908626397,-0.04757421933152158,0.28325764112400287,0.15908490821267618,0.12036533386568826,0.683,True,0.6268,A,SUNFLOWER_WEAK_POSITIVE_HIGH,cofounder_green_to_brown_temporal_heuristic,"Weak label derived from the co-founder's Google Earth field observation (Delhi->Chandigarh drive, 2026-05-09, large sunflower areas in full bloom near Kurukshetra-Karnal) and her resulting Sentinel-2 temporal hypothesis (April green -> May flowering-period green -> June harvested/brown/ploughed). NOT independently confirmed sunflower ground truth. NOT derived from or cross-checked against AMED crop labels.",0.6933333539962768
8J2R4W5V+M7PR,30.109278,76.943313,26893.0526,390e4ee4,0.1947067768499255,0.28948759756982323,0.3954189499467611,-0.2007121730968356,0.1131001809860269,0.1877916493080556,0.25415468358745175,-0.07770167301855202,-0.02594638782782569,0.10781784261688397,0.18616615126530334,0.15839158720026414,0.13174180062691454,0.767,False,0.1972,D,NON_SUNFLOWER_TEMPORAL_NEGATIVE,cofounder_green_to_brown_temporal_heuristic,"Weak label derived from the co-founder's Google Earth field observation (Delhi->Chandigarh drive, 2026-05-09, large sunflower areas in full bloom near Kurukshetra-Karnal) and her resulting Sentinel-2 temporal hypothesis (April green -> May flowering-period green -> June harvested/brown/ploughed). NOT independently confirmed sunflower ground truth. NOT derived from or cross-checked against AMED crop labels.",0.6933333539962768
8J2R4X8M+QC6C,30.116919,76.983511,18.0181,390e4e4c,0.3502459079027176,0.3359288513660431,0.17370165139436722,0.17654425650835037,0.2941028028726578,0.23605839312076568,0.10553771071135998,0.06592521443963051,0.029903926234692336,-0.03583551663905382,0.2457384318113327,0.30988157689571383,0.14005083218216896,0.833,False,0.4069,C,UNCERTAIN,cofounder_green_to_brown_temporal_heuristic,"Weak label derived from the co-founder's Google Earth field observation (Delhi->Chandigarh drive, 2026-05-09, large sunflower areas in full bloom near Kurukshetra-Karnal) and her resulting Sentinel-2 temporal hypothesis (April green -> May flowering-period green -> June harvested/brown/ploughed). NOT independently confirmed sunflower ground truth. NOT derived from or cross-checked against AMED crop labels.",0.6933333539962768
8J2R4X6M+G36J,30.111261,76.982598,2745.2653,390e4e4c,0.6219166951144443,0.4921566707246444,0.15517868271426244,0.4667380124001818,0.377632239504772,0.2817481037886703,0.0858915926724234,0.14030360318172508,0.061575244263033645,-0.06424775999724207,0.33402753084459724,0.2819242279319202,0.08250129483948353,0.833,True,0.6761,A,SUNFLOWER_WEAK_POSITIVE_HIGH,cofounder_green_to_brown_temporal_heuristic,"Weak label derived from the co-founder's Google Earth field observation (Delhi->Chandigarh drive, 2026-05-09, large sunflower areas in full bloom near Kurukshetra-Karnal) and her resulting Sentinel-2 temporal hypothesis (April green -> May flowering-period green -> June harvested/brown/ploughed). NOT independently confirmed sunflower ground truth. NOT derived from or cross-checked against AMED crop labels.",0.6933333539962768
8J2R4X7J+R678,30.114492,76.980605,4022.0566,390e4e4c,0.8217728840453284,0.6603923404500598,0.25491487331705037,0.5668580107282781,0.5547544392091888,0.4622309844763506,0.13304022886344075,0.31501682280074983,0.2557278656001602,0.038618572666780975,0.43789958244278315,0.19703553377517632,0.13152854610580972,0.767,False,0.7196,B,SUNFLOWER_WEAK_POSITIVE_MEDIUM,cofounder_green_to_brown_temporal_heuristic,"Weak label derived from the co-founder's Google Earth field observation (Delhi->Chandigarh drive, 2026-05-09, large sunflower areas in full bloom near Kurukshetra-Karnal) and her resulting Sentinel-2 temporal hypothesis (April green -> May flowering-period green -> June harvested/brown/ploughed). NOT independently confirmed sunflower ground truth. NOT derived from or cross-checked against AMED crop labels.",0.6933333539962768
8J2V423H+5C8R,30.10292,77.028586,48.0464,390e5034,0.5801992565393448,0.5040626645088195,0.6000963598489761,-0.019897103309631348,0.360486164689064,0.3052783563733101,0.3876947984099388,0.058673303574323654,0.07787819355726242,0.18943263590335846,0.33672507107257843,0.3038629084825516,0.20327556878328323,0.667,False,0.3555,C,UNCERTAIN,cofounder_green_to_brown_temporal_heuristic,"Weak label derived from the co-founder's Google Earth field observation (Delhi->Chandigarh drive, 2026-05-09, large sunflower areas in full bloom near Kurukshetra-Karnal) and her resulting Sentinel-2 temporal hypothesis (April green -> May flowering-period green -> June harvested/brown/ploughed). NOT independently confirmed sunflower ground truth. NOT derived from or cross-checked against AMED crop labels.",0.6933333539962768
8J2V422H+FQ58,30.101133,77.029502,2741.1483,390e5034,0.22749501919107779,0.172117879986763,0.1330904383212328,0.09440458086984499,0.11414909795192735,0.09487790251815958,0.07380614589367596,-0.055267897667363286,-0.10186403508497668,-0.10466665718039231,0.2063914407044649,0.16160914504102294,0.11262931781155722,0.667,False,0.3123,D,NON_SUNFLOWER_TEMPORAL_NEGATIVE,cofounder_green_to_brown_temporal_heuristic,"Weak label derived from the co-founder's Google Earth field observation (Delhi->Chandigarh drive, 2026-05-09, large sunflower areas in full bloom near Kurukshetra-Karnal) and her resulting Sentinel-2 temporal hypothesis (April green -> May flowering-period green -> June harvested/brown/ploughed). NOT independently confirmed sunflower ground truth. NOT derived from or cross-checked against AMED crop labels.",0.6933333539962768
8J2V425F+3GGR,30.107737,77.023818,3347.2475,390e5034,0.3354808137648635,0.3063297857013013,0.5258375552517397,-0.1903567414868762,0.15820716853098324,0.17195657541354498,0.3515334608102287,-0.06109227165062394,-0.03699072079681274,0.13709023491375974,0.26534597761929035,0.1922032605028815,0.18855569849687592,0.75,False,0.2449,D,NON_SUNFLOWER_TEMPORAL_NEGATIVE,cofounder_green_to_brown_temporal_heuristic,"Weak label derived from the co-founder's Google Earth field observation (Delhi->Chandigarh drive, 2026-05-09, large sunflower areas in full bloom near Kurukshetra-Karnal) and her resulting Sentinel-2 temporal hypothesis (April green -> May flowering-period green -> June harvested/brown/ploughed). NOT independently confirmed sunflower ground truth. NOT derived from or cross-checked against AMED crop labels.",0.6933333539962768
8J2V423J+VXJQ,30.104642,77.032634,16117.3595,390e5034,0.7075703037420504,0.6675402240704763,0.6060264407832008,0.10154386295884965,0.45830079633269827,0.4219082309056056,0.39515801341400547,0.17228581998402703,0.20978032773937366,0.21985418512131355,0.5063762984375663,0.33017987748214034,0.22215969741420086,0.667,False,0.4764,C,UNCERTAIN,cofounder_green_to_brown_temporal_heuristic,"Weak label derived from the co-founder's Google Earth field observation (Delhi->Chandigarh drive, 2026-05-09, large sunflower areas in full bloom near Kurukshetra-Karnal) and her resulting Sentinel-2 temporal hypothesis (April green -> May flowering-period green -> June harvested/brown/ploughed). NOT independently confirmed sunflower ground truth. NOT derived from or cross-checked against AMED crop labels.",0.6933333539962768
8J2R5Q7G+HWMW,30.163964,76.777298,1231.9464,390e344c,0.7203856971528796,0.7356776781380177,0.6176111325621604,0.10277456459071921,0.506883732146687,0.5329832981030145,0.40055110553900397,0.2298051379621029,0.3059334621454279,0.26352880972748,0.27727368101477623,0.20960668846964836,0.19742058698708811,0.85,False,0.5129,C,UNCERTAIN,cofounder_green_to_brown_temporal_heuristic,"Weak label derived from the co-founder's Google Earth field observation (Delhi->Chandigarh drive, 2026-05-09, large sunflower areas in full bloom near Kurukshetra-Karnal) and her resulting Sentinel-2 temporal hypothesis (April green -> May flowering-period green -> June harvested/brown/ploughed). NOT independently confirmed sunflower ground truth. NOT derived from or cross-checked against AMED crop labels.",0.6933333539962768
8J2R5Q3F+FQXR,30.153689,76.774411,2677.6551,390e344c,0.7527547450292679,0.7080505399831704,0.5384998675435781,0.21425487748568972,0.5345341038136254,0.5255092762942826,0.3236278336761253,0.2847470687258811,0.32704344578087335,0.2484053997322917,0.29410569476229803,0.20746071696547524,0.19066363819209592,0.85,False,0.5698,C,UNCERTAIN,cofounder_green_to_brown_temporal_heuristic,"Weak label derived from the co-founder's Google Earth field observation (Delhi->Chandigarh drive, 2026-05-09, large sunflower areas in full bloom near Kurukshetra-Karnal) and her resulting Sentinel-2 temporal hypothesis (April green -> May flowering-period green -> June harvested/brown/ploughed). NOT independently confirmed sunflower ground truth. NOT derived from or cross-checked against AMED crop labels.",0.6933333539962768
8J2R5Q69+FJW8,30.161288,76.769144,3940.1543,390e344c,0.8070290375638892,0.6820234027173784,0.1556551961435212,0.651373841420368,0.5792036459401803,0.46996551524433827,0.078796000750218,0.34369757164407666,0.3060717603398694,-0.02207301061328811,0.3437167502663754,0.19536436897599035,0.12368499935190709,0.85,True,0.8444,A,SUNFLOWER_WEAK_POSITIVE_HIGH,cofounder_green_to_brown_temporal_heuristic,"Weak label derived from the co-founder's Google Earth field observation (Delhi->Chandigarh drive, 2026-05-09, large sunflower areas in full bloom near Kurukshetra-Karnal) and her resulting Sentinel-2 temporal hypothesis (April green -> May flowering-period green -> June harvested/brown/ploughed). NOT independently confirmed sunflower ground truth. NOT derived from or cross-checked against AMED crop labels.",0.6933333539962768
8J2R5R63+6QJ3,30.160575,76.804395,18.0208,390e3594,0.7108229200045267,0.5746384561061859,0.19519615670045218,0.5156267633040745,0.5530728499094645,0.4247051998972893,0.19165011743704477,0.27704604466756183,0.21646413579583168,-0.003997619263827801,0.28795957565307617,0.16982224956154823,0.1281359096368154,0.767,True,0.7054,A,SUNFLOWER_WEAK_POSITIVE_HIGH,cofounder_green_to_brown_temporal_heuristic,"Weak label derived from the co-founder's Google Earth field observation (Delhi->Chandigarh drive, 2026-05-09, large sunflower areas in full bloom near Kurukshetra-Karnal) and her resulting Sentinel-2 temporal hypothesis (April green -> May flowering-period green -> June harvested/brown/ploughed). NOT independently confirmed sunflower ground truth. NOT derived from or cross-checked against AMED crop labels.",0.6933333539962768
8J2R5R57+J4MM,30.159006,76.812784,2908.3325,390e3594,0.7542912410365211,0.5702073943614959,0.13097568874557813,0.623315552290943,0.5515391965707143,0.3456097603638967,0.07472187639214098,0.35113353596793284,0.2160647400766611,-0.05475742913937817,0.34300311091873376,0.33790237589677175,0.11907735870530206,0.917,True,0.8351,A,SUNFLOWER_WEAK_POSITIVE_HIGH,cofounder_green_to_brown_temporal_heuristic,"Weak label derived from the co-founder's Google Earth field observation (Delhi->Chandigarh drive, 2026-05-09, large sunflower areas in full bloom near Kurukshetra-Karnal) and her resulting Sentinel-2 temporal hypothesis (April green -> May flowering-period green -> June harvested/brown/ploughed). NOT independently confirmed sunflower ground truth. NOT derived from or cross-checked against AMED crop labels.",0.6933333539962768
8J2R5R96+FR6M,30.168693,76.812103,15717.0934,390e3594,0.5020455236588853,0.4887279600473633,0.2949368086655013,0.207108714993384,0.3592597658040746,0.3260396258698569,0.16017036376532492,0.18424232888855652,0.18860333513942265,0.05413425696602689,0.24829292832394692,0.18686443003005318,0.16783758212329342,0.917,False,0.4481,C,UNCERTAIN,cofounder_green_to_brown_temporal_heuristic,"Weak label derived from the co-founder's Google Earth field observation (Delhi->Chandigarh drive, 2026-05-09, large sunflower areas in full bloom near Kurukshetra-Karnal) and her resulting Sentinel-2 temporal hypothesis (April green -> May flowering-period green -> June harvested/brown/ploughed). NOT independently confirmed sunflower ground truth. NOT derived from or cross-checked against AMED crop labels.",0.6933333539962768
8J2R5V85+388P,30.165161,76.85831,44.0487,390e4a44,0.4324576059977214,0.4504796266555786,0.3754992038011551,0.05695840219656628,0.21155019104480743,0.23729192838072777,0.1784190759062767,0.04076852587362131,0.06030822731554508,0.06965036038309336,0.19138199090957642,0.15474886260926723,0.13791074231266975,0.85,False,0.3414,D,NON_SUNFLOWER_TEMPORAL_NEGATIVE,cofounder_green_to_brown_temporal_heuristic,"Weak label derived from the co-founder's Google Earth field observation (Delhi->Chandigarh drive, 2026-05-09, large sunflower areas in full bloom near Kurukshetra-Karnal) and her resulting Sentinel-2 temporal hypothesis (April green -> May flowering-period green -> June harvested/brown/ploughed). NOT independently confirmed sunflower ground truth. NOT derived from or cross-checked against AMED crop labels.",0.6933333539962768
8J2R5V75+X78X,30.164924,76.858198,867.46,390e4a44,0.551516767591238,0.37436633463948965,0.3831342081539333,0.16838255943730474,0.35839451228578884,0.26528600603342056,0.26391733903437853,0.1062719492862622,0.08900416630785912,0.1270472665783018,0.25485686771571636,0.14101370074786246,0.14704853971488774,0.85,False,0.4172,C,UNCERTAIN,cofounder_green_to_brown_temporal_heuristic,"Weak label derived from the co-founder's Google Earth field observation (Delhi->Chandigarh drive, 2026-05-09, large sunflower areas in full bloom near Kurukshetra-Karnal) and her resulting Sentinel-2 temporal hypothesis (April green -> May flowering-period green -> June harvested/brown/ploughed). NOT independently confirmed sunflower ground truth. NOT derived from or cross-checked against AMED crop labels.",0.6933333539962768
8J2R5R6X+JP8G,30.161508,76.849481,2268.5289,390e4a44,0.3003091568296606,0.32451840015974914,0.2899121144842921,0.010397042345368479,0.20068600036279116,0.2365521618136854,0.21317739750851283,0.018709399224719914,0.08374406648517557,0.10820436053627144,0.19859561896083333,0.14421763129983886,0.14470245542399812,0.85,False,0.2518,D,NON_SUNFLOWER_TEMPORAL_NEGATIVE,cofounder_green_to_brown_temporal_heuristic,"Weak label derived from the co-founder's Google Earth field observation (Delhi->Chandigarh drive, 2026-05-09, large sunflower areas in full bloom near Kurukshetra-Karnal) and her resulting Sentinel-2 temporal hypothesis (April green -> May flowering-period green -> June harvested/brown/ploughed). NOT independently confirmed sunflower ground truth. NOT derived from or cross-checked against AMED crop labels.",0.6933333539962768
8J2R5V85+6MGF,30.165463,76.859281,22375.2399,390e4a44,0.3797650830680821,0.35140043121515485,0.14158039391991128,0.23818468914817081,0.2507964855509804,0.23697832225137674,0.07177748131240264,0.06482906336230893,0.06923778695719582,-0.05283459391592224,0.23636888531195058,0.16330334035565658,0.13497686068318332,0.85,False,0.4756,C,UNCERTAIN,cofounder_green_to_brown_temporal_heuristic,"Weak label derived from the co-founder's Google Earth field observation (Delhi->Chandigarh drive, 2026-05-09, large sunflower areas in full bloom near Kurukshetra-Karnal) and her resulting Sentinel-2 temporal hypothesis (April green -> May flowering-period green -> June harvested/brown/ploughed). NOT independently confirmed sunflower ground truth. NOT derived from or cross-checked against AMED crop labels.",0.6933333539962768
8J2R5W84+7J8W,30.165669,76.906591,17.5187,390e4bec,0.30923033754030865,0.21471932530403137,0.12013452500104904,0.1890958125392596,0.21942511200904846,0.174667838960886,0.07790166605263948,0.10108687976996104,0.09564202092587948,-0.05732579214964062,0.15764049688975015,0.1299305111169815,0.12644819915294647,0.85,False,0.4201,C,UNCERTAIN,cofounder_green_to_brown_temporal_heuristic,"Weak label derived from the co-founder's Google Earth field observation (Delhi->Chandigarh drive, 2026-05-09, large sunflower areas in full bloom near Kurukshetra-Karnal) and her resulting Sentinel-2 temporal hypothesis (April green -> May flowering-period green -> June harvested/brown/ploughed). NOT independently confirmed sunflower ground truth. NOT derived from or cross-checked against AMED crop labels.",0.6933333539962768
8J2R5W62+R5MJ,30.162087,76.900395,544.0827,390e4bec,0.7105808953444163,0.6346133003632228,0.19560457952320578,0.5149763158212105,0.519694017039405,0.43174156670769054,0.12710483527431887,0.29619425866338944,0.272004979973038,-0.0053663288708776236,0.28748155385255814,0.2038924265652895,0.13420817473282418,0.85,True,0.7248,A,SUNFLOWER_WEAK_POSITIVE_HIGH,cofounder_green_to_brown_temporal_heuristic,"Weak label derived from the co-founder's Google Earth field observation (Delhi->Chandigarh drive, 2026-05-09, large sunflower areas in full bloom near Kurukshetra-Karnal) and her resulting Sentinel-2 temporal hypothesis (April green -> May flowering-period green -> June harvested/brown/ploughed). NOT independently confirmed sunflower ground truth. NOT derived from or cross-checked against AMED crop labels.",0.6933333539962768
8J2R5W63+XMJC,30.162449,76.904195,1086.1596,390e4bec,0.8097843378782272,0.7287544483939807,0.4088850241775314,0.4008993137006958,0.5696372621589236,0.5168633088469505,0.21985834883525965,0.35331716057327056,0.3561219039062659,0.13361786270979792,0.3487488329410553,0.23149548160533112,0.18792416978006563,0.85,False,0.6643,D,NON_SUNFLOWER_TEMPORAL_NEGATIVE,cofounder_green_to_brown_temporal_heuristic,"Weak label derived from the co-founder's Google Earth field observation (Delhi->Chandigarh drive, 2026-05-09, large sunflower areas in full bloom near Kurukshetra-Karnal) and her resulting Sentinel-2 temporal hypothesis (April green -> May flowering-period green -> June harvested/brown/ploughed). NOT independently confirmed sunflower ground truth. NOT derived from or cross-checked against AMED crop labels.",0.6933333539962768
8J2R5W42+Q66X,30.15692,76.900599,3731.9999,390e4bec,0.23063476742417724,0.3978653751934568,0.5806911022712786,-0.3500563348471014,0.13043481883316957,0.24822967458102438,0.38817987280587357,-0.004314732403145162,0.08477911612701267,0.2300177828098337,0.18598646353240367,0.16825294003097546,0.19127636930594843,0.85,False,0.2386,D,NON_SUNFLOWER_TEMPORAL_NEGATIVE,cofounder_green_to_brown_temporal_heuristic,"Weak label derived from the co-founder's Google Earth field observation (Delhi->Chandigarh drive, 2026-05-09, large sunflower areas in full bloom near Kurukshetra-Karnal) and her resulting Sentinel-2 temporal hypothesis (April green -> May flowering-period green -> June harvested/brown/ploughed). NOT independently confirmed sunflower ground truth. NOT derived from or cross-checked against AMED crop labels.",0.6933333539962768
8J2R5W72+RH32,30.16451,76.901581,24203.8883,390e4bec,0.763007236297593,0.34489777827982443,0.13219677415382497,0.630810462143768,0.5368251082486223,0.2118567680752351,0.07157855101995182,0.3427607964804568,0.0762863848358393,-0.045994862157828435,0.32644114765150917,0.15129111424626732,0.11901033977790249,0.85,True,0.7896,A,SUNFLOWER_WEAK_POSITIVE_HIGH,cofounder_green_to_brown_temporal_heuristic,"Weak label derived from the co-founder's Google Earth field observation (Delhi->Chandigarh drive, 2026-05-09, large sunflower areas in full bloom near Kurukshetra-Karnal) and her resulting Sentinel-2 temporal hypothesis (April green -> May flowering-period green -> June harvested/brown/ploughed). NOT independently confirmed sunflower ground truth. NOT derived from or cross-checked against AMED crop labels.",0.6933333539962768
8J2R5W6R+4JQV,30.160317,76.941657,1521.5749,390e4c3c,0.17500065548552404,0.16246612233420213,0.12219886742532254,0.0528017880602015,0.09820213144024213,0.09581364567081133,0.06792030557990075,-0.07365288477804925,-0.1220109992971023,-0.0627498541919825,0.17298595077461668,0.1240688865383466,0.12476537525653839,0.85,False,0.3009,D,NON_SUNFLOWER_TEMPORAL_NEGATIVE,cofounder_green_to_brown_temporal_heuristic,"Weak label derived from the co-founder's Google Earth field observation (Delhi->Chandigarh drive, 2026-05-09, large sunflower areas in full bloom near Kurukshetra-Karnal) and her resulting Sentinel-2 temporal hypothesis (April green -> May flowering-period green -> June harvested/brown/ploughed). NOT independently confirmed sunflower ground truth. NOT derived from or cross-checked against AMED crop labels.",0.6933333539962768
8J2R5X62+WH33,30.162205,76.951488,3534.1259,390e4c3c,0.178097615984303,0.12756592966616154,0.14459497942071822,0.033502636563584764,0.0972690596072762,0.07293706373052879,0.05446015703596964,-0.0804699049503715,-0.11355045163590048,-0.023586948712666825,0.18598642876302754,0.11825368656880327,0.1274068616330624,0.85,False,0.2682,D,NON_SUNFLOWER_TEMPORAL_NEGATIVE,cofounder_green_to_brown_temporal_heuristic,"Weak label derived from the co-founder's Google Earth field observation (Delhi->Chandigarh drive, 2026-05-09, large sunflower areas in full bloom near Kurukshetra-Karnal) and her resulting Sentinel-2 temporal hypothesis (April green -> May flowering-period green -> June harvested/brown/ploughed). NOT independently confirmed sunflower ground truth. NOT derived from or cross-checked against AMED crop labels.",0.6933333539962768
8J2R5W8W+W945,30.167302,76.946034,3982.1011,390e4c3c,0.17459954244513357,0.14952464911731936,0.11550816720617668,0.059091375238956884,0.09773422209989457,0.07878054068645551,0.062078563152768065,-0.07386506130061453,-0.12696330271483885,-0.0764039941021197,0.1841529987397648,0.13051771603169898,0.11962186629396111,0.85,False,0.3065,D,NON_SUNFLOWER_TEMPORAL_NEGATIVE,cofounder_green_to_brown_temporal_heuristic,"Weak label derived from the co-founder's Google Earth field observation (Delhi->Chandigarh drive, 2026-05-09, large sunflower areas in full bloom near Kurukshetra-Karnal) and her resulting Sentinel-2 temporal hypothesis (April green -> May flowering-period green -> June harvested/brown/ploughed). NOT independently confirmed sunflower ground truth. NOT derived from or cross-checked against AMED crop labels.",0.6933333539962768
8J2R5W8V+772F,30.165572,76.94328,18340.9985,390e4c3c,0.25806109306676944,0.21334711402870607,0.21344048331901067,0.04462060974775878,0.15161782274684074,0.12255818344785381,0.12250600470193994,-0.04388401241528378,-0.053257991976536606,-0.025532110427744715,0.19037814730487393,0.13665552280735282,0.13413072824658118,0.85,False,0.2613,D,NON_SUNFLOWER_TEMPORAL_NEGATIVE,cofounder_green_to_brown_temporal_heuristic,"Weak label derived from the co-founder's Google Earth field observation (Delhi->Chandigarh drive, 2026-05-09, large sunflower areas in full bloom near Kurukshetra-Karnal) and her resulting Sentinel-2 temporal hypothesis (April green -> May flowering-period green -> June harvested/brown/ploughed). NOT independently confirmed sunflower ground truth. NOT derived from or cross-checked against AMED crop labels.",0.6933333539962768
8J2R5X9M+8GVF,30.168362,76.983806,31.5314,390e4dc4,0.15641916791598,0.12895791977643967,0.12163401146729787,0.034785156448682145,0.08518272638320923,0.06819953992962838,0.06671848520636559,-0.10538626213868459,-0.10978595316410064,-0.06489793273309867,0.1687521090110143,0.11973579898476601,0.12795750548442206,0.833,False,0.2787,D,NON_SUNFLOWER_TEMPORAL_NEGATIVE,cofounder_green_to_brown_temporal_heuristic,"Weak label derived from the co-founder's Google Earth field observation (Delhi->Chandigarh drive, 2026-05-09, large sunflower areas in full bloom near Kurukshetra-Karnal) and her resulting Sentinel-2 temporal hypothesis (April green -> May flowering-period green -> June harvested/brown/ploughed). NOT independently confirmed sunflower ground truth. NOT derived from or cross-checked against AMED crop labels.",0.6933333539962768
8J2R5X8G+Q92H,30.166842,76.975968,3540.5516,390e4dc4,0.17738900837444124,0.14001055019242423,0.13624592267331623,0.041143085701125015,0.11426245846918652,0.08614917808611477,0.07580959913986068,-0.10544184446334837,-0.07822549518729958,-0.07025895166388225,0.17932867088488172,0.1320084490946361,0.12589238505987896,0.767,False,0.2723,D,NON_SUNFLOWER_TEMPORAL_NEGATIVE,cofounder_green_to_brown_temporal_heuristic,"Weak label derived from the co-founder's Google Earth field observation (Delhi->Chandigarh drive, 2026-05-09, large sunflower areas in full bloom near Kurukshetra-Karnal) and her resulting Sentinel-2 temporal hypothesis (April green -> May flowering-period green -> June harvested/brown/ploughed). NOT independently confirmed sunflower ground truth. NOT derived from or cross-checked against AMED crop labels.",0.6933333539962768
8J2R5XCJ+2QM3,30.169983,76.982105,21236.3899,390e4dc4,0.18418112316186167,0.14728016441560104,0.1362485306521342,0.04793259250972748,0.10637681763912306,0.08563079252491745,0.074858137674214,-0.08075626262694126,-0.11667906190996791,-0.07835371116441388,0.18479720593692575,0.0988229310611506,0.11435650871301839,0.833,False,0.2858,D,NON_SUNFLOWER_TEMPORAL_NEGATIVE,cofounder_green_to_brown_temporal_heuristic,"Weak label derived from the co-founder's Google Earth field observation (Delhi->Chandigarh drive, 2026-05-09, large sunflower areas in full bloom near Kurukshetra-Karnal) and her resulting Sentinel-2 temporal hypothesis (April green -> May flowering-period green -> June harvested/brown/ploughed). NOT independently confirmed sunflower ground truth. NOT derived from or cross-checked against AMED crop labels.",0.6933333539962768
8J2V525C+5WG8,30.157951,77.022401,1870.8003,390e521c,0.12978008495909824,0.1333929717540741,0.13301037518041478,-0.003230290221316545,0.061738889574790234,0.07473869522412617,0.06563626850644748,-0.12178881750220344,-0.09232571514633794,-0.09036768826522998,0.17894589924623094,0.13196847240130108,0.13535198249987196,0.75,False,0.2372,D,NON_SUNFLOWER_TEMPORAL_NEGATIVE,cofounder_green_to_brown_temporal_heuristic,"Weak label derived from the co-founder's Google Earth field observation (Delhi->Chandigarh drive, 2026-05-09, large sunflower areas in full bloom near Kurukshetra-Karnal) and her resulting Sentinel-2 temporal hypothesis (April green -> May flowering-period green -> June harvested/brown/ploughed). NOT independently confirmed sunflower ground truth. NOT derived from or cross-checked against AMED crop labels.",0.6933333539962768
8J2V526C+8X6H,30.160732,77.022476,4045.3906,390e521c,0.147912288114192,0.11045578756325303,0.10681460904223578,0.04109767907195622,0.07983072827910147,0.058614429274928714,0.049704295649592375,-0.09826434912189604,-0.1350402706967933,-0.13035194841878756,0.17371083778284846,0.1182859174552418,0.12401815565923849,0.683,False,0.2721,D,NON_SUNFLOWER_TEMPORAL_NEGATIVE,cofounder_green_to_brown_temporal_heuristic,"Weak label derived from the co-founder's Google Earth field observation (Delhi->Chandigarh drive, 2026-05-09, large sunflower areas in full bloom near Kurukshetra-Karnal) and her resulting Sentinel-2 temporal hypothesis (April green -> May flowering-period green -> June harvested/brown/ploughed). NOT independently confirmed sunflower ground truth. NOT derived from or cross-checked against AMED crop labels.",0.6933333539962768
8J2V526H+2X8P,30.160159,77.030039,16432.0097,390e521c,0.1957981164883885,0.12645525830713183,0.10662203771297377,0.08917607877541472,0.10375226449271546,0.06697771604727916,0.05134061578957533,-0.07539711154445454,-0.13778383415756804,-0.13876241152033658,0.18887593218373125,0.12883332671992714,0.12925191865199148,0.75,False,0.32,D,NON_SUNFLOWER_TEMPORAL_NEGATIVE,cofounder_green_to_brown_temporal_heuristic,"Weak label derived from the co-founder's Google Earth field observation (Delhi->Chandigarh drive, 2026-05-09, large sunflower areas in full bloom near Kurukshetra-Karnal) and her resulting Sentinel-2 temporal hypothesis (April green -> May flowering-period green -> June harvested/brown/ploughed). NOT independently confirmed sunflower ground truth. NOT derived from or cross-checked against AMED crop labels.",0.6933333539962768
8J2R6Q9G+F766,30.218661,76.775635,51.5601,390e34d4,0.4581955671310425,0.3337235525250435,0.4779919385910034,-0.019796371459960938,0.23149688045183817,0.1544657051563263,0.27259133756160736,0.07173511137564977,0.04171552648767829,0.1605773369471232,0.28311487038930255,0.17302224412560463,0.20514343678951263,0.767,False,0.2921,D,NON_SUNFLOWER_TEMPORAL_NEGATIVE,cofounder_green_to_brown_temporal_heuristic,"Weak label derived from the co-founder's Google Earth field observation (Delhi->Chandigarh drive, 2026-05-09, large sunflower areas in full bloom near Kurukshetra-Karnal) and her resulting Sentinel-2 temporal hypothesis (April green -> May flowering-period green -> June harvested/brown/ploughed). NOT independently confirmed sunflower ground truth. NOT derived from or cross-checked against AMED crop labels.",0.6933333539962768
8J2R6Q9G+44G4,30.21773,76.775378,1107.7911,390e34d4,0.4525935308800803,0.2549492547909419,0.33804920845561554,0.11454432242446477,0.26055219819148384,0.14879482487837475,0.18268623492783972,0.009943440810052882,-0.019624251732602717,0.07010645870533254,0.23471486270427702,0.1469865204145511,0.1675788703891966,0.767,False,0.328,D,NON_SUNFLOWER_TEMPORAL_NEGATIVE,cofounder_green_to_brown_temporal_heuristic,"Weak label derived from the co-founder's Google Earth field observation (Delhi->Chandigarh drive, 2026-05-09, large sunflower areas in full bloom near Kurukshetra-Karnal) and her resulting Sentinel-2 temporal hypothesis (April green -> May flowering-period green -> June harvested/brown/ploughed). NOT independently confirmed sunflower ground truth. NOT derived from or cross-checked against AMED crop labels.",0.6933333539962768
8J2R6Q9H+XVJ4,30.219916,76.779609,3003.9895,390e34d4,0.3110744797521167,0.4334938568373521,0.43523965842194023,-0.12416517866982352,0.16780466064810753,0.2505715219924848,0.2281403359439638,0.0018624398857355125,0.07028249883417932,0.08043006089929906,0.21611193021138506,0.1812557612856229,0.19244586394892796,0.767,False,0.2636,D,NON_SUNFLOWER_TEMPORAL_NEGATIVE,cofounder_green_to_brown_temporal_heuristic,"Weak label derived from the co-founder's Google Earth field observation (Delhi->Chandigarh drive, 2026-05-09, large sunflower areas in full bloom near Kurukshetra-Karnal) and her resulting Sentinel-2 temporal hypothesis (April green -> May flowering-period green -> June harvested/brown/ploughed). NOT independently confirmed sunflower ground truth. NOT derived from or cross-checked against AMED crop labels.",0.6933333539962768
8J2R6Q7C+R6PW,30.214654,76.770654,4024.7088,390e34d4,0.5939118504997284,0.706043108765568,0.5883524293700854,0.005559421129643027,0.3800704355041186,0.5083402677306107,0.3651055280296576,0.16564220022447115,0.28588563066330697,0.27404185971393,0.29266603503908434,0.21278906480542253,0.19167706755817762,0.85,False,0.4205,C,UNCERTAIN,cofounder_green_to_brown_temporal_heuristic,"Weak label derived from the co-founder's Google Earth field observation (Delhi->Chandigarh drive, 2026-05-09, large sunflower areas in full bloom near Kurukshetra-Karnal) and her resulting Sentinel-2 temporal hypothesis (April green -> May flowering-period green -> June harvested/brown/ploughed). NOT independently confirmed sunflower ground truth. NOT derived from or cross-checked against AMED crop labels.",0.6933333539962768
8J2R6Q9H+4QHF,30.217806,76.779872,33306.4369,390e34d4,0.39712937495538164,0.5447269104353325,0.6129970077261236,-0.215867632770742,0.24756900859228523,0.35233632052362085,0.4244507971250677,0.0349295626587744,0.15912990733525587,0.25726574651230893,0.22869492350321896,0.2199741452113031,0.19371677416996816,0.833,False,0.3202,D,NON_SUNFLOWER_TEMPORAL_NEGATIVE,cofounder_green_to_brown_temporal_heuristic,"Weak label derived from the co-founder's Google Earth field observation (Delhi->Chandigarh drive, 2026-05-09, large sunflower areas in full bloom near Kurukshetra-Karnal) and her resulting Sentinel-2 temporal hypothesis (April green -> May flowering-period green -> June harvested/brown/ploughed). NOT independently confirmed sunflower ground truth. NOT derived from or cross-checked against AMED crop labels.",0.6933333539962768
8J2R6RC9+5379,30.220403,76.817697,41.0464,390e3554,0.5537809530893961,0.5098818600177765,0.42537132650613785,0.12840962658325827,0.39586105942726135,0.3706563591957092,0.28591837733983994,0.16755032539367676,0.16464329957962037,0.08584400825202465,0.2697472870349884,0.19612805247306825,0.17804335989058018,0.917,False,0.4326,C,UNCERTAIN,cofounder_green_to_brown_temporal_heuristic,"Weak label derived from the co-founder's Google Earth field observation (Delhi->Chandigarh drive, 2026-05-09, large sunflower areas in full bloom near Kurukshetra-Karnal) and her resulting Sentinel-2 temporal hypothesis (April green -> May flowering-period green -> June harvested/brown/ploughed). NOT independently confirmed sunflower ground truth. NOT derived from or cross-checked against AMED crop labels.",0.6933333539962768
8J2R6RFC+WHFG,30.22485,76.821436,523.0892,390e3554,0.6772391969958941,0.6255464725196361,0.38658155128359795,0.29065764571229613,0.4949292466044426,0.42110372260212897,0.2247031987644732,0.2071282888452212,0.1973670467734337,0.0590792786097154,0.29192974356313545,0.1973632862791419,0.1669139910954982,0.917,False,0.5711,C,UNCERTAIN,cofounder_green_to_brown_temporal_heuristic,"Weak label derived from the co-founder's Google Earth field observation (Delhi->Chandigarh drive, 2026-05-09, large sunflower areas in full bloom near Kurukshetra-Karnal) and her resulting Sentinel-2 temporal hypothesis (April green -> May flowering-period green -> June harvested/brown/ploughed). NOT independently confirmed sunflower ground truth. NOT derived from or cross-checked against AMED crop labels.",0.6933333539962768
8J2R6RCC+7JFC,30.220686,76.821542,1170.8195,390e3554,0.1611891002394259,0.1302211619913578,0.11260506953112781,0.04858403070829809,0.08237276202999057,0.056274712094455025,0.05634625893435441,-0.11051216038564841,-0.09807032481767237,-0.04327489609083083,0.1856833091005683,0.152584592346102,0.1405392635303239,0.917,False,0.3025,D,NON_SUNFLOWER_TEMPORAL_NEGATIVE,cofounder_green_to_brown_temporal_heuristic,"Weak label derived from the co-founder's Google Earth field observation (Delhi->Chandigarh drive, 2026-05-09, large sunflower areas in full bloom near Kurukshetra-Karnal) and her resulting Sentinel-2 temporal hypothesis (April green -> May flowering-period green -> June harvested/brown/ploughed). NOT independently confirmed sunflower ground truth. NOT derived from or cross-checked against AMED crop labels.",0.6933333539962768
8J2R6RF9+3PX4,30.222668,76.81936,2672.5158,390e3554,0.16224374936686622,0.12354672034581504,0.08675839736436805,0.07548535200249817,0.09201954590777556,0.0644580878689885,0.03594155377165104,-0.09826684726609125,-0.08536370067236324,-0.08066919865086675,0.1630744583076901,0.14230788588523866,0.13833837099373342,0.917,False,0.3347,D,NON_SUNFLOWER_TEMPORAL_NEGATIVE,cofounder_green_to_brown_temporal_heuristic,"Weak label derived from the co-founder's Google Earth field observation (Delhi->Chandigarh drive, 2026-05-09, large sunflower areas in full bloom near Kurukshetra-Karnal) and her resulting Sentinel-2 temporal hypothesis (April green -> May flowering-period green -> June harvested/brown/ploughed). NOT independently confirmed sunflower ground truth. NOT derived from or cross-checked against AMED crop labels.",0.6933333539962768
8J2R6R8F+M4XC,30.21661,76.822907,22507.3608,390e3554,0.5458669891522362,0.5579244409529668,0.3764252555076584,0.16944173364457782,0.37425874795928693,0.371957748007943,0.2057830979477666,0.1566098930074031,0.19358079244253085,0.08299573466114599,0.23807385949031365,0.26400547842372146,0.1692831986882684,0.917,False,0.4585,C,UNCERTAIN,cofounder_green_to_brown_temporal_heuristic,"Weak label derived from the co-founder's Google Earth field observation (Delhi->Chandigarh drive, 2026-05-09, large sunflower areas in full bloom near Kurukshetra-Karnal) and her resulting Sentinel-2 temporal hypothesis (April green -> May flowering-period green -> June harvested/brown/ploughed). NOT independently confirmed sunflower ground truth. NOT derived from or cross-checked against AMED crop labels.",0.6933333539962768
8J2R6VG4+9M6J,30.225913,76.856632,18.0198,390e4acc,0.1849176287651062,0.16714540496468544,0.08547869821389516,0.09943893055121104,0.11709952851136525,0.09531196905300021,0.02441748386869828,-0.060352729012568794,-0.10962728038430214,-0.10422466695308685,0.18318740030129751,0.1364719681441784,0.14874260624249777,0.767,False,0.3478,D,NON_SUNFLOWER_TEMPORAL_NEGATIVE,cofounder_green_to_brown_temporal_heuristic,"Weak label derived from the co-founder's Google Earth field observation (Delhi->Chandigarh drive, 2026-05-09, large sunflower areas in full bloom near Kurukshetra-Karnal) and her resulting Sentinel-2 temporal hypothesis (April green -> May flowering-period green -> June harvested/brown/ploughed). NOT independently confirmed sunflower ground truth. NOT derived from or cross-checked against AMED crop labels.",0.6933333539962768
8J2R6VG4+C6V3,30.226058,76.855562,1055.6585,390e4acc,0.20853481524520448,0.20081419482206303,0.1186011323912276,0.08993368285397688,0.12927845720615652,0.12360469550670433,0.06684100498548812,-0.055341434044142566,-0.08950238282947491,-0.07084263385170037,0.1788762534658114,0.13936231533686322,0.14993952504462665,0.767,False,0.3312,D,NON_SUNFLOWER_TEMPORAL_NEGATIVE,cofounder_green_to_brown_temporal_heuristic,"Weak label derived from the co-founder's Google Earth field observation (Delhi->Chandigarh drive, 2026-05-09, large sunflower areas in full bloom near Kurukshetra-Karnal) and her resulting Sentinel-2 temporal hypothesis (April green -> May flowering-period green -> June harvested/brown/ploughed). NOT independently confirmed sunflower ground truth. NOT derived from or cross-checked against AMED crop labels.",0.6933333539962768
8J2R6VG4+6JG3,30.22554,76.856424,3881.2566,390e4acc,0.26623880177263226,0.1720033519945684,0.08293579959325374,0.1833030021793785,0.16424046391769057,0.10426607987444317,0.03506319992436421,-0.02716961191109722,-0.05874657130334526,-0.10450439095970183,0.2033247205000075,0.14723794432800438,0.15153702360297008,0.767,False,0.4163,D,NON_SUNFLOWER_TEMPORAL_NEGATIVE,cofounder_green_to_brown_temporal_heuristic,"Weak label derived from the co-founder's Google Earth field observation (Delhi->Chandigarh drive, 2026-05-09, large sunflower areas in full bloom near Kurukshetra-Karnal) and her resulting Sentinel-2 temporal hypothesis (April green -> May flowering-period green -> June harvested/brown/ploughed). NOT independently confirmed sunflower ground truth. NOT derived from or cross-checked against AMED crop labels.",0.6933333539962768
8J2R6W92+HM7F,30.21891,76.901669,23.0244,390e4b44,0.14002367854118347,0.10946954600512981,0.0953143189350764,0.04470935960610707,0.06542609259486198,0.05983229726552963,0.04003753140568733,-0.07817856967449188,-0.08890950866043568,-0.0761771189669768,0.18735836446285248,0.13392032869160175,0.1320375402768453,0.683,False,0.2802,D,NON_SUNFLOWER_TEMPORAL_NEGATIVE,cofounder_green_to_brown_temporal_heuristic,"Weak label derived from the co-founder's Google Earth field observation (Delhi->Chandigarh drive, 2026-05-09, large sunflower areas in full bloom near Kurukshetra-Karnal) and her resulting Sentinel-2 temporal hypothesis (April green -> May flowering-period green -> June harvested/brown/ploughed). NOT independently confirmed sunflower ground truth. NOT derived from or cross-checked against AMED crop labels.",0.6933333539962768
8J2R6W73+84WC,30.213351,76.902809,901.4549,390e4b44,0.2573817869027456,0.16223107200736803,0.11965017289751106,0.13773161400523454,0.1623574135204156,0.13297394888165098,0.07726174644711944,-0.11107547821787496,-0.043972876291566834,-0.0679751635891282,0.2463176492601633,0.12629420605177683,0.12581385982533297,0.683,False,0.3526,D,NON_SUNFLOWER_TEMPORAL_NEGATIVE,cofounder_green_to_brown_temporal_heuristic,"Weak label derived from the co-founder's Google Earth field observation (Delhi->Chandigarh drive, 2026-05-09, large sunflower areas in full bloom near Kurukshetra-Karnal) and her resulting Sentinel-2 temporal hypothesis (April green -> May flowering-period green -> June harvested/brown/ploughed). NOT independently confirmed sunflower ground truth. NOT derived from or cross-checked against AMED crop labels.",0.6933333539962768
8J2R6W93+3CCR,30.217673,76.903435,2394.0326,390e4b44,0.6335071136554081,0.5738507923980554,0.14829179880519705,0.4852153148502111,0.4334091052412987,0.37854350792864966,0.05632339000391463,0.19204900364081068,0.20196655904874206,-0.009744826999182502,0.33036676521102587,0.18781168721616265,0.14915154290695984,0.6,True,0.6867,A,SUNFLOWER_WEAK_POSITIVE_HIGH,cofounder_green_to_brown_temporal_heuristic,"Weak label derived from the co-founder's Google Earth field observation (Delhi->Chandigarh drive, 2026-05-09, large sunflower areas in full bloom near Kurukshetra-Karnal) and her resulting Sentinel-2 temporal hypothesis (April green -> May flowering-period green -> June harvested/brown/ploughed). NOT independently confirmed sunflower ground truth. NOT derived from or cross-checked against AMED crop labels.",0.6933333539962768
8J2R6WC2+6WW3,30.220547,76.902397,3961.1923,390e4b44,0.11675001969117493,0.19385709196683903,0.3371343975738874,-0.22038437788271248,0.05995124305731485,0.10965216474696285,0.19053596505037848,-0.07668212051725104,-0.04188301506274867,0.07581167653321273,0.1507408098273334,0.13817898600938772,0.16399749433473934,0.683,False,0.1446,D,NON_SUNFLOWER_TEMPORAL_NEGATIVE,cofounder_green_to_brown_temporal_heuristic,"Weak label derived from the co-founder's Google Earth field observation (Delhi->Chandigarh drive, 2026-05-09, large sunflower areas in full bloom near Kurukshetra-Karnal) and her resulting Sentinel-2 temporal hypothesis (April green -> May flowering-period green -> June harvested/brown/ploughed). NOT independently confirmed sunflower ground truth. NOT derived from or cross-checked against AMED crop labels.",0.6933333539962768
8J2R6W8R+PJ9H,30.216781,76.941622,22.0226,390e4cc4,0.2071891650557518,0.570619136095047,0.6744517882664999,-0.4672626232107481,0.13178276643157005,0.2985280863940716,0.4214362899462382,-0.0003120005130767822,0.08839345816522837,0.15970431764920553,0.1650344431400299,0.2019660770893097,0.24327022830645242,0.683,False,0.2482,D,NON_SUNFLOWER_TEMPORAL_NEGATIVE,cofounder_green_to_brown_temporal_heuristic,"Weak label derived from the co-founder's Google Earth field observation (Delhi->Chandigarh drive, 2026-05-09, large sunflower areas in full bloom near Kurukshetra-Karnal) and her resulting Sentinel-2 temporal hypothesis (April green -> May flowering-period green -> June harvested/brown/ploughed). NOT independently confirmed sunflower ground truth. NOT derived from or cross-checked against AMED crop labels.",0.6933333539962768
8J2R6WCR+XH56,30.222351,76.941489,613.1276,390e4cc4,0.38357093278318644,0.3090287819504738,0.40158943583567935,-0.018018503052492918,0.23784397542476654,0.19371633091941476,0.25501839506129426,0.0030070939101278778,0.026558914629276842,0.08624786976724863,0.23100942187011242,0.14801452937535942,0.15317074116319418,0.683,False,0.2545,D,NON_SUNFLOWER_TEMPORAL_NEGATIVE,cofounder_green_to_brown_temporal_heuristic,"Weak label derived from the co-founder's Google Earth field observation (Delhi->Chandigarh drive, 2026-05-09, large sunflower areas in full bloom near Kurukshetra-Karnal) and her resulting Sentinel-2 temporal hypothesis (April green -> May flowering-period green -> June harvested/brown/ploughed). NOT independently confirmed sunflower ground truth. NOT derived from or cross-checked against AMED crop labels.",0.6933333539962768
8J2R6WFX+X938,30.22485,76.948345,3280.3361,390e4cc4,0.4184171926407587,0.4021219738005173,0.28755684007727905,0.13086035256347966,0.26671796070323106,0.24148352594957467,0.17492260006330315,0.040192373407383755,0.05098943525393095,-0.0025306854522713098,0.2765555449184917,0.1669952404197483,0.147245965602379,0.683,False,0.345,D,NON_SUNFLOWER_TEMPORAL_NEGATIVE,cofounder_green_to_brown_temporal_heuristic,"Weak label derived from the co-founder's Google Earth field observation (Delhi->Chandigarh drive, 2026-05-09, large sunflower areas in full bloom near Kurukshetra-Karnal) and her resulting Sentinel-2 temporal hypothesis (April green -> May flowering-period green -> June harvested/brown/ploughed). NOT independently confirmed sunflower ground truth. NOT derived from or cross-checked against AMED crop labels.",0.6933333539962768
8J2R6W9X+2V9C,30.217496,76.94985,11988.1946,390e4cc4,0.21082625694965065,0.15850773598312545,0.10817396152241711,0.10265229542723354,0.133113506078524,0.08916242719605133,0.049532466103412644,-0.050770296853060184,-0.018346647629521998,-0.06053660603101249,0.2016620425703494,0.13339691112847307,0.1221420005241638,0.683,False,0.3296,D,NON_SUNFLOWER_TEMPORAL_NEGATIVE,cofounder_green_to_brown_temporal_heuristic,"Weak label derived from the co-founder's Google Earth field observation (Delhi->Chandigarh drive, 2026-05-09, large sunflower areas in full bloom near Kurukshetra-Karnal) and her resulting Sentinel-2 temporal hypothesis (April green -> May flowering-period green -> June harvested/brown/ploughed). NOT independently confirmed sunflower ground truth. NOT derived from or cross-checked against AMED crop labels.",0.6933333539962768
8J2R6XHG+R9QG,30.229585,76.975985,38.0377,390e4d3c,0.5596784353256226,0.45656440407037735,0.36055608093738556,0.199122354388237,0.34772443771362305,0.2673526369035244,0.2830473929643631,-0.008399067912250757,-0.049928899854421616,-0.21120182424783707,0.3428015112876892,0.1676248088479042,0.14323683828115463,0.6,False,0.4253,C,UNCERTAIN,cofounder_green_to_brown_temporal_heuristic,"Weak label derived from the co-founder's Google Earth field observation (Delhi->Chandigarh drive, 2026-05-09, large sunflower areas in full bloom near Kurukshetra-Karnal) and her resulting Sentinel-2 temporal hypothesis (April green -> May flowering-period green -> June harvested/brown/ploughed). NOT independently confirmed sunflower ground truth. NOT derived from or cross-checked against AMED crop labels.",0.6933333539962768
8J2R6XHM+3FHP,30.227641,76.983791,3050.5041,390e4d3c,0.1655458432932695,0.15209430406490962,0.120443611467878,0.045102231825391484,0.11250894914070766,0.10098199395773311,0.07722824945424994,-0.07573846026013295,-0.07936518254282418,-0.045888041829069456,0.19085669542352357,0.13066743345310294,0.14386364420255024,0.6,False,0.2686,D,NON_SUNFLOWER_TEMPORAL_NEGATIVE,cofounder_green_to_brown_temporal_heuristic,"Weak label derived from the co-founder's Google Earth field observation (Delhi->Chandigarh drive, 2026-05-09, large sunflower areas in full bloom near Kurukshetra-Karnal) and her resulting Sentinel-2 temporal hypothesis (April green -> May flowering-period green -> June harvested/brown/ploughed). NOT independently confirmed sunflower ground truth. NOT derived from or cross-checked against AMED crop labels.",0.6933333539962768
8J2R6XCH+6GQJ,30.22057,76.978952,3440.4077,390e4d3c,0.2123438593828016,0.17868615107403862,0.6163228009310033,-0.40397894154820174,0.13693173840228054,0.09389439421809384,0.3789222778545486,-0.06364832782290047,-0.06340013733521725,0.22894032237430417,0.19641078967187142,0.1304872111003432,0.19268318482985097,0.6,False,0.1646,D,NON_SUNFLOWER_TEMPORAL_NEGATIVE,cofounder_green_to_brown_temporal_heuristic,"Weak label derived from the co-founder's Google Earth field observation (Delhi->Chandigarh drive, 2026-05-09, large sunflower areas in full bloom near Kurukshetra-Karnal) and her resulting Sentinel-2 temporal hypothesis (April green -> May flowering-period green -> June harvested/brown/ploughed). NOT independently confirmed sunflower ground truth. NOT derived from or cross-checked against AMED crop labels.",0.6933333539962768
8J2R6XGH+QW79,30.226893,76.979657,12427.1695,390e4d3c,0.35697844988769956,0.679370188381937,0.6886979180353658,-0.3317194681476663,0.18305068494821042,0.4635709656057535,0.44276468094300336,0.016716428571898072,0.2562286128307244,0.2971637869529701,0.2475348723155481,0.21374641712065098,0.2575796448522144,0.6,False,0.3102,D,NON_SUNFLOWER_TEMPORAL_NEGATIVE,cofounder_green_to_brown_temporal_heuristic,"Weak label derived from the co-founder's Google Earth field observation (Delhi->Chandigarh drive, 2026-05-09, large sunflower areas in full bloom near Kurukshetra-Karnal) and her resulting Sentinel-2 temporal hypothesis (April green -> May flowering-period green -> June harvested/brown/ploughed). NOT independently confirmed sunflower ground truth. NOT derived from or cross-checked against AMED crop labels.",0.6933333539962768
8J2V629H+FQCG,30.218685,77.029383,24.0227,390e5294,0.4182654917240143,0.4041428193449974,0.3503789007663727,0.0678865909576416,0.22975295782089233,0.25356190651655197,0.2099456712603569,-0.01907399483025074,0.009313239075709134,-0.0009770684118848294,0.2183743417263031,0.13725702464580536,0.08285276032984257,0.6,False,0.3077,D,NON_SUNFLOWER_TEMPORAL_NEGATIVE,cofounder_green_to_brown_temporal_heuristic,"Weak label derived from the co-founder's Google Earth field observation (Delhi->Chandigarh drive, 2026-05-09, large sunflower areas in full bloom near Kurukshetra-Karnal) and her resulting Sentinel-2 temporal hypothesis (April green -> May flowering-period green -> June harvested/brown/ploughed). NOT independently confirmed sunflower ground truth. NOT derived from or cross-checked against AMED crop labels.",0.6933333539962768
8J2V628F+Q3JR,30.216964,77.022681,527.0013,390e5294,0.34727495705539535,0.2632071057503874,0.17390002242543479,0.17337493462996056,0.18725147572430698,0.14804929867386818,0.10009820759296417,-0.07477850179103289,-0.11691108777780423,-0.12141205133362251,0.23374543271281503,0.13329949280755085,0.13911539112979715,0.6,False,0.3667,C,UNCERTAIN,cofounder_green_to_brown_temporal_heuristic,"Weak label derived from the co-founder's Google Earth field observation (Delhi->Chandigarh drive, 2026-05-09, large sunflower areas in full bloom near Kurukshetra-Karnal) and her resulting Sentinel-2 temporal hypothesis (April green -> May flowering-period green -> June harvested/brown/ploughed). NOT independently confirmed sunflower ground truth. NOT derived from or cross-checked against AMED crop labels.",0.6933333539962768
8J2V628C+PX53,30.21671,77.022491,3448.781,390e5294,0.27444064598984835,0.2321807687602392,0.19220946311223797,0.08223118287761039,0.1666584822644548,0.1425413797586793,0.10276948422102666,-0.03795438365536606,-0.06240205668912427,-0.03140175104050374,0.23561796764048137,0.1356077133564324,0.11293071862764475,0.6,False,0.2798,D,NON_SUNFLOWER_TEMPORAL_NEGATIVE,cofounder_green_to_brown_temporal_heuristic,"Weak label derived from the co-founder's Google Earth field observation (Delhi->Chandigarh drive, 2026-05-09, large sunflower areas in full bloom near Kurukshetra-Karnal) and her resulting Sentinel-2 temporal hypothesis (April green -> May flowering-period green -> June harvested/brown/ploughed). NOT independently confirmed sunflower ground truth. NOT derived from or cross-checked against AMED crop labels.",0.6933333539962768
8J2V627C+VR4C,30.214517,77.021854,14492.2981,390e5294,0.7895929291381598,0.7165314097952398,0.38133028728066026,0.40826264185749955,0.5416407939625083,0.5066861177545896,0.21587144773217026,0.28757151818446663,0.2965631167627062,0.09689120545416424,0.379864258564407,0.21236644831040627,0.17326244857648143,0.6,False,0.6403,D,NON_SUNFLOWER_TEMPORAL_NEGATIVE,cofounder_green_to_brown_temporal_heuristic,"Weak label derived from the co-founder's Google Earth field observation (Delhi->Chandigarh drive, 2026-05-09, large sunflower areas in full bloom near Kurukshetra-Karnal) and her resulting Sentinel-2 temporal hypothesis (April green -> May flowering-period green -> June harvested/brown/ploughed). NOT independently confirmed sunflower ground truth. NOT derived from or cross-checked against AMED crop labels.",0.6933333539962768
